Maximum,192.8,@,No.892,,,,,,
Minimum,-0.1,@,No.4,,,,,,
Average,56.26,,,,,,,,
Data Quantity,1784,,,,,,,,
Number of NG,0,,,,,,,,
No.,Force,Unit,Displacement,Unit,Judge,Position,Time,Date,
1,0.0,gf,0.000,mm,OK,--,9:27:00 AM,12/27/2024,
2,0.0,gf,0.000,mm,OK,--,9:27:00 AM,12/27/2024,
3,0.2,gf,0.000,mm,OK,--,9:27:00 AM,12/27/2024,
4,-0.1,gf,0.000,mm,OK,--,9:27:01 AM,12/27/2024,
5,0.0,gf,0.000,mm,OK,--,9:27:01 AM,12/27/2024,
6,-0.1,gf,0.000,mm,OK,--,9:27:01 AM,12/27/2024,
7,0.0,gf,0.000,mm,OK,--,9:27:01 AM,12/27/2024,
8,0.0,gf,0.000,mm,OK,--,9:27:01 AM,12/27/2024,
9,-0.1,gf,0.000,mm,OK,--,9:27:01 AM,12/27/2024,
10,0.0,gf,0.000,mm,OK,--,9:27:01 AM,12/27/2024,
11,0.0,gf,0.000,mm,OK,--,9:27:01 AM,12/27/2024,
12,0.0,gf,0.000,mm,OK,--,9:27:01 AM,12/27/2024,
13,0.0,gf,0.000,mm,OK,--,9:27:01 AM,12/27/2024,
14,0.0,gf,0.000,mm,OK,--,9:27:02 AM,12/27/2024,
15,0.0,gf,0.000,mm,OK,--,9:27:02 AM,12/27/2024,
16,0.0,gf,0.000,mm,OK,--,9:27:02 AM,12/27/2024,
17,0.0,gf,0.000,mm,OK,--,9:27:02 AM,12/27/2024,
18,0.0,gf,0.000,mm,OK,--,9:27:02 AM,12/27/2024,
19,0.0,gf,0.000,mm,OK,--,9:27:02 AM,12/27/2024,
20,0.0,gf,0.000,mm,OK,--,9:27:02 AM,12/27/2024,
21,0.0,gf,0.000,mm,OK,--,9:27:02 AM,12/27/2024,
22,0.0,gf,0.000,mm,OK,--,9:27:02 AM,12/27/2024,
23,0.0,gf,0.000,mm,OK,--,9:27:02 AM,12/27/2024,
24,0.0,gf,0.000,mm,OK,--,9:27:03 AM,12/27/2024,
25,0.0,gf,0.000,mm,OK,--,9:27:03 AM,12/27/2024,
26,0.0,gf,0.000,mm,OK,--,9:27:03 AM,12/27/2024,
27,0.0,gf,0.000,mm,OK,--,9:27:03 AM,12/27/2024,
28,0.0,gf,0.005,mm,OK,--,9:27:03 AM,12/27/2024,
29,0.0,gf,0.010,mm,OK,--,9:27:03 AM,12/27/2024,
30,0.0,gf,0.015,mm,OK,--,9:27:03 AM,12/27/2024,
31,0.0,gf,0.025,mm,OK,--,9:27:03 AM,12/27/2024,
32,0.0,gf,0.035,mm,OK,--,9:27:03 AM,12/27/2024,
33,0.0,gf,0.040,mm,OK,--,9:27:03 AM,12/27/2024,
34,0.0,gf,0.040,mm,OK,--,9:27:04 AM,12/27/2024,
35,0.0,gf,0.045,mm,OK,--,9:27:04 AM,12/27/2024,
36,0.0,gf,0.050,mm,OK,--,9:27:04 AM,12/27/2024,
37,0.0,gf,0.050,mm,OK,--,9:27:04 AM,12/27/2024,
38,0.0,gf,0.055,mm,OK,--,9:27:04 AM,12/27/2024,
39,0.0,gf,0.065,mm,OK,--,9:27:04 AM,12/27/2024,
40,0.0,gf,0.070,mm,OK,--,9:27:04 AM,12/27/2024,
41,0.0,gf,0.075,mm,OK,--,9:27:04 AM,12/27/2024,
42,0.0,gf,0.080,mm,OK,--,9:27:04 AM,12/27/2024,
43,0.0,gf,0.080,mm,OK,--,9:27:04 AM,12/27/2024,
44,0.0,gf,0.085,mm,OK,--,9:27:05 AM,12/27/2024,
45,0.0,gf,0.085,mm,OK,--,9:27:05 AM,12/27/2024,
46,0.0,gf,0.090,mm,OK,--,9:27:05 AM,12/27/2024,
47,0.0,gf,0.095,mm,OK,--,9:27:05 AM,12/27/2024,
48,0.0,gf,0.095,mm,OK,--,9:27:05 AM,12/27/2024,
49,0.0,gf,0.100,mm,OK,--,9:27:05 AM,12/27/2024,
50,0.0,gf,0.105,mm,OK,--,9:27:05 AM,12/27/2024,
51,0.0,gf,0.110,mm,OK,--,9:27:05 AM,12/27/2024,
52,0.0,gf,0.110,mm,OK,--,9:27:05 AM,12/27/2024,
53,0.0,gf,0.115,mm,OK,--,9:27:05 AM,12/27/2024,
54,0.0,gf,0.120,mm,OK,--,9:27:06 AM,12/27/2024,
55,0.0,gf,0.125,mm,OK,--,9:27:06 AM,12/27/2024,
56,0.0,gf,0.130,mm,OK,--,9:27:06 AM,12/27/2024,
57,0.0,gf,0.130,mm,OK,--,9:27:06 AM,12/27/2024,
58,0.0,gf,0.140,mm,OK,--,9:27:06 AM,12/27/2024,
59,0.0,gf,0.145,mm,OK,--,9:27:06 AM,12/27/2024,
60,0.0,gf,0.150,mm,OK,--,9:27:06 AM,12/27/2024,
61,0.0,gf,0.155,mm,OK,--,9:27:06 AM,12/27/2024,
62,0.0,gf,0.160,mm,OK,--,9:27:06 AM,12/27/2024,
63,0.0,gf,0.165,mm,OK,--,9:27:06 AM,12/27/2024,
64,0.0,gf,0.165,mm,OK,--,9:27:07 AM,12/27/2024,
65,0.0,gf,0.170,mm,OK,--,9:27:07 AM,12/27/2024,
66,0.0,gf,0.175,mm,OK,--,9:27:07 AM,12/27/2024,
67,0.0,gf,0.185,mm,OK,--,9:27:07 AM,12/27/2024,
68,6.9,gf,0.200,mm,OK,--,9:27:07 AM,12/27/2024,
69,20.1,gf,0.210,mm,OK,--,9:27:07 AM,12/27/2024,
70,26.1,gf,0.220,mm,OK,--,9:27:07 AM,12/27/2024,
71,28.0,gf,0.220,mm,OK,--,9:27:07 AM,12/27/2024,
72,30.6,gf,0.225,mm,OK,--,9:27:07 AM,12/27/2024,
73,32.2,gf,0.225,mm,OK,--,9:27:07 AM,12/27/2024,
74,33.0,gf,0.225,mm,OK,--,9:27:08 AM,12/27/2024,
75,34.6,gf,0.230,mm,OK,--,9:27:08 AM,12/27/2024,
76,35.7,gf,0.230,mm,OK,--,9:27:08 AM,12/27/2024,
77,34.6,gf,0.230,mm,OK,--,9:27:08 AM,12/27/2024,
78,34.8,gf,0.235,mm,OK,--,9:27:08 AM,12/27/2024,
79,34.1,gf,0.235,mm,OK,--,9:27:08 AM,12/27/2024,
80,34.5,gf,0.235,mm,OK,--,9:27:08 AM,12/27/2024,
81,34.3,gf,0.240,mm,OK,--,9:27:08 AM,12/27/2024,
82,34.5,gf,0.240,mm,OK,--,9:27:08 AM,12/27/2024,
83,34.8,gf,0.245,mm,OK,--,9:27:08 AM,12/27/2024,
84,34.2,gf,0.250,mm,OK,--,9:27:09 AM,12/27/2024,
85,34.5,gf,0.250,mm,OK,--,9:27:09 AM,12/27/2024,
86,34.5,gf,0.255,mm,OK,--,9:27:09 AM,12/27/2024,
87,34.5,gf,0.255,mm,OK,--,9:27:09 AM,12/27/2024,
88,34.7,gf,0.260,mm,OK,--,9:27:09 AM,12/27/2024,
89,34.7,gf,0.260,mm,OK,--,9:27:09 AM,12/27/2024,
90,34.9,gf,0.260,mm,OK,--,9:27:09 AM,12/27/2024,
91,35.2,gf,0.265,mm,OK,--,9:27:09 AM,12/27/2024,
92,35.5,gf,0.265,mm,OK,--,9:27:09 AM,12/27/2024,
93,35.4,gf,0.265,mm,OK,--,9:27:09 AM,12/27/2024,
94,36.1,gf,0.270,mm,OK,--,9:27:10 AM,12/27/2024,
95,36.6,gf,0.270,mm,OK,--,9:27:10 AM,12/27/2024,
96,36.8,gf,0.275,mm,OK,--,9:27:10 AM,12/27/2024,
97,37.1,gf,0.280,mm,OK,--,9:27:10 AM,12/27/2024,
98,36.9,gf,0.280,mm,OK,--,9:27:10 AM,12/27/2024,
99,36.8,gf,0.280,mm,OK,--,9:27:10 AM,12/27/2024,
100,36.9,gf,0.280,mm,OK,--,9:27:10 AM,12/27/2024,
101,36.9,gf,0.285,mm,OK,--,9:27:10 AM,12/27/2024,
102,37.0,gf,0.285,mm,OK,--,9:27:10 AM,12/27/2024,
103,37.2,gf,0.285,mm,OK,--,9:27:10 AM,12/27/2024,
104,37.2,gf,0.290,mm,OK,--,9:27:11 AM,12/27/2024,
105,37.3,gf,0.290,mm,OK,--,9:27:11 AM,12/27/2024,
106,37.3,gf,0.295,mm,OK,--,9:27:11 AM,12/27/2024,
107,37.4,gf,0.295,mm,OK,--,9:27:11 AM,12/27/2024,
108,37.5,gf,0.300,mm,OK,--,9:27:11 AM,12/27/2024,
109,37.5,gf,0.300,mm,OK,--,9:27:11 AM,12/27/2024,
110,37.6,gf,0.300,mm,OK,--,9:27:11 AM,12/27/2024,
111,37.6,gf,0.305,mm,OK,--,9:27:11 AM,12/27/2024,
112,37.7,gf,0.305,mm,OK,--,9:27:11 AM,12/27/2024,
113,37.9,gf,0.310,mm,OK,--,9:27:11 AM,12/27/2024,
114,37.9,gf,0.310,mm,OK,--,9:27:12 AM,12/27/2024,
115,37.9,gf,0.315,mm,OK,--,9:27:12 AM,12/27/2024,
116,38.0,gf,0.315,mm,OK,--,9:27:12 AM,12/27/2024,
117,38.1,gf,0.320,mm,OK,--,9:27:12 AM,12/27/2024,
118,38.1,gf,0.320,mm,OK,--,9:27:12 AM,12/27/2024,
119,38.1,gf,0.320,mm,OK,--,9:27:12 AM,12/27/2024,
120,38.3,gf,0.325,mm,OK,--,9:27:12 AM,12/27/2024,
121,38.4,gf,0.325,mm,OK,--,9:27:12 AM,12/27/2024,
122,38.4,gf,0.330,mm,OK,--,9:27:12 AM,12/27/2024,
123,38.5,gf,0.330,mm,OK,--,9:27:12 AM,12/27/2024,
124,38.5,gf,0.330,mm,OK,--,9:27:13 AM,12/27/2024,
125,38.6,gf,0.335,mm,OK,--,9:27:13 AM,12/27/2024,
126,38.7,gf,0.335,mm,OK,--,9:27:13 AM,12/27/2024,
127,38.9,gf,0.335,mm,OK,--,9:27:13 AM,12/27/2024,
128,39.1,gf,0.340,mm,OK,--,9:27:13 AM,12/27/2024,
129,39.3,gf,0.345,mm,OK,--,9:27:13 AM,12/27/2024,
130,39.6,gf,0.350,mm,OK,--,9:27:13 AM,12/27/2024,
131,39.6,gf,0.350,mm,OK,--,9:27:13 AM,12/27/2024,
132,39.8,gf,0.350,mm,OK,--,9:27:13 AM,12/27/2024,
133,39.9,gf,0.355,mm,OK,--,9:27:13 AM,12/27/2024,
134,39.9,gf,0.355,mm,OK,--,9:27:14 AM,12/27/2024,
135,40.1,gf,0.360,mm,OK,--,9:27:14 AM,12/27/2024,
136,40.2,gf,0.360,mm,OK,--,9:27:14 AM,12/27/2024,
137,40.3,gf,0.360,mm,OK,--,9:27:14 AM,12/27/2024,
138,40.5,gf,0.365,mm,OK,--,9:27:14 AM,12/27/2024,
139,40.5,gf,0.365,mm,OK,--,9:27:14 AM,12/27/2024,
140,40.5,gf,0.370,mm,OK,--,9:27:14 AM,12/27/2024,
141,40.6,gf,0.370,mm,OK,--,9:27:14 AM,12/27/2024,
142,40.7,gf,0.370,mm,OK,--,9:27:14 AM,12/27/2024,
143,40.8,gf,0.370,mm,OK,--,9:27:14 AM,12/27/2024,
144,40.6,gf,0.370,mm,OK,--,9:27:15 AM,12/27/2024,
145,40.8,gf,0.375,mm,OK,--,9:27:15 AM,12/27/2024,
146,40.9,gf,0.375,mm,OK,--,9:27:15 AM,12/27/2024,
147,40.8,gf,0.375,mm,OK,--,9:27:15 AM,12/27/2024,
148,41.1,gf,0.375,mm,OK,--,9:27:15 AM,12/27/2024,
149,41.2,gf,0.380,mm,OK,--,9:27:15 AM,12/27/2024,
150,41.2,gf,0.380,mm,OK,--,9:27:15 AM,12/27/2024,
151,41.4,gf,0.385,mm,OK,--,9:27:15 AM,12/27/2024,
152,41.5,gf,0.385,mm,OK,--,9:27:15 AM,12/27/2024,
153,41.7,gf,0.390,mm,OK,--,9:27:15 AM,12/27/2024,
154,41.9,gf,0.395,mm,OK,--,9:27:16 AM,12/27/2024,
155,42.0,gf,0.395,mm,OK,--,9:27:16 AM,12/27/2024,
156,42.3,gf,0.400,mm,OK,--,9:27:16 AM,12/27/2024,
157,42.6,gf,0.405,mm,OK,--,9:27:16 AM,12/27/2024,
158,42.7,gf,0.405,mm,OK,--,9:27:16 AM,12/27/2024,
159,43.0,gf,0.410,mm,OK,--,9:27:16 AM,12/27/2024,
160,43.1,gf,0.415,mm,OK,--,9:27:16 AM,12/27/2024,
161,43.3,gf,0.415,mm,OK,--,9:27:16 AM,12/27/2024,
162,43.4,gf,0.420,mm,OK,--,9:27:16 AM,12/27/2024,
163,43.5,gf,0.425,mm,OK,--,9:27:16 AM,12/27/2024,
164,43.7,gf,0.425,mm,OK,--,9:27:17 AM,12/27/2024,
165,43.8,gf,0.430,mm,OK,--,9:27:17 AM,12/27/2024,
166,44.0,gf,0.435,mm,OK,--,9:27:17 AM,12/27/2024,
167,44.2,gf,0.435,mm,OK,--,9:27:17 AM,12/27/2024,
168,44.3,gf,0.440,mm,OK,--,9:27:17 AM,12/27/2024,
169,44.5,gf,0.440,mm,OK,--,9:27:17 AM,12/27/2024,
170,44.6,gf,0.445,mm,OK,--,9:27:17 AM,12/27/2024,
171,44.8,gf,0.450,mm,OK,--,9:27:17 AM,12/27/2024,
172,44.9,gf,0.450,mm,OK,--,9:27:17 AM,12/27/2024,
173,45.0,gf,0.455,mm,OK,--,9:27:17 AM,12/27/2024,
174,45.1,gf,0.455,mm,OK,--,9:27:18 AM,12/27/2024,
175,45.2,gf,0.460,mm,OK,--,9:27:18 AM,12/27/2024,
176,45.3,gf,0.460,mm,OK,--,9:27:18 AM,12/27/2024,
177,45.4,gf,0.465,mm,OK,--,9:27:18 AM,12/27/2024,
178,45.4,gf,0.465,mm,OK,--,9:27:18 AM,12/27/2024,
179,45.4,gf,0.470,mm,OK,--,9:27:18 AM,12/27/2024,
180,45.6,gf,0.470,mm,OK,--,9:27:18 AM,12/27/2024,
181,45.7,gf,0.475,mm,OK,--,9:27:18 AM,12/27/2024,
182,45.7,gf,0.475,mm,OK,--,9:27:18 AM,12/27/2024,
183,45.8,gf,0.480,mm,OK,--,9:27:18 AM,12/27/2024,
184,45.7,gf,0.485,mm,OK,--,9:27:19 AM,12/27/2024,
185,45.9,gf,0.485,mm,OK,--,9:27:19 AM,12/27/2024,
186,46.0,gf,0.490,mm,OK,--,9:27:19 AM,12/27/2024,
187,46.1,gf,0.495,mm,OK,--,9:27:19 AM,12/27/2024,
188,46.2,gf,0.500,mm,OK,--,9:27:19 AM,12/27/2024,
189,46.2,gf,0.500,mm,OK,--,9:27:19 AM,12/27/2024,
190,46.4,gf,0.505,mm,OK,--,9:27:19 AM,12/27/2024,
191,46.5,gf,0.510,mm,OK,--,9:27:19 AM,12/27/2024,
192,46.5,gf,0.510,mm,OK,--,9:27:19 AM,12/27/2024,
193,46.6,gf,0.515,mm,OK,--,9:27:19 AM,12/27/2024,
194,46.7,gf,0.520,mm,OK,--,9:27:20 AM,12/27/2024,
195,46.7,gf,0.520,mm,OK,--,9:27:20 AM,12/27/2024,
196,46.9,gf,0.525,mm,OK,--,9:27:20 AM,12/27/2024,
197,47.1,gf,0.530,mm,OK,--,9:27:20 AM,12/27/2024,
198,47.2,gf,0.535,mm,OK,--,9:27:20 AM,12/27/2024,
199,47.2,gf,0.540,mm,OK,--,9:27:20 AM,12/27/2024,
200,47.4,gf,0.545,mm,OK,--,9:27:20 AM,12/27/2024,
201,47.6,gf,0.550,mm,OK,--,9:27:20 AM,12/27/2024,
202,47.7,gf,0.555,mm,OK,--,9:27:20 AM,12/27/2024,
203,47.8,gf,0.560,mm,OK,--,9:27:20 AM,12/27/2024,
204,48.0,gf,0.565,mm,OK,--,9:27:21 AM,12/27/2024,
205,48.1,gf,0.570,mm,OK,--,9:27:21 AM,12/27/2024,
206,48.3,gf,0.575,mm,OK,--,9:27:21 AM,12/27/2024,
207,48.5,gf,0.580,mm,OK,--,9:27:21 AM,12/27/2024,
208,48.4,gf,0.580,mm,OK,--,9:27:21 AM,12/27/2024,
209,48.4,gf,0.580,mm,OK,--,9:27:21 AM,12/27/2024,
210,48.6,gf,0.585,mm,OK,--,9:27:21 AM,12/27/2024,
211,48.3,gf,0.585,mm,OK,--,9:27:21 AM,12/27/2024,
212,48.6,gf,0.590,mm,OK,--,9:27:21 AM,12/27/2024,
213,48.4,gf,0.590,mm,OK,--,9:27:21 AM,12/27/2024,
214,48.6,gf,0.590,mm,OK,--,9:27:22 AM,12/27/2024,
215,48.6,gf,0.595,mm,OK,--,9:27:22 AM,12/27/2024,
216,48.6,gf,0.595,mm,OK,--,9:27:22 AM,12/27/2024,
217,48.6,gf,0.595,mm,OK,--,9:27:22 AM,12/27/2024,
218,48.7,gf,0.595,mm,OK,--,9:27:22 AM,12/27/2024,
219,48.8,gf,0.600,mm,OK,--,9:27:22 AM,12/27/2024,
220,48.7,gf,0.600,mm,OK,--,9:27:22 AM,12/27/2024,
221,48.7,gf,0.600,mm,OK,--,9:27:22 AM,12/27/2024,
222,48.8,gf,0.600,mm,OK,--,9:27:22 AM,12/27/2024,
223,48.8,gf,0.600,mm,OK,--,9:27:22 AM,12/27/2024,
224,48.8,gf,0.600,mm,OK,--,9:27:23 AM,12/27/2024,
225,48.8,gf,0.600,mm,OK,--,9:27:23 AM,12/27/2024,
226,48.7,gf,0.600,mm,OK,--,9:27:23 AM,12/27/2024,
227,48.8,gf,0.605,mm,OK,--,9:27:23 AM,12/27/2024,
228,49.0,gf,0.605,mm,OK,--,9:27:23 AM,12/27/2024,
229,49.0,gf,0.605,mm,OK,--,9:27:23 AM,12/27/2024,
230,49.1,gf,0.605,mm,OK,--,9:27:23 AM,12/27/2024,
231,49.0,gf,0.605,mm,OK,--,9:27:23 AM,12/27/2024,
232,48.9,gf,0.610,mm,OK,--,9:27:23 AM,12/27/2024,
233,49.0,gf,0.610,mm,OK,--,9:27:23 AM,12/27/2024,
234,49.0,gf,0.610,mm,OK,--,9:27:24 AM,12/27/2024,
235,49.3,gf,0.610,mm,OK,--,9:27:24 AM,12/27/2024,
236,49.3,gf,0.615,mm,OK,--,9:27:24 AM,12/27/2024,
237,49.2,gf,0.620,mm,OK,--,9:27:24 AM,12/27/2024,
238,49.2,gf,0.625,mm,OK,--,9:27:24 AM,12/27/2024,
239,49.1,gf,0.625,mm,OK,--,9:27:24 AM,12/27/2024,
240,49.1,gf,0.625,mm,OK,--,9:27:24 AM,12/27/2024,
241,49.0,gf,0.630,mm,OK,--,9:27:24 AM,12/27/2024,
242,49.0,gf,0.630,mm,OK,--,9:27:24 AM,12/27/2024,
243,48.9,gf,0.630,mm,OK,--,9:27:24 AM,12/27/2024,
244,48.8,gf,0.635,mm,OK,--,9:27:25 AM,12/27/2024,
245,48.8,gf,0.635,mm,OK,--,9:27:25 AM,12/27/2024,
246,48.7,gf,0.635,mm,OK,--,9:27:25 AM,12/27/2024,
247,48.6,gf,0.635,mm,OK,--,9:27:25 AM,12/27/2024,
248,48.6,gf,0.640,mm,OK,--,9:27:25 AM,12/27/2024,
249,48.6,gf,0.640,mm,OK,--,9:27:25 AM,12/27/2024,
250,48.6,gf,0.640,mm,OK,--,9:27:25 AM,12/27/2024,
251,48.6,gf,0.640,mm,OK,--,9:27:25 AM,12/27/2024,
252,48.5,gf,0.645,mm,OK,--,9:27:25 AM,12/27/2024,
253,48.4,gf,0.645,mm,OK,--,9:27:25 AM,12/27/2024,
254,48.4,gf,0.645,mm,OK,--,9:27:26 AM,12/27/2024,
255,48.3,gf,0.645,mm,OK,--,9:27:26 AM,12/27/2024,
256,48.1,gf,0.645,mm,OK,--,9:27:26 AM,12/27/2024,
257,48.1,gf,0.650,mm,OK,--,9:27:26 AM,12/27/2024,
258,48.2,gf,0.650,mm,OK,--,9:27:26 AM,12/27/2024,
259,48.1,gf,0.650,mm,OK,--,9:27:26 AM,12/27/2024,
260,48.1,gf,0.650,mm,OK,--,9:27:26 AM,12/27/2024,
261,48.1,gf,0.650,mm,OK,--,9:27:26 AM,12/27/2024,
262,48.1,gf,0.650,mm,OK,--,9:27:26 AM,12/27/2024,
263,48.1,gf,0.650,mm,OK,--,9:27:26 AM,12/27/2024,
264,48.1,gf,0.655,mm,OK,--,9:27:27 AM,12/27/2024,
265,48.1,gf,0.655,mm,OK,--,9:27:27 AM,12/27/2024,
266,48.2,gf,0.655,mm,OK,--,9:27:27 AM,12/27/2024,
267,48.2,gf,0.660,mm,OK,--,9:27:27 AM,12/27/2024,
268,48.2,gf,0.660,mm,OK,--,9:27:27 AM,12/27/2024,
269,48.0,gf,0.665,mm,OK,--,9:27:27 AM,12/27/2024,
270,47.7,gf,0.670,mm,OK,--,9:27:27 AM,12/27/2024,
271,47.5,gf,0.670,mm,OK,--,9:27:27 AM,12/27/2024,
272,47.5,gf,0.675,mm,OK,--,9:27:27 AM,12/27/2024,
273,47.4,gf,0.675,mm,OK,--,9:27:27 AM,12/27/2024,
274,47.3,gf,0.675,mm,OK,--,9:27:28 AM,12/27/2024,
275,47.3,gf,0.680,mm,OK,--,9:27:28 AM,12/27/2024,
276,47.1,gf,0.685,mm,OK,--,9:27:28 AM,12/27/2024,
277,46.7,gf,0.685,mm,OK,--,9:27:28 AM,12/27/2024,
278,46.5,gf,0.690,mm,OK,--,9:27:28 AM,12/27/2024,
279,46.4,gf,0.690,mm,OK,--,9:27:28 AM,12/27/2024,
280,46.3,gf,0.695,mm,OK,--,9:27:28 AM,12/27/2024,
281,46.2,gf,0.695,mm,OK,--,9:27:28 AM,12/27/2024,
282,46.1,gf,0.695,mm,OK,--,9:27:28 AM,12/27/2024,
283,46.1,gf,0.700,mm,OK,--,9:27:28 AM,12/27/2024,
284,45.9,gf,0.700,mm,OK,--,9:27:29 AM,12/27/2024,
285,46.0,gf,0.700,mm,OK,--,9:27:29 AM,12/27/2024,
286,45.9,gf,0.705,mm,OK,--,9:27:29 AM,12/27/2024,
287,45.7,gf,0.705,mm,OK,--,9:27:29 AM,12/27/2024,
288,45.8,gf,0.705,mm,OK,--,9:27:29 AM,12/27/2024,
289,45.8,gf,0.710,mm,OK,--,9:27:29 AM,12/27/2024,
290,45.7,gf,0.710,mm,OK,--,9:27:29 AM,12/27/2024,
291,45.5,gf,0.715,mm,OK,--,9:27:29 AM,12/27/2024,
292,45.5,gf,0.720,mm,OK,--,9:27:29 AM,12/27/2024,
293,45.4,gf,0.720,mm,OK,--,9:27:29 AM,12/27/2024,
294,45.2,gf,0.725,mm,OK,--,9:27:30 AM,12/27/2024,
295,45.2,gf,0.725,mm,OK,--,9:27:30 AM,12/27/2024,
296,45.1,gf,0.730,mm,OK,--,9:27:30 AM,12/27/2024,
297,45.1,gf,0.730,mm,OK,--,9:27:30 AM,12/27/2024,
298,45.0,gf,0.735,mm,OK,--,9:27:30 AM,12/27/2024,
299,44.8,gf,0.740,mm,OK,--,9:27:30 AM,12/27/2024,
300,44.8,gf,0.740,mm,OK,--,9:27:30 AM,12/27/2024,
301,44.7,gf,0.745,mm,OK,--,9:27:30 AM,12/27/2024,
302,44.4,gf,0.750,mm,OK,--,9:27:30 AM,12/27/2024,
303,44.3,gf,0.750,mm,OK,--,9:27:30 AM,12/27/2024,
304,44.2,gf,0.750,mm,OK,--,9:27:31 AM,12/27/2024,
305,44.2,gf,0.755,mm,OK,--,9:27:31 AM,12/27/2024,
306,44.2,gf,0.755,mm,OK,--,9:27:31 AM,12/27/2024,
307,44.2,gf,0.760,mm,OK,--,9:27:31 AM,12/27/2024,
308,44.4,gf,0.760,mm,OK,--,9:27:31 AM,12/27/2024,
309,44.3,gf,0.765,mm,OK,--,9:27:31 AM,12/27/2024,
310,44.3,gf,0.770,mm,OK,--,9:27:31 AM,12/27/2024,
311,44.3,gf,0.770,mm,OK,--,9:27:31 AM,12/27/2024,
312,44.2,gf,0.775,mm,OK,--,9:27:31 AM,12/27/2024,
313,44.2,gf,0.780,mm,OK,--,9:27:31 AM,12/27/2024,
314,44.2,gf,0.785,mm,OK,--,9:27:32 AM,12/27/2024,
315,44.2,gf,0.790,mm,OK,--,9:27:32 AM,12/27/2024,
316,44.0,gf,0.790,mm,OK,--,9:27:32 AM,12/27/2024,
317,44.0,gf,0.795,mm,OK,--,9:27:32 AM,12/27/2024,
318,44.0,gf,0.800,mm,OK,--,9:27:32 AM,12/27/2024,
319,43.9,gf,0.805,mm,OK,--,9:27:32 AM,12/27/2024,
320,43.7,gf,0.810,mm,OK,--,9:27:32 AM,12/27/2024,
321,43.6,gf,0.815,mm,OK,--,9:27:32 AM,12/27/2024,
322,43.5,gf,0.820,mm,OK,--,9:27:32 AM,12/27/2024,
323,43.5,gf,0.820,mm,OK,--,9:27:32 AM,12/27/2024,
324,43.6,gf,0.825,mm,OK,--,9:27:33 AM,12/27/2024,
325,43.6,gf,0.830,mm,OK,--,9:27:33 AM,12/27/2024,
326,43.5,gf,0.835,mm,OK,--,9:27:33 AM,12/27/2024,
327,43.5,gf,0.840,mm,OK,--,9:27:33 AM,12/27/2024,
328,43.5,gf,0.840,mm,OK,--,9:27:33 AM,12/27/2024,
329,43.4,gf,0.845,mm,OK,--,9:27:33 AM,12/27/2024,
330,43.3,gf,0.850,mm,OK,--,9:27:33 AM,12/27/2024,
331,43.3,gf,0.860,mm,OK,--,9:27:33 AM,12/27/2024,
332,43.3,gf,0.865,mm,OK,--,9:27:33 AM,12/27/2024,
333,43.4,gf,0.870,mm,OK,--,9:27:33 AM,12/27/2024,
334,43.4,gf,0.875,mm,OK,--,9:27:34 AM,12/27/2024,
335,43.4,gf,0.880,mm,OK,--,9:27:34 AM,12/27/2024,
336,43.5,gf,0.885,mm,OK,--,9:27:34 AM,12/27/2024,
337,43.3,gf,0.895,mm,OK,--,9:27:34 AM,12/27/2024,
338,43.2,gf,0.900,mm,OK,--,9:27:34 AM,12/27/2024,
339,43.2,gf,0.905,mm,OK,--,9:27:34 AM,12/27/2024,
340,43.5,gf,0.910,mm,OK,--,9:27:34 AM,12/27/2024,
341,43.6,gf,0.915,mm,OK,--,9:27:34 AM,12/27/2024,
342,43.5,gf,0.925,mm,OK,--,9:27:34 AM,12/27/2024,
343,43.4,gf,0.930,mm,OK,--,9:27:34 AM,12/27/2024,
344,43.4,gf,0.940,mm,OK,--,9:27:35 AM,12/27/2024,
345,43.3,gf,0.945,mm,OK,--,9:27:35 AM,12/27/2024,
346,43.3,gf,0.950,mm,OK,--,9:27:35 AM,12/27/2024,
347,43.5,gf,0.960,mm,OK,--,9:27:35 AM,12/27/2024,
348,43.4,gf,0.965,mm,OK,--,9:27:35 AM,12/27/2024,
349,43.5,gf,0.970,mm,OK,--,9:27:35 AM,12/27/2024,
350,43.3,gf,0.980,mm,OK,--,9:27:35 AM,12/27/2024,
351,43.1,gf,0.985,mm,OK,--,9:27:35 AM,12/27/2024,
352,43.0,gf,0.990,mm,OK,--,9:27:35 AM,12/27/2024,
353,42.7,gf,0.995,mm,OK,--,9:27:35 AM,12/27/2024,
354,42.7,gf,1.000,mm,OK,--,9:27:36 AM,12/27/2024,
355,42.8,gf,1.010,mm,OK,--,9:27:36 AM,12/27/2024,
356,42.7,gf,1.020,mm,OK,--,9:27:36 AM,12/27/2024,
357,42.2,gf,1.025,mm,OK,--,9:27:36 AM,12/27/2024,
358,42.3,gf,1.025,mm,OK,--,9:27:36 AM,12/27/2024,
359,42.5,gf,1.035,mm,OK,--,9:27:36 AM,12/27/2024,
360,42.3,gf,1.040,mm,OK,--,9:27:36 AM,12/27/2024,
361,42.1,gf,1.045,mm,OK,--,9:27:36 AM,12/27/2024,
362,42.3,gf,1.050,mm,OK,--,9:27:36 AM,12/27/2024,
363,42.0,gf,1.050,mm,OK,--,9:27:36 AM,12/27/2024,
364,42.0,gf,1.055,mm,OK,--,9:27:37 AM,12/27/2024,
365,42.1,gf,1.055,mm,OK,--,9:27:37 AM,12/27/2024,
366,42.3,gf,1.060,mm,OK,--,9:27:37 AM,12/27/2024,
367,41.8,gf,1.070,mm,OK,--,9:27:37 AM,12/27/2024,
368,41.7,gf,1.070,mm,OK,--,9:27:37 AM,12/27/2024,
369,41.6,gf,1.075,mm,OK,--,9:27:37 AM,12/27/2024,
370,41.5,gf,1.080,mm,OK,--,9:27:37 AM,12/27/2024,
371,41.3,gf,1.085,mm,OK,--,9:27:37 AM,12/27/2024,
372,41.2,gf,1.090,mm,OK,--,9:27:37 AM,12/27/2024,
373,41.0,gf,1.090,mm,OK,--,9:27:37 AM,12/27/2024,
374,40.8,gf,1.095,mm,OK,--,9:27:38 AM,12/27/2024,
375,40.8,gf,1.105,mm,OK,--,9:27:38 AM,12/27/2024,
376,40.6,gf,1.110,mm,OK,--,9:27:38 AM,12/27/2024,
377,40.7,gf,1.115,mm,OK,--,9:27:38 AM,12/27/2024,
378,40.6,gf,1.120,mm,OK,--,9:27:38 AM,12/27/2024,
379,40.5,gf,1.125,mm,OK,--,9:27:38 AM,12/27/2024,
380,40.1,gf,1.130,mm,OK,--,9:27:38 AM,12/27/2024,
381,40.0,gf,1.135,mm,OK,--,9:27:38 AM,12/27/2024,
382,39.9,gf,1.135,mm,OK,--,9:27:38 AM,12/27/2024,
383,39.9,gf,1.140,mm,OK,--,9:27:38 AM,12/27/2024,
384,40.0,gf,1.145,mm,OK,--,9:27:39 AM,12/27/2024,
385,39.9,gf,1.150,mm,OK,--,9:27:39 AM,12/27/2024,
386,39.6,gf,1.155,mm,OK,--,9:27:39 AM,12/27/2024,
387,39.6,gf,1.160,mm,OK,--,9:27:39 AM,12/27/2024,
388,39.5,gf,1.165,mm,OK,--,9:27:39 AM,12/27/2024,
389,39.4,gf,1.170,mm,OK,--,9:27:39 AM,12/27/2024,
390,39.2,gf,1.175,mm,OK,--,9:27:39 AM,12/27/2024,
391,39.3,gf,1.180,mm,OK,--,9:27:39 AM,12/27/2024,
392,39.0,gf,1.190,mm,OK,--,9:27:39 AM,12/27/2024,
393,38.8,gf,1.195,mm,OK,--,9:27:39 AM,12/27/2024,
394,38.6,gf,1.200,mm,OK,--,9:27:40 AM,12/27/2024,
395,38.5,gf,1.205,mm,OK,--,9:27:40 AM,12/27/2024,
396,38.3,gf,1.210,mm,OK,--,9:27:40 AM,12/27/2024,
397,38.4,gf,1.215,mm,OK,--,9:27:40 AM,12/27/2024,
398,38.1,gf,1.225,mm,OK,--,9:27:40 AM,12/27/2024,
399,37.7,gf,1.230,mm,OK,--,9:27:40 AM,12/27/2024,
400,37.3,gf,1.235,mm,OK,--,9:27:40 AM,12/27/2024,
401,37.6,gf,1.235,mm,OK,--,9:27:40 AM,12/27/2024,
402,37.5,gf,1.240,mm,OK,--,9:27:40 AM,12/27/2024,
403,37.5,gf,1.245,mm,OK,--,9:27:40 AM,12/27/2024,
404,37.4,gf,1.250,mm,OK,--,9:27:41 AM,12/27/2024,
405,37.3,gf,1.250,mm,OK,--,9:27:41 AM,12/27/2024,
406,37.5,gf,1.255,mm,OK,--,9:27:41 AM,12/27/2024,
407,37.5,gf,1.260,mm,OK,--,9:27:41 AM,12/27/2024,
408,37.3,gf,1.265,mm,OK,--,9:27:41 AM,12/27/2024,
409,36.8,gf,1.275,mm,OK,--,9:27:41 AM,12/27/2024,
410,36.4,gf,1.280,mm,OK,--,9:27:41 AM,12/27/2024,
411,36.2,gf,1.280,mm,OK,--,9:27:41 AM,12/27/2024,
412,36.0,gf,1.285,mm,OK,--,9:27:41 AM,12/27/2024,
413,36.1,gf,1.285,mm,OK,--,9:27:41 AM,12/27/2024,
414,36.0,gf,1.290,mm,OK,--,9:27:42 AM,12/27/2024,
415,35.8,gf,1.290,mm,OK,--,9:27:42 AM,12/27/2024,
416,35.6,gf,1.290,mm,OK,--,9:27:42 AM,12/27/2024,
417,35.6,gf,1.290,mm,OK,--,9:27:42 AM,12/27/2024,
418,35.6,gf,1.295,mm,OK,--,9:27:42 AM,12/27/2024,
419,35.4,gf,1.295,mm,OK,--,9:27:42 AM,12/27/2024,
420,35.5,gf,1.295,mm,OK,--,9:27:42 AM,12/27/2024,
421,35.5,gf,1.295,mm,OK,--,9:27:42 AM,12/27/2024,
422,35.5,gf,1.295,mm,OK,--,9:27:42 AM,12/27/2024,
423,35.5,gf,1.295,mm,OK,--,9:27:42 AM,12/27/2024,
424,35.4,gf,1.295,mm,OK,--,9:27:43 AM,12/27/2024,
425,35.4,gf,1.295,mm,OK,--,9:27:43 AM,12/27/2024,
426,35.4,gf,1.300,mm,OK,--,9:27:43 AM,12/27/2024,
427,35.4,gf,1.300,mm,OK,--,9:27:43 AM,12/27/2024,
428,35.4,gf,1.300,mm,OK,--,9:27:43 AM,12/27/2024,
429,35.5,gf,1.300,mm,OK,--,9:27:43 AM,12/27/2024,
430,35.4,gf,1.300,mm,OK,--,9:27:43 AM,12/27/2024,
431,35.4,gf,1.300,mm,OK,--,9:27:43 AM,12/27/2024,
432,35.5,gf,1.300,mm,OK,--,9:27:43 AM,12/27/2024,
433,35.6,gf,1.305,mm,OK,--,9:27:43 AM,12/27/2024,
434,35.5,gf,1.305,mm,OK,--,9:27:44 AM,12/27/2024,
435,35.4,gf,1.305,mm,OK,--,9:27:44 AM,12/27/2024,
436,35.6,gf,1.310,mm,OK,--,9:27:44 AM,12/27/2024,
437,35.5,gf,1.315,mm,OK,--,9:27:44 AM,12/27/2024,
438,35.4,gf,1.315,mm,OK,--,9:27:44 AM,12/27/2024,
439,35.2,gf,1.320,mm,OK,--,9:27:44 AM,12/27/2024,
440,35.1,gf,1.325,mm,OK,--,9:27:44 AM,12/27/2024,
441,35.0,gf,1.325,mm,OK,--,9:27:44 AM,12/27/2024,
442,35.1,gf,1.330,mm,OK,--,9:27:44 AM,12/27/2024,
443,35.2,gf,1.335,mm,OK,--,9:27:44 AM,12/27/2024,
444,34.9,gf,1.335,mm,OK,--,9:27:45 AM,12/27/2024,
445,34.9,gf,1.340,mm,OK,--,9:27:45 AM,12/27/2024,
446,34.7,gf,1.345,mm,OK,--,9:27:45 AM,12/27/2024,
447,34.5,gf,1.345,mm,OK,--,9:27:45 AM,12/27/2024,
448,34.4,gf,1.350,mm,OK,--,9:27:45 AM,12/27/2024,
449,34.4,gf,1.355,mm,OK,--,9:27:45 AM,12/27/2024,
450,34.1,gf,1.360,mm,OK,--,9:27:45 AM,12/27/2024,
451,34.0,gf,1.365,mm,OK,--,9:27:45 AM,12/27/2024,
452,33.9,gf,1.375,mm,OK,--,9:27:45 AM,12/27/2024,
453,33.9,gf,1.385,mm,OK,--,9:27:45 AM,12/27/2024,
454,33.3,gf,1.395,mm,OK,--,9:27:46 AM,12/27/2024,
455,32.8,gf,1.400,mm,OK,--,9:27:46 AM,12/27/2024,
456,32.9,gf,1.405,mm,OK,--,9:27:46 AM,12/27/2024,
457,32.8,gf,1.410,mm,OK,--,9:27:46 AM,12/27/2024,
458,32.6,gf,1.415,mm,OK,--,9:27:46 AM,12/27/2024,
459,32.7,gf,1.420,mm,OK,--,9:27:46 AM,12/27/2024,
460,32.8,gf,1.425,mm,OK,--,9:27:46 AM,12/27/2024,
461,32.7,gf,1.430,mm,OK,--,9:27:46 AM,12/27/2024,
462,32.6,gf,1.435,mm,OK,--,9:27:46 AM,12/27/2024,
463,32.5,gf,1.440,mm,OK,--,9:27:46 AM,12/27/2024,
464,32.2,gf,1.445,mm,OK,--,9:27:47 AM,12/27/2024,
465,32.3,gf,1.450,mm,OK,--,9:27:47 AM,12/27/2024,
466,32.4,gf,1.455,mm,OK,--,9:27:47 AM,12/27/2024,
467,32.3,gf,1.460,mm,OK,--,9:27:47 AM,12/27/2024,
468,32.3,gf,1.470,mm,OK,--,9:27:47 AM,12/27/2024,
469,32.2,gf,1.475,mm,OK,--,9:27:47 AM,12/27/2024,
470,32.2,gf,1.480,mm,OK,--,9:27:47 AM,12/27/2024,
471,32.1,gf,1.485,mm,OK,--,9:27:47 AM,12/27/2024,
472,32.1,gf,1.490,mm,OK,--,9:27:47 AM,12/27/2024,
473,32.3,gf,1.495,mm,OK,--,9:27:47 AM,12/27/2024,
474,32.4,gf,1.500,mm,OK,--,9:27:48 AM,12/27/2024,
475,32.3,gf,1.505,mm,OK,--,9:27:48 AM,12/27/2024,
476,32.4,gf,1.510,mm,OK,--,9:27:48 AM,12/27/2024,
477,32.4,gf,1.515,mm,OK,--,9:27:48 AM,12/27/2024,
478,32.3,gf,1.520,mm,OK,--,9:27:48 AM,12/27/2024,
479,32.3,gf,1.525,mm,OK,--,9:27:48 AM,12/27/2024,
480,32.4,gf,1.535,mm,OK,--,9:27:48 AM,12/27/2024,
481,32.3,gf,1.540,mm,OK,--,9:27:48 AM,12/27/2024,
482,32.4,gf,1.545,mm,OK,--,9:27:48 AM,12/27/2024,
483,32.3,gf,1.550,mm,OK,--,9:27:48 AM,12/27/2024,
484,32.4,gf,1.550,mm,OK,--,9:27:49 AM,12/27/2024,
485,32.6,gf,1.555,mm,OK,--,9:27:49 AM,12/27/2024,
486,32.7,gf,1.560,mm,OK,--,9:27:49 AM,12/27/2024,
487,32.8,gf,1.565,mm,OK,--,9:27:49 AM,12/27/2024,
488,32.9,gf,1.570,mm,OK,--,9:27:49 AM,12/27/2024,
489,32.8,gf,1.575,mm,OK,--,9:27:49 AM,12/27/2024,
490,32.9,gf,1.575,mm,OK,--,9:27:49 AM,12/27/2024,
491,32.9,gf,1.580,mm,OK,--,9:27:49 AM,12/27/2024,
492,32.9,gf,1.585,mm,OK,--,9:27:49 AM,12/27/2024,
493,33.0,gf,1.590,mm,OK,--,9:27:49 AM,12/27/2024,
494,33.0,gf,1.595,mm,OK,--,9:27:50 AM,12/27/2024,
495,33.0,gf,1.600,mm,OK,--,9:27:50 AM,12/27/2024,
496,33.1,gf,1.600,mm,OK,--,9:27:50 AM,12/27/2024,
497,33.1,gf,1.605,mm,OK,--,9:27:50 AM,12/27/2024,
498,33.1,gf,1.610,mm,OK,--,9:27:50 AM,12/27/2024,
499,33.4,gf,1.615,mm,OK,--,9:27:50 AM,12/27/2024,
500,33.4,gf,1.620,mm,OK,--,9:27:50 AM,12/27/2024,
501,33.4,gf,1.625,mm,OK,--,9:27:50 AM,12/27/2024,
502,33.3,gf,1.625,mm,OK,--,9:27:50 AM,12/27/2024,
503,33.3,gf,1.630,mm,OK,--,9:27:50 AM,12/27/2024,
504,33.3,gf,1.640,mm,OK,--,9:27:51 AM,12/27/2024,
505,33.5,gf,1.645,mm,OK,--,9:27:51 AM,12/27/2024,
506,33.5,gf,1.655,mm,OK,--,9:27:51 AM,12/27/2024,
507,33.6,gf,1.660,mm,OK,--,9:27:51 AM,12/27/2024,
508,33.8,gf,1.665,mm,OK,--,9:27:51 AM,12/27/2024,
509,33.8,gf,1.670,mm,OK,--,9:27:51 AM,12/27/2024,
510,34.0,gf,1.680,mm,OK,--,9:27:51 AM,12/27/2024,
511,34.1,gf,1.685,mm,OK,--,9:27:51 AM,12/27/2024,
512,33.9,gf,1.690,mm,OK,--,9:27:51 AM,12/27/2024,
513,33.9,gf,1.695,mm,OK,--,9:27:51 AM,12/27/2024,
514,34.1,gf,1.700,mm,OK,--,9:27:52 AM,12/27/2024,
515,34.2,gf,1.705,mm,OK,--,9:27:52 AM,12/27/2024,
516,34.3,gf,1.710,mm,OK,--,9:27:52 AM,12/27/2024,
517,34.2,gf,1.715,mm,OK,--,9:27:52 AM,12/27/2024,
518,34.2,gf,1.720,mm,OK,--,9:27:52 AM,12/27/2024,
519,34.2,gf,1.725,mm,OK,--,9:27:52 AM,12/27/2024,
520,34.3,gf,1.735,mm,OK,--,9:27:52 AM,12/27/2024,
521,34.3,gf,1.740,mm,OK,--,9:27:52 AM,12/27/2024,
522,34.3,gf,1.745,mm,OK,--,9:27:52 AM,12/27/2024,
523,34.3,gf,1.750,mm,OK,--,9:27:52 AM,12/27/2024,
524,34.4,gf,1.755,mm,OK,--,9:27:53 AM,12/27/2024,
525,34.4,gf,1.760,mm,OK,--,9:27:53 AM,12/27/2024,
526,34.5,gf,1.765,mm,OK,--,9:27:53 AM,12/27/2024,
527,34.5,gf,1.770,mm,OK,--,9:27:53 AM,12/27/2024,
528,34.5,gf,1.770,mm,OK,--,9:27:53 AM,12/27/2024,
529,34.6,gf,1.775,mm,OK,--,9:27:53 AM,12/27/2024,
530,34.5,gf,1.780,mm,OK,--,9:27:53 AM,12/27/2024,
531,34.7,gf,1.780,mm,OK,--,9:27:53 AM,12/27/2024,
532,34.6,gf,1.785,mm,OK,--,9:27:53 AM,12/27/2024,
533,34.6,gf,1.790,mm,OK,--,9:27:53 AM,12/27/2024,
534,34.6,gf,1.790,mm,OK,--,9:27:54 AM,12/27/2024,
535,34.7,gf,1.795,mm,OK,--,9:27:54 AM,12/27/2024,
536,34.8,gf,1.800,mm,OK,--,9:27:54 AM,12/27/2024,
537,34.9,gf,1.800,mm,OK,--,9:27:54 AM,12/27/2024,
538,34.9,gf,1.805,mm,OK,--,9:27:54 AM,12/27/2024,
539,35.0,gf,1.805,mm,OK,--,9:27:54 AM,12/27/2024,
540,35.0,gf,1.810,mm,OK,--,9:27:54 AM,12/27/2024,
541,35.0,gf,1.815,mm,OK,--,9:27:54 AM,12/27/2024,
542,35.0,gf,1.815,mm,OK,--,9:27:54 AM,12/27/2024,
543,34.9,gf,1.820,mm,OK,--,9:27:54 AM,12/27/2024,
544,35.0,gf,1.820,mm,OK,--,9:27:55 AM,12/27/2024,
545,35.1,gf,1.825,mm,OK,--,9:27:55 AM,12/27/2024,
546,35.2,gf,1.830,mm,OK,--,9:27:55 AM,12/27/2024,
547,35.3,gf,1.830,mm,OK,--,9:27:55 AM,12/27/2024,
548,35.4,gf,1.835,mm,OK,--,9:27:55 AM,12/27/2024,
549,35.4,gf,1.840,mm,OK,--,9:27:55 AM,12/27/2024,
550,35.4,gf,1.845,mm,OK,--,9:27:55 AM,12/27/2024,
551,35.4,gf,1.850,mm,OK,--,9:27:55 AM,12/27/2024,
552,35.6,gf,1.855,mm,OK,--,9:27:55 AM,12/27/2024,
553,35.6,gf,1.860,mm,OK,--,9:27:55 AM,12/27/2024,
554,35.7,gf,1.865,mm,OK,--,9:27:56 AM,12/27/2024,
555,35.6,gf,1.875,mm,OK,--,9:27:56 AM,12/27/2024,
556,35.7,gf,1.880,mm,OK,--,9:27:56 AM,12/27/2024,
557,35.7,gf,1.885,mm,OK,--,9:27:56 AM,12/27/2024,
558,35.6,gf,1.890,mm,OK,--,9:27:56 AM,12/27/2024,
559,35.9,gf,1.895,mm,OK,--,9:27:56 AM,12/27/2024,
560,36.2,gf,1.900,mm,OK,--,9:27:56 AM,12/27/2024,
561,36.4,gf,1.905,mm,OK,--,9:27:56 AM,12/27/2024,
562,36.6,gf,1.910,mm,OK,--,9:27:56 AM,12/27/2024,
563,36.8,gf,1.920,mm,OK,--,9:27:56 AM,12/27/2024,
564,37.2,gf,1.925,mm,OK,--,9:27:57 AM,12/27/2024,
565,37.7,gf,1.935,mm,OK,--,9:27:57 AM,12/27/2024,
566,38.2,gf,1.940,mm,OK,--,9:27:57 AM,12/27/2024,
567,38.6,gf,1.950,mm,OK,--,9:27:57 AM,12/27/2024,
568,39.1,gf,1.960,mm,OK,--,9:27:57 AM,12/27/2024,
569,39.6,gf,1.970,mm,OK,--,9:27:57 AM,12/27/2024,
570,40.1,gf,1.980,mm,OK,--,9:27:57 AM,12/27/2024,
571,40.5,gf,1.990,mm,OK,--,9:27:57 AM,12/27/2024,
572,40.8,gf,2.000,mm,OK,--,9:27:57 AM,12/27/2024,
573,40.9,gf,2.010,mm,OK,--,9:27:57 AM,12/27/2024,
574,41.2,gf,2.015,mm,OK,--,9:27:58 AM,12/27/2024,
575,41.5,gf,2.025,mm,OK,--,9:27:58 AM,12/27/2024,
576,41.8,gf,2.035,mm,OK,--,9:27:58 AM,12/27/2024,
577,41.9,gf,2.040,mm,OK,--,9:27:58 AM,12/27/2024,
578,42.1,gf,2.045,mm,OK,--,9:27:58 AM,12/27/2024,
579,42.2,gf,2.050,mm,OK,--,9:27:58 AM,12/27/2024,
580,42.4,gf,2.060,mm,OK,--,9:27:58 AM,12/27/2024,
581,42.7,gf,2.065,mm,OK,--,9:27:58 AM,12/27/2024,
582,43.0,gf,2.070,mm,OK,--,9:27:58 AM,12/27/2024,
583,42.8,gf,2.075,mm,OK,--,9:27:58 AM,12/27/2024,
584,42.9,gf,2.080,mm,OK,--,9:27:59 AM,12/27/2024,
585,43.1,gf,2.085,mm,OK,--,9:27:59 AM,12/27/2024,
586,43.4,gf,2.085,mm,OK,--,9:27:59 AM,12/27/2024,
587,43.5,gf,2.090,mm,OK,--,9:27:59 AM,12/27/2024,
588,43.6,gf,2.095,mm,OK,--,9:27:59 AM,12/27/2024,
589,43.8,gf,2.095,mm,OK,--,9:27:59 AM,12/27/2024,
590,43.8,gf,2.100,mm,OK,--,9:27:59 AM,12/27/2024,
591,43.9,gf,2.100,mm,OK,--,9:27:59 AM,12/27/2024,
592,44.0,gf,2.105,mm,OK,--,9:27:59 AM,12/27/2024,
593,44.2,gf,2.105,mm,OK,--,9:27:59 AM,12/27/2024,
594,44.4,gf,2.110,mm,OK,--,9:28:00 AM,12/27/2024,
595,44.5,gf,2.115,mm,OK,--,9:28:00 AM,12/27/2024,
596,44.7,gf,2.120,mm,OK,--,9:28:00 AM,12/27/2024,
597,44.9,gf,2.125,mm,OK,--,9:28:00 AM,12/27/2024,
598,45.1,gf,2.125,mm,OK,--,9:28:00 AM,12/27/2024,
599,45.2,gf,2.130,mm,OK,--,9:28:00 AM,12/27/2024,
600,45.3,gf,2.130,mm,OK,--,9:28:00 AM,12/27/2024,
601,45.2,gf,2.130,mm,OK,--,9:28:00 AM,12/27/2024,
602,45.3,gf,2.135,mm,OK,--,9:28:00 AM,12/27/2024,
603,45.4,gf,2.135,mm,OK,--,9:28:00 AM,12/27/2024,
604,45.5,gf,2.140,mm,OK,--,9:28:01 AM,12/27/2024,
605,45.6,gf,2.140,mm,OK,--,9:28:01 AM,12/27/2024,
606,45.8,gf,2.145,mm,OK,--,9:28:01 AM,12/27/2024,
607,45.9,gf,2.145,mm,OK,--,9:28:01 AM,12/27/2024,
608,45.8,gf,2.150,mm,OK,--,9:28:01 AM,12/27/2024,
609,45.9,gf,2.150,mm,OK,--,9:28:01 AM,12/27/2024,
610,45.9,gf,2.155,mm,OK,--,9:28:01 AM,12/27/2024,
611,45.9,gf,2.160,mm,OK,--,9:28:01 AM,12/27/2024,
612,45.9,gf,2.160,mm,OK,--,9:28:01 AM,12/27/2024,
613,45.9,gf,2.165,mm,OK,--,9:28:01 AM,12/27/2024,
614,45.9,gf,2.170,mm,OK,--,9:28:02 AM,12/27/2024,
615,45.9,gf,2.170,mm,OK,--,9:28:02 AM,12/27/2024,
616,45.9,gf,2.175,mm,OK,--,9:28:02 AM,12/27/2024,
617,45.9,gf,2.180,mm,OK,--,9:28:02 AM,12/27/2024,
618,46.0,gf,2.180,mm,OK,--,9:28:02 AM,12/27/2024,
619,46.0,gf,2.185,mm,OK,--,9:28:02 AM,12/27/2024,
620,46.0,gf,2.190,mm,OK,--,9:28:02 AM,12/27/2024,
621,46.0,gf,2.195,mm,OK,--,9:28:02 AM,12/27/2024,
622,46.0,gf,2.200,mm,OK,--,9:28:02 AM,12/27/2024,
623,46.1,gf,2.205,mm,OK,--,9:28:02 AM,12/27/2024,
624,46.1,gf,2.210,mm,OK,--,9:28:03 AM,12/27/2024,
625,46.1,gf,2.215,mm,OK,--,9:28:03 AM,12/27/2024,
626,46.1,gf,2.215,mm,OK,--,9:28:03 AM,12/27/2024,
627,46.1,gf,2.220,mm,OK,--,9:28:03 AM,12/27/2024,
628,46.3,gf,2.225,mm,OK,--,9:28:03 AM,12/27/2024,
629,46.3,gf,2.225,mm,OK,--,9:28:03 AM,12/27/2024,
630,46.4,gf,2.230,mm,OK,--,9:28:03 AM,12/27/2024,
631,46.4,gf,2.235,mm,OK,--,9:28:03 AM,12/27/2024,
632,46.4,gf,2.240,mm,OK,--,9:28:03 AM,12/27/2024,
633,46.5,gf,2.240,mm,OK,--,9:28:03 AM,12/27/2024,
634,46.6,gf,2.245,mm,OK,--,9:28:04 AM,12/27/2024,
635,46.6,gf,2.250,mm,OK,--,9:28:04 AM,12/27/2024,
636,46.7,gf,2.250,mm,OK,--,9:28:04 AM,12/27/2024,
637,46.7,gf,2.255,mm,OK,--,9:28:04 AM,12/27/2024,
638,46.7,gf,2.260,mm,OK,--,9:28:04 AM,12/27/2024,
639,46.7,gf,2.265,mm,OK,--,9:28:04 AM,12/27/2024,
640,46.5,gf,2.270,mm,OK,--,9:28:04 AM,12/27/2024,
641,46.5,gf,2.270,mm,OK,--,9:28:04 AM,12/27/2024,
642,46.5,gf,2.275,mm,OK,--,9:28:04 AM,12/27/2024,
643,46.5,gf,2.280,mm,OK,--,9:28:04 AM,12/27/2024,
644,46.5,gf,2.285,mm,OK,--,9:28:05 AM,12/27/2024,
645,46.5,gf,2.290,mm,OK,--,9:28:05 AM,12/27/2024,
646,46.5,gf,2.290,mm,OK,--,9:28:05 AM,12/27/2024,
647,46.6,gf,2.290,mm,OK,--,9:28:05 AM,12/27/2024,
648,46.6,gf,2.295,mm,OK,--,9:28:05 AM,12/27/2024,
649,46.6,gf,2.295,mm,OK,--,9:28:05 AM,12/27/2024,
650,46.6,gf,2.300,mm,OK,--,9:28:05 AM,12/27/2024,
651,46.7,gf,2.305,mm,OK,--,9:28:05 AM,12/27/2024,
652,46.7,gf,2.305,mm,OK,--,9:28:05 AM,12/27/2024,
653,46.7,gf,2.310,mm,OK,--,9:28:05 AM,12/27/2024,
654,46.7,gf,2.315,mm,OK,--,9:28:06 AM,12/27/2024,
655,46.8,gf,2.320,mm,OK,--,9:28:06 AM,12/27/2024,
656,46.9,gf,2.325,mm,OK,--,9:28:06 AM,12/27/2024,
657,46.9,gf,2.330,mm,OK,--,9:28:06 AM,12/27/2024,
658,46.9,gf,2.335,mm,OK,--,9:28:06 AM,12/27/2024,
659,46.9,gf,2.340,mm,OK,--,9:28:06 AM,12/27/2024,
660,46.9,gf,2.345,mm,OK,--,9:28:06 AM,12/27/2024,
661,46.9,gf,2.350,mm,OK,--,9:28:06 AM,12/27/2024,
662,46.9,gf,2.355,mm,OK,--,9:28:06 AM,12/27/2024,
663,46.9,gf,2.360,mm,OK,--,9:28:06 AM,12/27/2024,
664,46.9,gf,2.365,mm,OK,--,9:28:07 AM,12/27/2024,
665,47.0,gf,2.370,mm,OK,--,9:28:07 AM,12/27/2024,
666,47.0,gf,2.375,mm,OK,--,9:28:07 AM,12/27/2024,
667,47.0,gf,2.380,mm,OK,--,9:28:07 AM,12/27/2024,
668,47.1,gf,2.385,mm,OK,--,9:28:07 AM,12/27/2024,
669,47.1,gf,2.395,mm,OK,--,9:28:07 AM,12/27/2024,
670,47.0,gf,2.405,mm,OK,--,9:28:07 AM,12/27/2024,
671,47.2,gf,2.415,mm,OK,--,9:28:07 AM,12/27/2024,
672,47.2,gf,2.425,mm,OK,--,9:28:07 AM,12/27/2024,
673,47.2,gf,2.435,mm,OK,--,9:28:07 AM,12/27/2024,
674,47.2,gf,2.445,mm,OK,--,9:28:08 AM,12/27/2024,
675,47.2,gf,2.455,mm,OK,--,9:28:08 AM,12/27/2024,
676,47.2,gf,2.465,mm,OK,--,9:28:08 AM,12/27/2024,
677,47.3,gf,2.475,mm,OK,--,9:28:08 AM,12/27/2024,
678,47.5,gf,2.485,mm,OK,--,9:28:08 AM,12/27/2024,
679,47.6,gf,2.490,mm,OK,--,9:28:08 AM,12/27/2024,
680,47.6,gf,2.500,mm,OK,--,9:28:08 AM,12/27/2024,
681,47.6,gf,2.510,mm,OK,--,9:28:08 AM,12/27/2024,
682,47.7,gf,2.515,mm,OK,--,9:28:08 AM,12/27/2024,
683,47.7,gf,2.525,mm,OK,--,9:28:08 AM,12/27/2024,
684,47.6,gf,2.535,mm,OK,--,9:28:09 AM,12/27/2024,
685,47.6,gf,2.545,mm,OK,--,9:28:09 AM,12/27/2024,
686,47.6,gf,2.555,mm,OK,--,9:28:09 AM,12/27/2024,
687,47.7,gf,2.560,mm,OK,--,9:28:09 AM,12/27/2024,
688,47.8,gf,2.570,mm,OK,--,9:28:09 AM,12/27/2024,
689,47.9,gf,2.575,mm,OK,--,9:28:09 AM,12/27/2024,
690,47.9,gf,2.580,mm,OK,--,9:28:09 AM,12/27/2024,
691,48.0,gf,2.585,mm,OK,--,9:28:09 AM,12/27/2024,
692,48.0,gf,2.590,mm,OK,--,9:28:09 AM,12/27/2024,
693,48.0,gf,2.590,mm,OK,--,9:28:09 AM,12/27/2024,
694,48.1,gf,2.595,mm,OK,--,9:28:10 AM,12/27/2024,
695,48.1,gf,2.595,mm,OK,--,9:28:10 AM,12/27/2024,
696,48.2,gf,2.600,mm,OK,--,9:28:10 AM,12/27/2024,
697,48.1,gf,2.600,mm,OK,--,9:28:10 AM,12/27/2024,
698,48.2,gf,2.605,mm,OK,--,9:28:10 AM,12/27/2024,
699,48.2,gf,2.605,mm,OK,--,9:28:10 AM,12/27/2024,
700,48.2,gf,2.610,mm,OK,--,9:28:10 AM,12/27/2024,
701,48.2,gf,2.610,mm,OK,--,9:28:10 AM,12/27/2024,
702,48.2,gf,2.615,mm,OK,--,9:28:10 AM,12/27/2024,
703,48.3,gf,2.615,mm,OK,--,9:28:10 AM,12/27/2024,
704,48.2,gf,2.620,mm,OK,--,9:28:11 AM,12/27/2024,
705,48.2,gf,2.625,mm,OK,--,9:28:11 AM,12/27/2024,
706,48.2,gf,2.630,mm,OK,--,9:28:11 AM,12/27/2024,
707,48.2,gf,2.635,mm,OK,--,9:28:11 AM,12/27/2024,
708,48.2,gf,2.640,mm,OK,--,9:28:11 AM,12/27/2024,
709,48.2,gf,2.645,mm,OK,--,9:28:11 AM,12/27/2024,
710,48.2,gf,2.650,mm,OK,--,9:28:11 AM,12/27/2024,
711,48.2,gf,2.650,mm,OK,--,9:28:11 AM,12/27/2024,
712,48.2,gf,2.655,mm,OK,--,9:28:11 AM,12/27/2024,
713,48.2,gf,2.660,mm,OK,--,9:28:11 AM,12/27/2024,
714,48.2,gf,2.660,mm,OK,--,9:28:12 AM,12/27/2024,
715,48.2,gf,2.665,mm,OK,--,9:28:12 AM,12/27/2024,
716,48.3,gf,2.670,mm,OK,--,9:28:12 AM,12/27/2024,
717,48.4,gf,2.670,mm,OK,--,9:28:12 AM,12/27/2024,
718,48.3,gf,2.675,mm,OK,--,9:28:12 AM,12/27/2024,
719,48.4,gf,2.685,mm,OK,--,9:28:12 AM,12/27/2024,
720,48.4,gf,2.690,mm,OK,--,9:28:12 AM,12/27/2024,
721,48.5,gf,2.695,mm,OK,--,9:28:12 AM,12/27/2024,
722,48.4,gf,2.705,mm,OK,--,9:28:12 AM,12/27/2024,
723,48.5,gf,2.710,mm,OK,--,9:28:12 AM,12/27/2024,
724,48.6,gf,2.720,mm,OK,--,9:28:13 AM,12/27/2024,
725,48.6,gf,2.730,mm,OK,--,9:28:13 AM,12/27/2024,
726,48.6,gf,2.740,mm,OK,--,9:28:13 AM,12/27/2024,
727,48.8,gf,2.750,mm,OK,--,9:28:13 AM,12/27/2024,
728,48.8,gf,2.760,mm,OK,--,9:28:13 AM,12/27/2024,
729,48.8,gf,2.765,mm,OK,--,9:28:13 AM,12/27/2024,
730,48.8,gf,2.770,mm,OK,--,9:28:13 AM,12/27/2024,
731,48.8,gf,2.775,mm,OK,--,9:28:13 AM,12/27/2024,
732,48.8,gf,2.780,mm,OK,--,9:28:13 AM,12/27/2024,
733,48.9,gf,2.785,mm,OK,--,9:28:13 AM,12/27/2024,
734,48.8,gf,2.790,mm,OK,--,9:28:14 AM,12/27/2024,
735,48.9,gf,2.795,mm,OK,--,9:28:14 AM,12/27/2024,
736,48.9,gf,2.800,mm,OK,--,9:28:14 AM,12/27/2024,
737,49.0,gf,2.805,mm,OK,--,9:28:14 AM,12/27/2024,
738,49.0,gf,2.810,mm,OK,--,9:28:14 AM,12/27/2024,
739,49.0,gf,2.815,mm,OK,--,9:28:14 AM,12/27/2024,
740,49.0,gf,2.820,mm,OK,--,9:28:14 AM,12/27/2024,
741,49.1,gf,2.825,mm,OK,--,9:28:14 AM,12/27/2024,
742,49.1,gf,2.830,mm,OK,--,9:28:14 AM,12/27/2024,
743,49.2,gf,2.835,mm,OK,--,9:28:14 AM,12/27/2024,
744,49.2,gf,2.835,mm,OK,--,9:28:15 AM,12/27/2024,
745,49.3,gf,2.840,mm,OK,--,9:28:15 AM,12/27/2024,
746,49.3,gf,2.845,mm,OK,--,9:28:15 AM,12/27/2024,
747,49.3,gf,2.845,mm,OK,--,9:28:15 AM,12/27/2024,
748,49.3,gf,2.850,mm,OK,--,9:28:15 AM,12/27/2024,
749,49.3,gf,2.855,mm,OK,--,9:28:15 AM,12/27/2024,
750,49.3,gf,2.855,mm,OK,--,9:28:15 AM,12/27/2024,
751,49.3,gf,2.860,mm,OK,--,9:28:15 AM,12/27/2024,
752,49.3,gf,2.865,mm,OK,--,9:28:15 AM,12/27/2024,
753,49.3,gf,2.870,mm,OK,--,9:28:15 AM,12/27/2024,
754,49.3,gf,2.875,mm,OK,--,9:28:16 AM,12/27/2024,
755,49.4,gf,2.885,mm,OK,--,9:28:16 AM,12/27/2024,
756,49.4,gf,2.885,mm,OK,--,9:28:16 AM,12/27/2024,
757,49.4,gf,2.890,mm,OK,--,9:28:16 AM,12/27/2024,
758,49.4,gf,2.900,mm,OK,--,9:28:16 AM,12/27/2024,
759,49.4,gf,2.905,mm,OK,--,9:28:16 AM,12/27/2024,
760,49.4,gf,2.910,mm,OK,--,9:28:16 AM,12/27/2024,
761,49.5,gf,2.915,mm,OK,--,9:28:16 AM,12/27/2024,
762,49.5,gf,2.920,mm,OK,--,9:28:16 AM,12/27/2024,
763,49.6,gf,2.925,mm,OK,--,9:28:16 AM,12/27/2024,
764,49.5,gf,2.930,mm,OK,--,9:28:17 AM,12/27/2024,
765,49.5,gf,2.930,mm,OK,--,9:28:17 AM,12/27/2024,
766,49.6,gf,2.935,mm,OK,--,9:28:17 AM,12/27/2024,
767,49.6,gf,2.940,mm,OK,--,9:28:17 AM,12/27/2024,
768,49.7,gf,2.945,mm,OK,--,9:28:17 AM,12/27/2024,
769,49.7,gf,2.950,mm,OK,--,9:28:17 AM,12/27/2024,
770,49.8,gf,2.950,mm,OK,--,9:28:17 AM,12/27/2024,
771,49.8,gf,2.955,mm,OK,--,9:28:17 AM,12/27/2024,
772,49.9,gf,2.960,mm,OK,--,9:28:17 AM,12/27/2024,
773,49.8,gf,2.965,mm,OK,--,9:28:17 AM,12/27/2024,
774,49.8,gf,2.965,mm,OK,--,9:28:18 AM,12/27/2024,
775,49.8,gf,2.970,mm,OK,--,9:28:18 AM,12/27/2024,
776,49.8,gf,2.970,mm,OK,--,9:28:18 AM,12/27/2024,
777,49.8,gf,2.975,mm,OK,--,9:28:18 AM,12/27/2024,
778,49.8,gf,2.980,mm,OK,--,9:28:18 AM,12/27/2024,
779,49.8,gf,2.985,mm,OK,--,9:28:18 AM,12/27/2024,
780,49.8,gf,2.985,mm,OK,--,9:28:18 AM,12/27/2024,
781,49.8,gf,2.990,mm,OK,--,9:28:18 AM,12/27/2024,
782,49.8,gf,2.990,mm,OK,--,9:28:18 AM,12/27/2024,
783,49.8,gf,2.995,mm,OK,--,9:28:18 AM,12/27/2024,
784,49.9,gf,2.995,mm,OK,--,9:28:19 AM,12/27/2024,
785,49.9,gf,3.000,mm,OK,--,9:28:19 AM,12/27/2024,
786,50.0,gf,3.000,mm,OK,--,9:28:19 AM,12/27/2024,
787,49.9,gf,3.000,mm,OK,--,9:28:19 AM,12/27/2024,
788,50.0,gf,3.005,mm,OK,--,9:28:19 AM,12/27/2024,
789,49.9,gf,3.005,mm,OK,--,9:28:19 AM,12/27/2024,
790,49.9,gf,3.005,mm,OK,--,9:28:19 AM,12/27/2024,
791,49.9,gf,3.005,mm,OK,--,9:28:19 AM,12/27/2024,
792,50.0,gf,3.010,mm,OK,--,9:28:19 AM,12/27/2024,
793,49.9,gf,3.010,mm,OK,--,9:28:19 AM,12/27/2024,
794,49.9,gf,3.015,mm,OK,--,9:28:20 AM,12/27/2024,
795,49.9,gf,3.020,mm,OK,--,9:28:20 AM,12/27/2024,
796,49.9,gf,3.025,mm,OK,--,9:28:20 AM,12/27/2024,
797,50.0,gf,3.030,mm,OK,--,9:28:20 AM,12/27/2024,
798,50.0,gf,3.030,mm,OK,--,9:28:20 AM,12/27/2024,
799,49.9,gf,3.035,mm,OK,--,9:28:20 AM,12/27/2024,
800,49.9,gf,3.040,mm,OK,--,9:28:20 AM,12/27/2024,
801,49.9,gf,3.040,mm,OK,--,9:28:20 AM,12/27/2024,
802,49.9,gf,3.045,mm,OK,--,9:28:20 AM,12/27/2024,
803,49.9,gf,3.045,mm,OK,--,9:28:20 AM,12/27/2024,
804,49.9,gf,3.050,mm,OK,--,9:28:21 AM,12/27/2024,
805,49.9,gf,3.055,mm,OK,--,9:28:21 AM,12/27/2024,
806,49.9,gf,3.055,mm,OK,--,9:28:21 AM,12/27/2024,
807,49.9,gf,3.060,mm,OK,--,9:28:21 AM,12/27/2024,
808,49.9,gf,3.060,mm,OK,--,9:28:21 AM,12/27/2024,
809,50.0,gf,3.065,mm,OK,--,9:28:21 AM,12/27/2024,
810,50.0,gf,3.070,mm,OK,--,9:28:21 AM,12/27/2024,
811,50.0,gf,3.070,mm,OK,--,9:28:21 AM,12/27/2024,
812,50.0,gf,3.075,mm,OK,--,9:28:21 AM,12/27/2024,
813,50.0,gf,3.080,mm,OK,--,9:28:21 AM,12/27/2024,
814,50.1,gf,3.085,mm,OK,--,9:28:22 AM,12/27/2024,
815,50.0,gf,3.085,mm,OK,--,9:28:22 AM,12/27/2024,
816,50.1,gf,3.090,mm,OK,--,9:28:22 AM,12/27/2024,
817,50.1,gf,3.095,mm,OK,--,9:28:22 AM,12/27/2024,
818,50.1,gf,3.095,mm,OK,--,9:28:22 AM,12/27/2024,
819,50.1,gf,3.100,mm,OK,--,9:28:22 AM,12/27/2024,
820,50.2,gf,3.100,mm,OK,--,9:28:22 AM,12/27/2024,
821,50.2,gf,3.100,mm,OK,--,9:28:22 AM,12/27/2024,
822,50.2,gf,3.105,mm,OK,--,9:28:22 AM,12/27/2024,
823,50.2,gf,3.105,mm,OK,--,9:28:22 AM,12/27/2024,
824,50.2,gf,3.105,mm,OK,--,9:28:23 AM,12/27/2024,
825,50.2,gf,3.110,mm,OK,--,9:28:23 AM,12/27/2024,
826,50.2,gf,3.110,mm,OK,--,9:28:23 AM,12/27/2024,
827,50.2,gf,3.115,mm,OK,--,9:28:23 AM,12/27/2024,
828,50.3,gf,3.115,mm,OK,--,9:28:23 AM,12/27/2024,
829,50.3,gf,3.115,mm,OK,--,9:28:23 AM,12/27/2024,
830,50.3,gf,3.120,mm,OK,--,9:28:23 AM,12/27/2024,
831,50.3,gf,3.125,mm,OK,--,9:28:23 AM,12/27/2024,
832,50.3,gf,3.125,mm,OK,--,9:28:23 AM,12/27/2024,
833,50.3,gf,3.130,mm,OK,--,9:28:23 AM,12/27/2024,
834,50.3,gf,3.130,mm,OK,--,9:28:24 AM,12/27/2024,
835,50.4,gf,3.135,mm,OK,--,9:28:24 AM,12/27/2024,
836,52.7,gf,3.140,mm,OK,--,9:28:24 AM,12/27/2024,
837,55.6,gf,3.145,mm,OK,--,9:28:24 AM,12/27/2024,
838,55.9,gf,3.150,mm,OK,--,9:28:24 AM,12/27/2024,
839,58.6,gf,3.155,mm,OK,--,9:28:24 AM,12/27/2024,
840,63.1,gf,3.160,mm,OK,--,9:28:24 AM,12/27/2024,
841,67.4,gf,3.165,mm,OK,--,9:28:24 AM,12/27/2024,
842,71.4,gf,3.170,mm,OK,--,9:28:24 AM,12/27/2024,
843,75.1,gf,3.170,mm,OK,--,9:28:24 AM,12/27/2024,
844,78.5,gf,3.175,mm,OK,--,9:28:25 AM,12/27/2024,
845,82.3,gf,3.180,mm,OK,--,9:28:25 AM,12/27/2024,
846,86.2,gf,3.185,mm,OK,--,9:28:25 AM,12/27/2024,
847,89.2,gf,3.185,mm,OK,--,9:28:25 AM,12/27/2024,
848,91.0,gf,3.190,mm,OK,--,9:28:25 AM,12/27/2024,
849,93.5,gf,3.190,mm,OK,--,9:28:25 AM,12/27/2024,
850,96.3,gf,3.195,mm,OK,--,9:28:25 AM,12/27/2024,
851,99.2,gf,3.200,mm,OK,--,9:28:25 AM,12/27/2024,
852,101.6,gf,3.200,mm,OK,--,9:28:25 AM,12/27/2024,
853,104.4,gf,3.205,mm,OK,--,9:28:25 AM,12/27/2024,
854,107.6,gf,3.205,mm,OK,--,9:28:26 AM,12/27/2024,
855,111.4,gf,3.210,mm,OK,--,9:28:26 AM,12/27/2024,
856,115.3,gf,3.215,mm,OK,--,9:28:26 AM,12/27/2024,
857,119.4,gf,3.220,mm,OK,--,9:28:26 AM,12/27/2024,
858,123.3,gf,3.220,mm,OK,--,9:28:26 AM,12/27/2024,
859,127.2,gf,3.225,mm,OK,--,9:28:26 AM,12/27/2024,
860,131.8,gf,3.230,mm,OK,--,9:28:26 AM,12/27/2024,
861,136.1,gf,3.235,mm,OK,--,9:28:26 AM,12/27/2024,
862,139.5,gf,3.240,mm,OK,--,9:28:26 AM,12/27/2024,
863,143.2,gf,3.240,mm,OK,--,9:28:26 AM,12/27/2024,
864,147.0,gf,3.245,mm,OK,--,9:28:27 AM,12/27/2024,
865,149.6,gf,3.250,mm,OK,--,9:28:27 AM,12/27/2024,
866,151.1,gf,3.250,mm,OK,--,9:28:27 AM,12/27/2024,
867,152.6,gf,3.250,mm,OK,--,9:28:27 AM,12/27/2024,
868,153.4,gf,3.250,mm,OK,--,9:28:27 AM,12/27/2024,
869,154.6,gf,3.255,mm,OK,--,9:28:27 AM,12/27/2024,
870,156.2,gf,3.255,mm,OK,--,9:28:27 AM,12/27/2024,
871,158.4,gf,3.255,mm,OK,--,9:28:27 AM,12/27/2024,
872,160.4,gf,3.260,mm,OK,--,9:28:27 AM,12/27/2024,
873,162.2,gf,3.260,mm,OK,--,9:28:27 AM,12/27/2024,
874,163.6,gf,3.265,mm,OK,--,9:28:28 AM,12/27/2024,
875,165.4,gf,3.265,mm,OK,--,9:28:28 AM,12/27/2024,
876,167.4,gf,3.265,mm,OK,--,9:28:28 AM,12/27/2024,
877,169.7,gf,3.270,mm,OK,--,9:28:28 AM,12/27/2024,
878,171.2,gf,3.270,mm,OK,--,9:28:28 AM,12/27/2024,
879,172.4,gf,3.270,mm,OK,--,9:28:28 AM,12/27/2024,
880,174.0,gf,3.275,mm,OK,--,9:28:28 AM,12/27/2024,
881,177.2,gf,3.275,mm,OK,--,9:28:28 AM,12/27/2024,
882,179.8,gf,3.280,mm,OK,--,9:28:28 AM,12/27/2024,
883,181.9,gf,3.280,mm,OK,--,9:28:28 AM,12/27/2024,
884,184.0,gf,3.285,mm,OK,--,9:28:29 AM,12/27/2024,
885,185.6,gf,3.285,mm,OK,--,9:28:29 AM,12/27/2024,
886,186.5,gf,3.285,mm,OK,--,9:28:29 AM,12/27/2024,
887,187.7,gf,3.285,mm,OK,--,9:28:29 AM,12/27/2024,
888,189.1,gf,3.290,mm,OK,--,9:28:29 AM,12/27/2024,
889,190.1,gf,3.290,mm,OK,--,9:28:29 AM,12/27/2024,
890,191.7,gf,3.290,mm,OK,--,9:28:29 AM,12/27/2024,
891,192.4,gf,3.290,mm,OK,--,9:28:29 AM,12/27/2024,
892,192.8,gf,3.290,mm,OK,--,9:28:29 AM,12/27/2024,
893,192.7,gf,3.290,mm,OK,--,9:28:29 AM,12/27/2024,
894,192.5,gf,3.290,mm,OK,--,9:28:30 AM,12/27/2024,
895,192.4,gf,3.290,mm,OK,--,9:28:30 AM,12/27/2024,
896,192.4,gf,3.290,mm,OK,--,9:28:30 AM,12/27/2024,
897,192.4,gf,3.290,mm,OK,--,9:28:30 AM,12/27/2024,
898,192.4,gf,3.290,mm,OK,--,9:28:30 AM,12/27/2024,
899,192.4,gf,3.290,mm,OK,--,9:28:30 AM,12/27/2024,
900,192.4,gf,3.290,mm,OK,--,9:28:30 AM,12/27/2024,
901,192.4,gf,3.290,mm,OK,--,9:28:30 AM,12/27/2024,
902,192.3,gf,3.290,mm,OK,--,9:28:30 AM,12/27/2024,
903,192.3,gf,3.290,mm,OK,--,9:28:30 AM,12/27/2024,
904,192.3,gf,3.290,mm,OK,--,9:28:31 AM,12/27/2024,
905,192.3,gf,3.290,mm,OK,--,9:28:31 AM,12/27/2024,
906,192.3,gf,3.290,mm,OK,--,9:28:31 AM,12/27/2024,
907,192.3,gf,3.290,mm,OK,--,9:28:31 AM,12/27/2024,
908,192.1,gf,3.290,mm,OK,--,9:28:31 AM,12/27/2024,
909,192.0,gf,3.290,mm,OK,--,9:28:31 AM,12/27/2024,
910,191.7,gf,3.290,mm,OK,--,9:28:31 AM,12/27/2024,
911,191.6,gf,3.290,mm,OK,--,9:28:31 AM,12/27/2024,
912,191.5,gf,3.290,mm,OK,--,9:28:31 AM,12/27/2024,
913,191.5,gf,3.290,mm,OK,--,9:28:31 AM,12/27/2024,
914,191.4,gf,3.290,mm,OK,--,9:28:32 AM,12/27/2024,
915,191.3,gf,3.290,mm,OK,--,9:28:32 AM,12/27/2024,
916,191.1,gf,3.290,mm,OK,--,9:28:32 AM,12/27/2024,
917,191.1,gf,3.290,mm,OK,--,9:28:32 AM,12/27/2024,
918,191.0,gf,3.290,mm,OK,--,9:28:32 AM,12/27/2024,
919,190.8,gf,3.290,mm,OK,--,9:28:32 AM,12/27/2024,
920,190.3,gf,3.290,mm,OK,--,9:28:32 AM,12/27/2024,
921,190.2,gf,3.290,mm,OK,--,9:28:32 AM,12/27/2024,
922,190.0,gf,3.290,mm,OK,--,9:28:32 AM,12/27/2024,
923,189.7,gf,3.290,mm,OK,--,9:28:32 AM,12/27/2024,
924,189.2,gf,3.290,mm,OK,--,9:28:33 AM,12/27/2024,
925,188.8,gf,3.290,mm,OK,--,9:28:33 AM,12/27/2024,
926,188.6,gf,3.290,mm,OK,--,9:28:33 AM,12/27/2024,
927,188.2,gf,3.290,mm,OK,--,9:28:33 AM,12/27/2024,
928,187.8,gf,3.290,mm,OK,--,9:28:33 AM,12/27/2024,
929,187.5,gf,3.290,mm,OK,--,9:28:33 AM,12/27/2024,
930,187.1,gf,3.290,mm,OK,--,9:28:33 AM,12/27/2024,
931,186.7,gf,3.290,mm,OK,--,9:28:33 AM,12/27/2024,
932,186.1,gf,3.290,mm,OK,--,9:28:33 AM,12/27/2024,
933,185.6,gf,3.290,mm,OK,--,9:28:33 AM,12/27/2024,
934,185.3,gf,3.290,mm,OK,--,9:28:34 AM,12/27/2024,
935,185.0,gf,3.285,mm,OK,--,9:28:34 AM,12/27/2024,
936,184.7,gf,3.285,mm,OK,--,9:28:34 AM,12/27/2024,
937,184.0,gf,3.285,mm,OK,--,9:28:34 AM,12/27/2024,
938,182.9,gf,3.285,mm,OK,--,9:28:34 AM,12/27/2024,
939,181.9,gf,3.285,mm,OK,--,9:28:34 AM,12/27/2024,
940,181.2,gf,3.285,mm,OK,--,9:28:34 AM,12/27/2024,
941,180.5,gf,3.285,mm,OK,--,9:28:34 AM,12/27/2024,
942,179.9,gf,3.285,mm,OK,--,9:28:34 AM,12/27/2024,
943,179.5,gf,3.280,mm,OK,--,9:28:34 AM,12/27/2024,
944,179.1,gf,3.280,mm,OK,--,9:28:35 AM,12/27/2024,
945,178.7,gf,3.280,mm,OK,--,9:28:35 AM,12/27/2024,
946,178.4,gf,3.280,mm,OK,--,9:28:35 AM,12/27/2024,
947,178.1,gf,3.280,mm,OK,--,9:28:35 AM,12/27/2024,
948,177.7,gf,3.280,mm,OK,--,9:28:35 AM,12/27/2024,
949,177.1,gf,3.280,mm,OK,--,9:28:35 AM,12/27/2024,
950,176.8,gf,3.280,mm,OK,--,9:28:35 AM,12/27/2024,
951,176.5,gf,3.280,mm,OK,--,9:28:35 AM,12/27/2024,
952,176.2,gf,3.280,mm,OK,--,9:28:35 AM,12/27/2024,
953,175.9,gf,3.280,mm,OK,--,9:28:35 AM,12/27/2024,
954,175.7,gf,3.280,mm,OK,--,9:28:36 AM,12/27/2024,
955,175.5,gf,3.280,mm,OK,--,9:28:36 AM,12/27/2024,
956,175.3,gf,3.280,mm,OK,--,9:28:36 AM,12/27/2024,
957,175.0,gf,3.280,mm,OK,--,9:28:36 AM,12/27/2024,
958,174.6,gf,3.275,mm,OK,--,9:28:36 AM,12/27/2024,
959,174.2,gf,3.275,mm,OK,--,9:28:36 AM,12/27/2024,
960,173.7,gf,3.275,mm,OK,--,9:28:36 AM,12/27/2024,
961,173.3,gf,3.275,mm,OK,--,9:28:36 AM,12/27/2024,
962,173.2,gf,3.275,mm,OK,--,9:28:36 AM,12/27/2024,
963,173.1,gf,3.275,mm,OK,--,9:28:36 AM,12/27/2024,
964,172.8,gf,3.275,mm,OK,--,9:28:37 AM,12/27/2024,
965,172.6,gf,3.275,mm,OK,--,9:28:37 AM,12/27/2024,
966,172.5,gf,3.275,mm,OK,--,9:28:37 AM,12/27/2024,
967,172.4,gf,3.275,mm,OK,--,9:28:37 AM,12/27/2024,
968,172.3,gf,3.275,mm,OK,--,9:28:37 AM,12/27/2024,
969,172.3,gf,3.275,mm,OK,--,9:28:37 AM,12/27/2024,
970,172.2,gf,3.275,mm,OK,--,9:28:37 AM,12/27/2024,
971,172.1,gf,3.275,mm,OK,--,9:28:37 AM,12/27/2024,
972,172.0,gf,3.275,mm,OK,--,9:28:37 AM,12/27/2024,
973,171.8,gf,3.275,mm,OK,--,9:28:37 AM,12/27/2024,
974,171.7,gf,3.275,mm,OK,--,9:28:38 AM,12/27/2024,
975,171.7,gf,3.275,mm,OK,--,9:28:38 AM,12/27/2024,
976,171.7,gf,3.275,mm,OK,--,9:28:38 AM,12/27/2024,
977,171.6,gf,3.275,mm,OK,--,9:28:38 AM,12/27/2024,
978,171.4,gf,3.275,mm,OK,--,9:28:38 AM,12/27/2024,
979,171.2,gf,3.275,mm,OK,--,9:28:38 AM,12/27/2024,
980,171.3,gf,3.275,mm,OK,--,9:28:38 AM,12/27/2024,
981,171.0,gf,3.275,mm,OK,--,9:28:38 AM,12/27/2024,
982,171.1,gf,3.275,mm,OK,--,9:28:38 AM,12/27/2024,
983,170.9,gf,3.275,mm,OK,--,9:28:38 AM,12/27/2024,
984,170.8,gf,3.275,mm,OK,--,9:28:39 AM,12/27/2024,
985,170.5,gf,3.275,mm,OK,--,9:28:39 AM,12/27/2024,
986,170.3,gf,3.275,mm,OK,--,9:28:39 AM,12/27/2024,
987,170.0,gf,3.275,mm,OK,--,9:28:39 AM,12/27/2024,
988,169.8,gf,3.275,mm,OK,--,9:28:39 AM,12/27/2024,
989,169.5,gf,3.270,mm,OK,--,9:28:39 AM,12/27/2024,
990,169.6,gf,3.270,mm,OK,--,9:28:39 AM,12/27/2024,
991,169.6,gf,3.270,mm,OK,--,9:28:39 AM,12/27/2024,
992,169.4,gf,3.270,mm,OK,--,9:28:39 AM,12/27/2024,
993,169.3,gf,3.270,mm,OK,--,9:28:39 AM,12/27/2024,
994,169.0,gf,3.270,mm,OK,--,9:28:40 AM,12/27/2024,
995,168.6,gf,3.270,mm,OK,--,9:28:40 AM,12/27/2024,
996,168.3,gf,3.270,mm,OK,--,9:28:40 AM,12/27/2024,
997,167.8,gf,3.270,mm,OK,--,9:28:40 AM,12/27/2024,
998,167.5,gf,3.270,mm,OK,--,9:28:40 AM,12/27/2024,
999,167.3,gf,3.270,mm,OK,--,9:28:40 AM,12/27/2024,
1000,166.9,gf,3.270,mm,OK,--,9:28:40 AM,12/27/2024,
1001,166.7,gf,3.270,mm,OK,--,9:28:40 AM,12/27/2024,
1002,166.4,gf,3.270,mm,OK,--,9:28:40 AM,12/27/2024,
1003,166.0,gf,3.270,mm,OK,--,9:28:40 AM,12/27/2024,
1004,165.7,gf,3.270,mm,OK,--,9:28:41 AM,12/27/2024,
1005,165.5,gf,3.270,mm,OK,--,9:28:41 AM,12/27/2024,
1006,165.3,gf,3.270,mm,OK,--,9:28:41 AM,12/27/2024,
1007,165.1,gf,3.270,mm,OK,--,9:28:41 AM,12/27/2024,
1008,164.9,gf,3.270,mm,OK,--,9:28:41 AM,12/27/2024,
1009,164.5,gf,3.265,mm,OK,--,9:28:41 AM,12/27/2024,
1010,164.1,gf,3.265,mm,OK,--,9:28:41 AM,12/27/2024,
1011,163.7,gf,3.265,mm,OK,--,9:28:41 AM,12/27/2024,
1012,163.4,gf,3.265,mm,OK,--,9:28:41 AM,12/27/2024,
1013,163.1,gf,3.265,mm,OK,--,9:28:41 AM,12/27/2024,
1014,162.6,gf,3.265,mm,OK,--,9:28:42 AM,12/27/2024,
1015,162.1,gf,3.265,mm,OK,--,9:28:42 AM,12/27/2024,
1016,161.9,gf,3.265,mm,OK,--,9:28:42 AM,12/27/2024,
1017,161.4,gf,3.265,mm,OK,--,9:28:42 AM,12/27/2024,
1018,161.2,gf,3.265,mm,OK,--,9:28:42 AM,12/27/2024,
1019,161.0,gf,3.265,mm,OK,--,9:28:42 AM,12/27/2024,
1020,160.6,gf,3.265,mm,OK,--,9:28:42 AM,12/27/2024,
1021,160.2,gf,3.265,mm,OK,--,9:28:42 AM,12/27/2024,
1022,159.8,gf,3.265,mm,OK,--,9:28:42 AM,12/27/2024,
1023,159.5,gf,3.265,mm,OK,--,9:28:42 AM,12/27/2024,
1024,159.1,gf,3.260,mm,OK,--,9:28:43 AM,12/27/2024,
1025,158.6,gf,3.260,mm,OK,--,9:28:43 AM,12/27/2024,
1026,158.3,gf,3.260,mm,OK,--,9:28:43 AM,12/27/2024,
1027,157.7,gf,3.260,mm,OK,--,9:28:43 AM,12/27/2024,
1028,157.0,gf,3.260,mm,OK,--,9:28:43 AM,12/27/2024,
1029,156.1,gf,3.260,mm,OK,--,9:28:43 AM,12/27/2024,
1030,155.2,gf,3.260,mm,OK,--,9:28:43 AM,12/27/2024,
1031,154.5,gf,3.255,mm,OK,--,9:28:43 AM,12/27/2024,
1032,153.7,gf,3.255,mm,OK,--,9:28:43 AM,12/27/2024,
1033,153.2,gf,3.255,mm,OK,--,9:28:43 AM,12/27/2024,
1034,153.0,gf,3.255,mm,OK,--,9:28:44 AM,12/27/2024,
1035,152.7,gf,3.255,mm,OK,--,9:28:44 AM,12/27/2024,
1036,152.3,gf,3.255,mm,OK,--,9:28:44 AM,12/27/2024,
1037,152.0,gf,3.255,mm,OK,--,9:28:44 AM,12/27/2024,
1038,151.8,gf,3.255,mm,OK,--,9:28:44 AM,12/27/2024,
1039,151.4,gf,3.255,mm,OK,--,9:28:44 AM,12/27/2024,
1040,150.9,gf,3.255,mm,OK,--,9:28:44 AM,12/27/2024,
1041,150.4,gf,3.255,mm,OK,--,9:28:44 AM,12/27/2024,
1042,150.0,gf,3.255,mm,OK,--,9:28:44 AM,12/27/2024,
1043,149.5,gf,3.250,mm,OK,--,9:28:44 AM,12/27/2024,
1044,149.0,gf,3.250,mm,OK,--,9:28:45 AM,12/27/2024,
1045,148.9,gf,3.250,mm,OK,--,9:28:45 AM,12/27/2024,
1046,148.8,gf,3.250,mm,OK,--,9:28:45 AM,12/27/2024,
1047,148.6,gf,3.250,mm,OK,--,9:28:45 AM,12/27/2024,
1048,148.5,gf,3.250,mm,OK,--,9:28:45 AM,12/27/2024,
1049,148.4,gf,3.250,mm,OK,--,9:28:45 AM,12/27/2024,
1050,148.3,gf,3.250,mm,OK,--,9:28:45 AM,12/27/2024,
1051,148.2,gf,3.250,mm,OK,--,9:28:45 AM,12/27/2024,
1052,148.1,gf,3.250,mm,OK,--,9:28:45 AM,12/27/2024,
1053,148.1,gf,3.250,mm,OK,--,9:28:45 AM,12/27/2024,
1054,148.0,gf,3.250,mm,OK,--,9:28:46 AM,12/27/2024,
1055,147.8,gf,3.250,mm,OK,--,9:28:46 AM,12/27/2024,
1056,147.6,gf,3.250,mm,OK,--,9:28:46 AM,12/27/2024,
1057,147.4,gf,3.250,mm,OK,--,9:28:46 AM,12/27/2024,
1058,147.2,gf,3.250,mm,OK,--,9:28:46 AM,12/27/2024,
1059,146.9,gf,3.250,mm,OK,--,9:28:46 AM,12/27/2024,
1060,146.7,gf,3.250,mm,OK,--,9:28:46 AM,12/27/2024,
1061,146.2,gf,3.250,mm,OK,--,9:28:46 AM,12/27/2024,
1062,146.0,gf,3.250,mm,OK,--,9:28:46 AM,12/27/2024,
1063,145.7,gf,3.250,mm,OK,--,9:28:46 AM,12/27/2024,
1064,145.3,gf,3.250,mm,OK,--,9:28:47 AM,12/27/2024,
1065,145.1,gf,3.250,mm,OK,--,9:28:47 AM,12/27/2024,
1066,144.6,gf,3.250,mm,OK,--,9:28:47 AM,12/27/2024,
1067,144.1,gf,3.245,mm,OK,--,9:28:47 AM,12/27/2024,
1068,143.5,gf,3.245,mm,OK,--,9:28:47 AM,12/27/2024,
1069,142.9,gf,3.245,mm,OK,--,9:28:47 AM,12/27/2024,
1070,142.3,gf,3.245,mm,OK,--,9:28:47 AM,12/27/2024,
1071,141.7,gf,3.245,mm,OK,--,9:28:47 AM,12/27/2024,
1072,140.8,gf,3.245,mm,OK,--,9:28:47 AM,12/27/2024,
1073,139.8,gf,3.245,mm,OK,--,9:28:47 AM,12/27/2024,
1074,139.1,gf,3.240,mm,OK,--,9:28:48 AM,12/27/2024,
1075,138.2,gf,3.240,mm,OK,--,9:28:48 AM,12/27/2024,
1076,137.3,gf,3.240,mm,OK,--,9:28:48 AM,12/27/2024,
1077,136.1,gf,3.240,mm,OK,--,9:28:48 AM,12/27/2024,
1078,135.2,gf,3.240,mm,OK,--,9:28:48 AM,12/27/2024,
1079,134.7,gf,3.240,mm,OK,--,9:28:48 AM,12/27/2024,
1080,134.0,gf,3.235,mm,OK,--,9:28:48 AM,12/27/2024,
1081,133.0,gf,3.235,mm,OK,--,9:28:48 AM,12/27/2024,
1082,131.9,gf,3.235,mm,OK,--,9:28:48 AM,12/27/2024,
1083,130.9,gf,3.235,mm,OK,--,9:28:48 AM,12/27/2024,
1084,130.0,gf,3.235,mm,OK,--,9:28:49 AM,12/27/2024,
1085,128.9,gf,3.230,mm,OK,--,9:28:49 AM,12/27/2024,
1086,127.9,gf,3.230,mm,OK,--,9:28:49 AM,12/27/2024,
1087,126.8,gf,3.230,mm,OK,--,9:28:49 AM,12/27/2024,
1088,125.7,gf,3.230,mm,OK,--,9:28:49 AM,12/27/2024,
1089,124.9,gf,3.230,mm,OK,--,9:28:49 AM,12/27/2024,
1090,124.0,gf,3.230,mm,OK,--,9:28:49 AM,12/27/2024,
1091,123.1,gf,3.225,mm,OK,--,9:28:49 AM,12/27/2024,
1092,122.3,gf,3.225,mm,OK,--,9:28:49 AM,12/27/2024,
1093,121.5,gf,3.225,mm,OK,--,9:28:49 AM,12/27/2024,
1094,120.5,gf,3.225,mm,OK,--,9:28:50 AM,12/27/2024,
1095,119.4,gf,3.225,mm,OK,--,9:28:50 AM,12/27/2024,
1096,118.5,gf,3.220,mm,OK,--,9:28:50 AM,12/27/2024,
1097,117.6,gf,3.220,mm,OK,--,9:28:50 AM,12/27/2024,
1098,116.8,gf,3.220,mm,OK,--,9:28:50 AM,12/27/2024,
1099,116.0,gf,3.220,mm,OK,--,9:28:50 AM,12/27/2024,
1100,115.0,gf,3.220,mm,OK,--,9:28:50 AM,12/27/2024,
1101,114.1,gf,3.220,mm,OK,--,9:28:50 AM,12/27/2024,
1102,112.6,gf,3.215,mm,OK,--,9:28:50 AM,12/27/2024,
1103,110.3,gf,3.215,mm,OK,--,9:28:50 AM,12/27/2024,
1104,108.3,gf,3.210,mm,OK,--,9:28:51 AM,12/27/2024,
1105,105.9,gf,3.210,mm,OK,--,9:28:51 AM,12/27/2024,
1106,103.5,gf,3.205,mm,OK,--,9:28:51 AM,12/27/2024,
1107,100.3,gf,3.205,mm,OK,--,9:28:51 AM,12/27/2024,
1108,97.3,gf,3.200,mm,OK,--,9:28:51 AM,12/27/2024,
1109,94.2,gf,3.200,mm,OK,--,9:28:51 AM,12/27/2024,
1110,91.8,gf,3.195,mm,OK,--,9:28:51 AM,12/27/2024,
1111,89.5,gf,3.195,mm,OK,--,9:28:51 AM,12/27/2024,
1112,87.2,gf,3.190,mm,OK,--,9:28:51 AM,12/27/2024,
1113,85.1,gf,3.190,mm,OK,--,9:28:51 AM,12/27/2024,
1114,83.7,gf,3.185,mm,OK,--,9:28:52 AM,12/27/2024,
1115,82.2,gf,3.185,mm,OK,--,9:28:52 AM,12/27/2024,
1116,80.8,gf,3.185,mm,OK,--,9:28:52 AM,12/27/2024,
1117,79.2,gf,3.180,mm,OK,--,9:28:52 AM,12/27/2024,
1118,77.7,gf,3.180,mm,OK,--,9:28:52 AM,12/27/2024,
1119,75.9,gf,3.180,mm,OK,--,9:28:52 AM,12/27/2024,
1120,74.2,gf,3.175,mm,OK,--,9:28:52 AM,12/27/2024,
1121,72.1,gf,3.175,mm,OK,--,9:28:52 AM,12/27/2024,
1122,70.4,gf,3.175,mm,OK,--,9:28:52 AM,12/27/2024,
1123,68.5,gf,3.170,mm,OK,--,9:28:52 AM,12/27/2024,
1124,66.7,gf,3.170,mm,OK,--,9:28:53 AM,12/27/2024,
1125,64.8,gf,3.165,mm,OK,--,9:28:53 AM,12/27/2024,
1126,63.1,gf,3.165,mm,OK,--,9:28:53 AM,12/27/2024,
1127,61.2,gf,3.165,mm,OK,--,9:28:53 AM,12/27/2024,
1128,59.4,gf,3.160,mm,OK,--,9:28:53 AM,12/27/2024,
1129,57.7,gf,3.160,mm,OK,--,9:28:53 AM,12/27/2024,
1130,55.6,gf,3.155,mm,OK,--,9:28:53 AM,12/27/2024,
1131,53.3,gf,3.155,mm,OK,--,9:28:53 AM,12/27/2024,
1132,51.0,gf,3.150,mm,OK,--,9:28:53 AM,12/27/2024,
1133,48.7,gf,3.150,mm,OK,--,9:28:53 AM,12/27/2024,
1134,48.4,gf,3.145,mm,OK,--,9:28:54 AM,12/27/2024,
1135,48.5,gf,3.145,mm,OK,--,9:28:54 AM,12/27/2024,
1136,48.5,gf,3.145,mm,OK,--,9:28:54 AM,12/27/2024,
1137,48.5,gf,3.140,mm,OK,--,9:28:54 AM,12/27/2024,
1138,48.5,gf,3.140,mm,OK,--,9:28:54 AM,12/27/2024,
1139,48.5,gf,3.135,mm,OK,--,9:28:54 AM,12/27/2024,
1140,48.6,gf,3.130,mm,OK,--,9:28:54 AM,12/27/2024,
1141,48.6,gf,3.130,mm,OK,--,9:28:54 AM,12/27/2024,
1142,48.6,gf,3.125,mm,OK,--,9:28:54 AM,12/27/2024,
1143,48.6,gf,3.120,mm,OK,--,9:28:54 AM,12/27/2024,
1144,48.6,gf,3.115,mm,OK,--,9:28:55 AM,12/27/2024,
1145,48.5,gf,3.110,mm,OK,--,9:28:55 AM,12/27/2024,
1146,48.4,gf,3.110,mm,OK,--,9:28:55 AM,12/27/2024,
1147,48.3,gf,3.105,mm,OK,--,9:28:55 AM,12/27/2024,
1148,48.3,gf,3.100,mm,OK,--,9:28:55 AM,12/27/2024,
1149,48.3,gf,3.100,mm,OK,--,9:28:55 AM,12/27/2024,
1150,48.3,gf,3.095,mm,OK,--,9:28:55 AM,12/27/2024,
1151,48.3,gf,3.095,mm,OK,--,9:28:55 AM,12/27/2024,
1152,48.3,gf,3.090,mm,OK,--,9:28:55 AM,12/27/2024,
1153,48.3,gf,3.090,mm,OK,--,9:28:55 AM,12/27/2024,
1154,48.3,gf,3.090,mm,OK,--,9:28:56 AM,12/27/2024,
1155,48.3,gf,3.085,mm,OK,--,9:28:56 AM,12/27/2024,
1156,48.3,gf,3.085,mm,OK,--,9:28:56 AM,12/27/2024,
1157,48.3,gf,3.080,mm,OK,--,9:28:56 AM,12/27/2024,
1158,48.3,gf,3.080,mm,OK,--,9:28:56 AM,12/27/2024,
1159,48.3,gf,3.075,mm,OK,--,9:28:56 AM,12/27/2024,
1160,48.2,gf,3.070,mm,OK,--,9:28:56 AM,12/27/2024,
1161,48.2,gf,3.065,mm,OK,--,9:28:56 AM,12/27/2024,
1162,48.1,gf,3.065,mm,OK,--,9:28:56 AM,12/27/2024,
1163,48.0,gf,3.060,mm,OK,--,9:28:56 AM,12/27/2024,
1164,48.0,gf,3.055,mm,OK,--,9:28:57 AM,12/27/2024,
1165,48.1,gf,3.055,mm,OK,--,9:28:57 AM,12/27/2024,
1166,48.0,gf,3.050,mm,OK,--,9:28:57 AM,12/27/2024,
1167,48.0,gf,3.045,mm,OK,--,9:28:57 AM,12/27/2024,
1168,48.0,gf,3.045,mm,OK,--,9:28:57 AM,12/27/2024,
1169,47.9,gf,3.040,mm,OK,--,9:28:57 AM,12/27/2024,
1170,47.8,gf,3.035,mm,OK,--,9:28:57 AM,12/27/2024,
1171,47.7,gf,3.030,mm,OK,--,9:28:57 AM,12/27/2024,
1172,47.6,gf,3.025,mm,OK,--,9:28:57 AM,12/27/2024,
1173,47.6,gf,3.020,mm,OK,--,9:28:57 AM,12/27/2024,
1174,47.6,gf,3.015,mm,OK,--,9:28:58 AM,12/27/2024,
1175,47.6,gf,3.015,mm,OK,--,9:28:58 AM,12/27/2024,
1176,47.5,gf,3.010,mm,OK,--,9:28:58 AM,12/27/2024,
1177,47.5,gf,3.005,mm,OK,--,9:28:58 AM,12/27/2024,
1178,47.4,gf,3.000,mm,OK,--,9:28:58 AM,12/27/2024,
1179,47.4,gf,2.990,mm,OK,--,9:28:58 AM,12/27/2024,
1180,47.4,gf,2.985,mm,OK,--,9:28:58 AM,12/27/2024,
1181,47.4,gf,2.985,mm,OK,--,9:28:58 AM,12/27/2024,
1182,47.4,gf,2.980,mm,OK,--,9:28:58 AM,12/27/2024,
1183,47.4,gf,2.975,mm,OK,--,9:28:58 AM,12/27/2024,
1184,47.4,gf,2.970,mm,OK,--,9:28:59 AM,12/27/2024,
1185,47.4,gf,2.965,mm,OK,--,9:28:59 AM,12/27/2024,
1186,47.4,gf,2.965,mm,OK,--,9:28:59 AM,12/27/2024,
1187,47.4,gf,2.955,mm,OK,--,9:28:59 AM,12/27/2024,
1188,47.3,gf,2.955,mm,OK,--,9:28:59 AM,12/27/2024,
1189,47.3,gf,2.950,mm,OK,--,9:28:59 AM,12/27/2024,
1190,47.3,gf,2.950,mm,OK,--,9:28:59 AM,12/27/2024,
1191,47.2,gf,2.945,mm,OK,--,9:28:59 AM,12/27/2024,
1192,47.2,gf,2.945,mm,OK,--,9:28:59 AM,12/27/2024,
1193,47.1,gf,2.945,mm,OK,--,9:28:59 AM,12/27/2024,
1194,47.1,gf,2.945,mm,OK,--,9:29:00 AM,12/27/2024,
1195,47.1,gf,2.940,mm,OK,--,9:29:00 AM,12/27/2024,
1196,47.1,gf,2.940,mm,OK,--,9:29:00 AM,12/27/2024,
1197,47.1,gf,2.935,mm,OK,--,9:29:00 AM,12/27/2024,
1198,47.1,gf,2.930,mm,OK,--,9:29:00 AM,12/27/2024,
1199,47.2,gf,2.925,mm,OK,--,9:29:00 AM,12/27/2024,
1200,47.2,gf,2.920,mm,OK,--,9:29:00 AM,12/27/2024,
1201,47.1,gf,2.915,mm,OK,--,9:29:00 AM,12/27/2024,
1202,47.1,gf,2.910,mm,OK,--,9:29:00 AM,12/27/2024,
1203,47.1,gf,2.905,mm,OK,--,9:29:00 AM,12/27/2024,
1204,47.2,gf,2.900,mm,OK,--,9:29:01 AM,12/27/2024,
1205,47.1,gf,2.895,mm,OK,--,9:29:01 AM,12/27/2024,
1206,47.1,gf,2.890,mm,OK,--,9:29:01 AM,12/27/2024,
1207,47.1,gf,2.880,mm,OK,--,9:29:01 AM,12/27/2024,
1208,47.0,gf,2.870,mm,OK,--,9:29:01 AM,12/27/2024,
1209,47.0,gf,2.860,mm,OK,--,9:29:01 AM,12/27/2024,
1210,47.0,gf,2.855,mm,OK,--,9:29:01 AM,12/27/2024,
1211,47.0,gf,2.845,mm,OK,--,9:29:01 AM,12/27/2024,
1212,47.0,gf,2.840,mm,OK,--,9:29:01 AM,12/27/2024,
1213,47.0,gf,2.830,mm,OK,--,9:29:01 AM,12/27/2024,
1214,47.0,gf,2.825,mm,OK,--,9:29:02 AM,12/27/2024,
1215,46.9,gf,2.820,mm,OK,--,9:29:02 AM,12/27/2024,
1216,46.8,gf,2.810,mm,OK,--,9:29:02 AM,12/27/2024,
1217,46.7,gf,2.805,mm,OK,--,9:29:02 AM,12/27/2024,
1218,46.7,gf,2.795,mm,OK,--,9:29:02 AM,12/27/2024,
1219,46.7,gf,2.790,mm,OK,--,9:29:02 AM,12/27/2024,
1220,46.6,gf,2.785,mm,OK,--,9:29:02 AM,12/27/2024,
1221,46.6,gf,2.780,mm,OK,--,9:29:02 AM,12/27/2024,
1222,46.6,gf,2.775,mm,OK,--,9:29:02 AM,12/27/2024,
1223,46.6,gf,2.770,mm,OK,--,9:29:02 AM,12/27/2024,
1224,46.6,gf,2.765,mm,OK,--,9:29:03 AM,12/27/2024,
1225,46.6,gf,2.755,mm,OK,--,9:29:03 AM,12/27/2024,
1226,46.6,gf,2.750,mm,OK,--,9:29:03 AM,12/27/2024,
1227,46.5,gf,2.740,mm,OK,--,9:29:03 AM,12/27/2024,
1228,46.4,gf,2.730,mm,OK,--,9:29:03 AM,12/27/2024,
1229,46.4,gf,2.720,mm,OK,--,9:29:03 AM,12/27/2024,
1230,46.4,gf,2.715,mm,OK,--,9:29:03 AM,12/27/2024,
1231,46.4,gf,2.705,mm,OK,--,9:29:03 AM,12/27/2024,
1232,46.4,gf,2.695,mm,OK,--,9:29:03 AM,12/27/2024,
1233,46.4,gf,2.690,mm,OK,--,9:29:03 AM,12/27/2024,
1234,46.4,gf,2.685,mm,OK,--,9:29:04 AM,12/27/2024,
1235,46.3,gf,2.680,mm,OK,--,9:29:04 AM,12/27/2024,
1236,46.3,gf,2.680,mm,OK,--,9:29:04 AM,12/27/2024,
1237,46.3,gf,2.675,mm,OK,--,9:29:04 AM,12/27/2024,
1238,46.3,gf,2.670,mm,OK,--,9:29:04 AM,12/27/2024,
1239,46.3,gf,2.670,mm,OK,--,9:29:04 AM,12/27/2024,
1240,46.3,gf,2.665,mm,OK,--,9:29:04 AM,12/27/2024,
1241,46.3,gf,2.665,mm,OK,--,9:29:04 AM,12/27/2024,
1242,46.2,gf,2.660,mm,OK,--,9:29:04 AM,12/27/2024,
1243,46.2,gf,2.660,mm,OK,--,9:29:04 AM,12/27/2024,
1244,46.2,gf,2.660,mm,OK,--,9:29:05 AM,12/27/2024,
1245,46.2,gf,2.660,mm,OK,--,9:29:05 AM,12/27/2024,
1246,46.2,gf,2.655,mm,OK,--,9:29:05 AM,12/27/2024,
1247,46.2,gf,2.655,mm,OK,--,9:29:05 AM,12/27/2024,
1248,46.1,gf,2.655,mm,OK,--,9:29:05 AM,12/27/2024,
1249,46.1,gf,2.650,mm,OK,--,9:29:05 AM,12/27/2024,
1250,46.1,gf,2.650,mm,OK,--,9:29:05 AM,12/27/2024,
1251,46.1,gf,2.645,mm,OK,--,9:29:05 AM,12/27/2024,
1252,46.1,gf,2.645,mm,OK,--,9:29:05 AM,12/27/2024,
1253,46.1,gf,2.640,mm,OK,--,9:29:05 AM,12/27/2024,
1254,46.1,gf,2.635,mm,OK,--,9:29:06 AM,12/27/2024,
1255,46.1,gf,2.630,mm,OK,--,9:29:06 AM,12/27/2024,
1256,46.1,gf,2.625,mm,OK,--,9:29:06 AM,12/27/2024,
1257,46.1,gf,2.620,mm,OK,--,9:29:06 AM,12/27/2024,
1258,46.1,gf,2.615,mm,OK,--,9:29:06 AM,12/27/2024,
1259,46.1,gf,2.610,mm,OK,--,9:29:06 AM,12/27/2024,
1260,46.1,gf,2.605,mm,OK,--,9:29:06 AM,12/27/2024,
1261,46.1,gf,2.600,mm,OK,--,9:29:06 AM,12/27/2024,
1262,46.1,gf,2.595,mm,OK,--,9:29:06 AM,12/27/2024,
1263,46.0,gf,2.590,mm,OK,--,9:29:06 AM,12/27/2024,
1264,46.0,gf,2.585,mm,OK,--,9:29:07 AM,12/27/2024,
1265,46.0,gf,2.580,mm,OK,--,9:29:07 AM,12/27/2024,
1266,46.0,gf,2.575,mm,OK,--,9:29:07 AM,12/27/2024,
1267,46.0,gf,2.570,mm,OK,--,9:29:07 AM,12/27/2024,
1268,46.0,gf,2.560,mm,OK,--,9:29:07 AM,12/27/2024,
1269,45.9,gf,2.555,mm,OK,--,9:29:07 AM,12/27/2024,
1270,45.9,gf,2.550,mm,OK,--,9:29:07 AM,12/27/2024,
1271,45.9,gf,2.550,mm,OK,--,9:29:07 AM,12/27/2024,
1272,45.9,gf,2.545,mm,OK,--,9:29:07 AM,12/27/2024,
1273,45.9,gf,2.540,mm,OK,--,9:29:07 AM,12/27/2024,
1274,45.9,gf,2.535,mm,OK,--,9:29:08 AM,12/27/2024,
1275,45.9,gf,2.530,mm,OK,--,9:29:08 AM,12/27/2024,
1276,45.9,gf,2.525,mm,OK,--,9:29:08 AM,12/27/2024,
1277,45.9,gf,2.520,mm,OK,--,9:29:08 AM,12/27/2024,
1278,45.8,gf,2.515,mm,OK,--,9:29:08 AM,12/27/2024,
1279,45.8,gf,2.510,mm,OK,--,9:29:08 AM,12/27/2024,
1280,45.8,gf,2.505,mm,OK,--,9:29:08 AM,12/27/2024,
1281,45.8,gf,2.500,mm,OK,--,9:29:08 AM,12/27/2024,
1282,45.8,gf,2.495,mm,OK,--,9:29:08 AM,12/27/2024,
1283,45.7,gf,2.490,mm,OK,--,9:29:08 AM,12/27/2024,
1284,45.7,gf,2.485,mm,OK,--,9:29:09 AM,12/27/2024,
1285,45.7,gf,2.485,mm,OK,--,9:29:09 AM,12/27/2024,
1286,45.7,gf,2.480,mm,OK,--,9:29:09 AM,12/27/2024,
1287,45.6,gf,2.475,mm,OK,--,9:29:09 AM,12/27/2024,
1288,45.5,gf,2.475,mm,OK,--,9:29:09 AM,12/27/2024,
1289,45.5,gf,2.470,mm,OK,--,9:29:09 AM,12/27/2024,
1290,45.5,gf,2.470,mm,OK,--,9:29:09 AM,12/27/2024,
1291,45.5,gf,2.465,mm,OK,--,9:29:09 AM,12/27/2024,
1292,45.5,gf,2.465,mm,OK,--,9:29:09 AM,12/27/2024,
1293,45.5,gf,2.460,mm,OK,--,9:29:09 AM,12/27/2024,
1294,45.4,gf,2.460,mm,OK,--,9:29:10 AM,12/27/2024,
1295,45.4,gf,2.455,mm,OK,--,9:29:10 AM,12/27/2024,
1296,45.4,gf,2.455,mm,OK,--,9:29:10 AM,12/27/2024,
1297,45.4,gf,2.450,mm,OK,--,9:29:10 AM,12/27/2024,
1298,45.4,gf,2.450,mm,OK,--,9:29:10 AM,12/27/2024,
1299,45.4,gf,2.445,mm,OK,--,9:29:10 AM,12/27/2024,
1300,45.4,gf,2.445,mm,OK,--,9:29:10 AM,12/27/2024,
1301,45.4,gf,2.445,mm,OK,--,9:29:10 AM,12/27/2024,
1302,45.4,gf,2.440,mm,OK,--,9:29:10 AM,12/27/2024,
1303,45.4,gf,2.440,mm,OK,--,9:29:10 AM,12/27/2024,
1304,45.4,gf,2.440,mm,OK,--,9:29:11 AM,12/27/2024,
1305,45.3,gf,2.435,mm,OK,--,9:29:11 AM,12/27/2024,
1306,45.3,gf,2.430,mm,OK,--,9:29:11 AM,12/27/2024,
1307,45.3,gf,2.425,mm,OK,--,9:29:11 AM,12/27/2024,
1308,45.3,gf,2.415,mm,OK,--,9:29:11 AM,12/27/2024,
1309,45.2,gf,2.410,mm,OK,--,9:29:11 AM,12/27/2024,
1310,45.2,gf,2.370,mm,OK,--,9:29:11 AM,12/27/2024,
1311,45.1,gf,2.355,mm,OK,--,9:29:11 AM,12/27/2024,
1312,45.0,gf,2.350,mm,OK,--,9:29:11 AM,12/27/2024,
1313,44.9,gf,2.340,mm,OK,--,9:29:11 AM,12/27/2024,
1314,44.9,gf,2.330,mm,OK,--,9:29:12 AM,12/27/2024,
1315,44.8,gf,2.320,mm,OK,--,9:29:12 AM,12/27/2024,
1316,44.8,gf,2.305,mm,OK,--,9:29:12 AM,12/27/2024,
1317,44.7,gf,2.295,mm,OK,--,9:29:12 AM,12/27/2024,
1318,44.7,gf,2.285,mm,OK,--,9:29:12 AM,12/27/2024,
1319,44.7,gf,2.275,mm,OK,--,9:29:12 AM,12/27/2024,
1320,44.7,gf,2.270,mm,OK,--,9:29:12 AM,12/27/2024,
1321,44.7,gf,2.265,mm,OK,--,9:29:12 AM,12/27/2024,
1322,44.6,gf,2.260,mm,OK,--,9:29:12 AM,12/27/2024,
1323,44.5,gf,2.260,mm,OK,--,9:29:12 AM,12/27/2024,
1324,44.5,gf,2.255,mm,OK,--,9:29:13 AM,12/27/2024,
1325,44.4,gf,2.250,mm,OK,--,9:29:13 AM,12/27/2024,
1326,44.5,gf,2.250,mm,OK,--,9:29:13 AM,12/27/2024,
1327,44.5,gf,2.245,mm,OK,--,9:29:13 AM,12/27/2024,
1328,44.4,gf,2.245,mm,OK,--,9:29:13 AM,12/27/2024,
1329,44.4,gf,2.240,mm,OK,--,9:29:13 AM,12/27/2024,
1330,44.4,gf,2.240,mm,OK,--,9:29:13 AM,12/27/2024,
1331,44.4,gf,2.240,mm,OK,--,9:29:13 AM,12/27/2024,
1332,44.4,gf,2.235,mm,OK,--,9:29:13 AM,12/27/2024,
1333,44.3,gf,2.235,mm,OK,--,9:29:13 AM,12/27/2024,
1334,44.3,gf,2.235,mm,OK,--,9:29:14 AM,12/27/2024,
1335,44.3,gf,2.235,mm,OK,--,9:29:14 AM,12/27/2024,
1336,44.3,gf,2.230,mm,OK,--,9:29:14 AM,12/27/2024,
1337,44.3,gf,2.225,mm,OK,--,9:29:14 AM,12/27/2024,
1338,44.3,gf,2.220,mm,OK,--,9:29:14 AM,12/27/2024,
1339,44.3,gf,2.215,mm,OK,--,9:29:14 AM,12/27/2024,
1340,44.4,gf,2.215,mm,OK,--,9:29:14 AM,12/27/2024,
1341,44.3,gf,2.215,mm,OK,--,9:29:14 AM,12/27/2024,
1342,44.3,gf,2.215,mm,OK,--,9:29:14 AM,12/27/2024,
1343,44.3,gf,2.210,mm,OK,--,9:29:14 AM,12/27/2024,
1344,44.3,gf,2.210,mm,OK,--,9:29:15 AM,12/27/2024,
1345,44.3,gf,2.205,mm,OK,--,9:29:15 AM,12/27/2024,
1346,44.3,gf,2.205,mm,OK,--,9:29:15 AM,12/27/2024,
1347,44.3,gf,2.205,mm,OK,--,9:29:15 AM,12/27/2024,
1348,44.3,gf,2.200,mm,OK,--,9:29:15 AM,12/27/2024,
1349,44.2,gf,2.200,mm,OK,--,9:29:15 AM,12/27/2024,
1350,44.2,gf,2.195,mm,OK,--,9:29:15 AM,12/27/2024,
1351,44.2,gf,2.195,mm,OK,--,9:29:15 AM,12/27/2024,
1352,44.2,gf,2.190,mm,OK,--,9:29:15 AM,12/27/2024,
1353,44.1,gf,2.190,mm,OK,--,9:29:15 AM,12/27/2024,
1354,44.1,gf,2.190,mm,OK,--,9:29:16 AM,12/27/2024,
1355,44.1,gf,2.185,mm,OK,--,9:29:16 AM,12/27/2024,
1356,44.1,gf,2.185,mm,OK,--,9:29:16 AM,12/27/2024,
1357,44.1,gf,2.185,mm,OK,--,9:29:16 AM,12/27/2024,
1358,44.1,gf,2.185,mm,OK,--,9:29:16 AM,12/27/2024,
1359,44.1,gf,2.180,mm,OK,--,9:29:16 AM,12/27/2024,
1360,44.0,gf,2.180,mm,OK,--,9:29:16 AM,12/27/2024,
1361,44.1,gf,2.175,mm,OK,--,9:29:16 AM,12/27/2024,
1362,44.1,gf,2.165,mm,OK,--,9:29:16 AM,12/27/2024,
1363,44.1,gf,2.160,mm,OK,--,9:29:16 AM,12/27/2024,
1364,43.9,gf,2.155,mm,OK,--,9:29:17 AM,12/27/2024,
1365,43.4,gf,2.150,mm,OK,--,9:29:17 AM,12/27/2024,
1366,43.1,gf,2.145,mm,OK,--,9:29:17 AM,12/27/2024,
1367,42.6,gf,2.140,mm,OK,--,9:29:17 AM,12/27/2024,
1368,42.0,gf,2.135,mm,OK,--,9:29:17 AM,12/27/2024,
1369,41.2,gf,2.125,mm,OK,--,9:29:17 AM,12/27/2024,
1370,40.9,gf,2.120,mm,OK,--,9:29:17 AM,12/27/2024,
1371,40.6,gf,2.110,mm,OK,--,9:29:17 AM,12/27/2024,
1372,40.3,gf,2.100,mm,OK,--,9:29:17 AM,12/27/2024,
1373,40.0,gf,2.090,mm,OK,--,9:29:17 AM,12/27/2024,
1374,39.8,gf,2.085,mm,OK,--,9:29:18 AM,12/27/2024,
1375,39.6,gf,2.080,mm,OK,--,9:29:18 AM,12/27/2024,
1376,39.5,gf,2.075,mm,OK,--,9:29:18 AM,12/27/2024,
1377,39.3,gf,2.075,mm,OK,--,9:29:18 AM,12/27/2024,
1378,39.2,gf,2.070,mm,OK,--,9:29:18 AM,12/27/2024,
1379,39.0,gf,2.065,mm,OK,--,9:29:18 AM,12/27/2024,
1380,38.9,gf,2.055,mm,OK,--,9:29:18 AM,12/27/2024,
1381,38.9,gf,2.055,mm,OK,--,9:29:18 AM,12/27/2024,
1382,38.8,gf,2.055,mm,OK,--,9:29:18 AM,12/27/2024,
1383,38.6,gf,2.050,mm,OK,--,9:29:18 AM,12/27/2024,
1384,38.6,gf,2.050,mm,OK,--,9:29:19 AM,12/27/2024,
1385,38.4,gf,2.045,mm,OK,--,9:29:19 AM,12/27/2024,
1386,38.4,gf,2.045,mm,OK,--,9:29:19 AM,12/27/2024,
1387,38.3,gf,2.045,mm,OK,--,9:29:19 AM,12/27/2024,
1388,38.2,gf,2.040,mm,OK,--,9:29:19 AM,12/27/2024,
1389,38.1,gf,2.040,mm,OK,--,9:29:19 AM,12/27/2024,
1390,37.9,gf,2.035,mm,OK,--,9:29:19 AM,12/27/2024,
1391,37.7,gf,2.030,mm,OK,--,9:29:19 AM,12/27/2024,
1392,37.5,gf,2.025,mm,OK,--,9:29:19 AM,12/27/2024,
1393,37.4,gf,2.020,mm,OK,--,9:29:19 AM,12/27/2024,
1394,37.1,gf,2.015,mm,OK,--,9:29:20 AM,12/27/2024,
1395,37.0,gf,2.010,mm,OK,--,9:29:20 AM,12/27/2024,
1396,36.9,gf,2.005,mm,OK,--,9:29:20 AM,12/27/2024,
1397,36.8,gf,2.000,mm,OK,--,9:29:20 AM,12/27/2024,
1398,36.7,gf,2.000,mm,OK,--,9:29:20 AM,12/27/2024,
1399,36.4,gf,1.995,mm,OK,--,9:29:20 AM,12/27/2024,
1400,36.2,gf,1.985,mm,OK,--,9:29:20 AM,12/27/2024,
1401,35.7,gf,1.975,mm,OK,--,9:29:20 AM,12/27/2024,
1402,34.9,gf,1.965,mm,OK,--,9:29:20 AM,12/27/2024,
1403,34.3,gf,1.955,mm,OK,--,9:29:20 AM,12/27/2024,
1404,33.6,gf,1.945,mm,OK,--,9:29:21 AM,12/27/2024,
1405,32.9,gf,1.940,mm,OK,--,9:29:21 AM,12/27/2024,
1406,32.1,gf,1.925,mm,OK,--,9:29:21 AM,12/27/2024,
1407,31.2,gf,1.910,mm,OK,--,9:29:21 AM,12/27/2024,
1408,30.4,gf,1.890,mm,OK,--,9:29:21 AM,12/27/2024,
1409,30.4,gf,1.880,mm,OK,--,9:29:21 AM,12/27/2024,
1410,30.0,gf,1.865,mm,OK,--,9:29:21 AM,12/27/2024,
1411,30.0,gf,1.855,mm,OK,--,9:29:21 AM,12/27/2024,
1412,29.8,gf,1.850,mm,OK,--,9:29:21 AM,12/27/2024,
1413,29.7,gf,1.840,mm,OK,--,9:29:21 AM,12/27/2024,
1414,29.7,gf,1.835,mm,OK,--,9:29:22 AM,12/27/2024,
1415,29.6,gf,1.830,mm,OK,--,9:29:22 AM,12/27/2024,
1416,29.5,gf,1.825,mm,OK,--,9:29:22 AM,12/27/2024,
1417,29.5,gf,1.820,mm,OK,--,9:29:22 AM,12/27/2024,
1418,29.3,gf,1.815,mm,OK,--,9:29:22 AM,12/27/2024,
1419,29.3,gf,1.810,mm,OK,--,9:29:22 AM,12/27/2024,
1420,29.2,gf,1.805,mm,OK,--,9:29:22 AM,12/27/2024,
1421,29.1,gf,1.805,mm,OK,--,9:29:22 AM,12/27/2024,
1422,29.1,gf,1.800,mm,OK,--,9:29:22 AM,12/27/2024,
1423,28.8,gf,1.795,mm,OK,--,9:29:22 AM,12/27/2024,
1424,28.9,gf,1.790,mm,OK,--,9:29:23 AM,12/27/2024,
1425,29.0,gf,1.785,mm,OK,--,9:29:23 AM,12/27/2024,
1426,29.0,gf,1.780,mm,OK,--,9:29:23 AM,12/27/2024,
1427,28.9,gf,1.780,mm,OK,--,9:29:23 AM,12/27/2024,
1428,28.9,gf,1.775,mm,OK,--,9:29:23 AM,12/27/2024,
1429,28.8,gf,1.775,mm,OK,--,9:29:23 AM,12/27/2024,
1430,28.7,gf,1.775,mm,OK,--,9:29:23 AM,12/27/2024,
1431,28.4,gf,1.770,mm,OK,--,9:29:23 AM,12/27/2024,
1432,28.5,gf,1.760,mm,OK,--,9:29:23 AM,12/27/2024,
1433,28.5,gf,1.755,mm,OK,--,9:29:23 AM,12/27/2024,
1434,28.4,gf,1.745,mm,OK,--,9:29:24 AM,12/27/2024,
1435,28.4,gf,1.735,mm,OK,--,9:29:24 AM,12/27/2024,
1436,28.1,gf,1.725,mm,OK,--,9:29:24 AM,12/27/2024,
1437,28.2,gf,1.715,mm,OK,--,9:29:24 AM,12/27/2024,
1438,27.9,gf,1.705,mm,OK,--,9:29:24 AM,12/27/2024,
1439,27.8,gf,1.690,mm,OK,--,9:29:24 AM,12/27/2024,
1440,27.9,gf,1.685,mm,OK,--,9:29:24 AM,12/27/2024,
1441,27.8,gf,1.680,mm,OK,--,9:29:24 AM,12/27/2024,
1442,27.6,gf,1.670,mm,OK,--,9:29:24 AM,12/27/2024,
1443,27.5,gf,1.665,mm,OK,--,9:29:24 AM,12/27/2024,
1444,27.5,gf,1.660,mm,OK,--,9:29:25 AM,12/27/2024,
1445,27.6,gf,1.655,mm,OK,--,9:29:25 AM,12/27/2024,
1446,27.5,gf,1.650,mm,OK,--,9:29:25 AM,12/27/2024,
1447,27.4,gf,1.650,mm,OK,--,9:29:25 AM,12/27/2024,
1448,27.3,gf,1.645,mm,OK,--,9:29:25 AM,12/27/2024,
1449,27.1,gf,1.635,mm,OK,--,9:29:25 AM,12/27/2024,
1450,27.1,gf,1.630,mm,OK,--,9:29:25 AM,12/27/2024,
1451,27.1,gf,1.625,mm,OK,--,9:29:25 AM,12/27/2024,
1452,27.2,gf,1.625,mm,OK,--,9:29:25 AM,12/27/2024,
1453,27.3,gf,1.620,mm,OK,--,9:29:25 AM,12/27/2024,
1454,27.1,gf,1.615,mm,OK,--,9:29:26 AM,12/27/2024,
1455,26.9,gf,1.610,mm,OK,--,9:29:26 AM,12/27/2024,
1456,26.8,gf,1.605,mm,OK,--,9:29:26 AM,12/27/2024,
1457,26.8,gf,1.600,mm,OK,--,9:29:26 AM,12/27/2024,
1458,26.9,gf,1.600,mm,OK,--,9:29:26 AM,12/27/2024,
1459,26.8,gf,1.595,mm,OK,--,9:29:26 AM,12/27/2024,
1460,26.8,gf,1.590,mm,OK,--,9:29:26 AM,12/27/2024,
1461,26.7,gf,1.590,mm,OK,--,9:29:26 AM,12/27/2024,
1462,26.7,gf,1.585,mm,OK,--,9:29:26 AM,12/27/2024,
1463,26.6,gf,1.585,mm,OK,--,9:29:26 AM,12/27/2024,
1464,26.5,gf,1.580,mm,OK,--,9:29:27 AM,12/27/2024,
1465,26.5,gf,1.575,mm,OK,--,9:29:27 AM,12/27/2024,
1466,26.4,gf,1.570,mm,OK,--,9:29:27 AM,12/27/2024,
1467,26.4,gf,1.570,mm,OK,--,9:29:27 AM,12/27/2024,
1468,26.4,gf,1.565,mm,OK,--,9:29:27 AM,12/27/2024,
1469,26.4,gf,1.560,mm,OK,--,9:29:27 AM,12/27/2024,
1470,26.2,gf,1.560,mm,OK,--,9:29:27 AM,12/27/2024,
1471,26.1,gf,1.555,mm,OK,--,9:29:27 AM,12/27/2024,
1472,26.1,gf,1.555,mm,OK,--,9:29:27 AM,12/27/2024,
1473,26.0,gf,1.550,mm,OK,--,9:29:27 AM,12/27/2024,
1474,26.0,gf,1.550,mm,OK,--,9:29:28 AM,12/27/2024,
1475,25.9,gf,1.545,mm,OK,--,9:29:28 AM,12/27/2024,
1476,25.8,gf,1.540,mm,OK,--,9:29:28 AM,12/27/2024,
1477,25.8,gf,1.540,mm,OK,--,9:29:28 AM,12/27/2024,
1478,25.8,gf,1.535,mm,OK,--,9:29:28 AM,12/27/2024,
1479,25.8,gf,1.530,mm,OK,--,9:29:28 AM,12/27/2024,
1480,25.9,gf,1.530,mm,OK,--,9:29:28 AM,12/27/2024,
1481,25.7,gf,1.525,mm,OK,--,9:29:28 AM,12/27/2024,
1482,25.6,gf,1.520,mm,OK,--,9:29:28 AM,12/27/2024,
1483,25.5,gf,1.515,mm,OK,--,9:29:28 AM,12/27/2024,
1484,25.5,gf,1.510,mm,OK,--,9:29:29 AM,12/27/2024,
1485,25.5,gf,1.500,mm,OK,--,9:29:29 AM,12/27/2024,
1486,25.6,gf,1.490,mm,OK,--,9:29:29 AM,12/27/2024,
1487,25.8,gf,1.480,mm,OK,--,9:29:29 AM,12/27/2024,
1488,25.8,gf,1.475,mm,OK,--,9:29:29 AM,12/27/2024,
1489,25.8,gf,1.465,mm,OK,--,9:29:29 AM,12/27/2024,
1490,25.8,gf,1.460,mm,OK,--,9:29:29 AM,12/27/2024,
1491,25.8,gf,1.450,mm,OK,--,9:29:29 AM,12/27/2024,
1492,26.0,gf,1.445,mm,OK,--,9:29:29 AM,12/27/2024,
1493,26.0,gf,1.440,mm,OK,--,9:29:29 AM,12/27/2024,
1494,25.9,gf,1.435,mm,OK,--,9:29:30 AM,12/27/2024,
1495,25.9,gf,1.430,mm,OK,--,9:29:30 AM,12/27/2024,
1496,25.8,gf,1.425,mm,OK,--,9:29:30 AM,12/27/2024,
1497,26.0,gf,1.420,mm,OK,--,9:29:30 AM,12/27/2024,
1498,26.2,gf,1.415,mm,OK,--,9:29:30 AM,12/27/2024,
1499,26.3,gf,1.410,mm,OK,--,9:29:30 AM,12/27/2024,
1500,26.2,gf,1.405,mm,OK,--,9:29:30 AM,12/27/2024,
1501,25.9,gf,1.400,mm,OK,--,9:29:30 AM,12/27/2024,
1502,26.0,gf,1.385,mm,OK,--,9:29:30 AM,12/27/2024,
1503,26.6,gf,1.370,mm,OK,--,9:29:30 AM,12/27/2024,
1504,27.1,gf,1.360,mm,OK,--,9:29:31 AM,12/27/2024,
1505,27.4,gf,1.345,mm,OK,--,9:29:31 AM,12/27/2024,
1506,27.8,gf,1.335,mm,OK,--,9:29:31 AM,12/27/2024,
1507,28.2,gf,1.330,mm,OK,--,9:29:31 AM,12/27/2024,
1508,28.5,gf,1.320,mm,OK,--,9:29:31 AM,12/27/2024,
1509,28.7,gf,1.315,mm,OK,--,9:29:31 AM,12/27/2024,
1510,28.8,gf,1.305,mm,OK,--,9:29:31 AM,12/27/2024,
1511,28.9,gf,1.300,mm,OK,--,9:29:31 AM,12/27/2024,
1512,29.0,gf,1.295,mm,OK,--,9:29:31 AM,12/27/2024,
1513,29.1,gf,1.290,mm,OK,--,9:29:31 AM,12/27/2024,
1514,29.1,gf,1.280,mm,OK,--,9:29:32 AM,12/27/2024,
1515,29.3,gf,1.270,mm,OK,--,9:29:32 AM,12/27/2024,
1516,29.5,gf,1.260,mm,OK,--,9:29:32 AM,12/27/2024,
1517,29.7,gf,1.255,mm,OK,--,9:29:32 AM,12/27/2024,
1518,30.0,gf,1.250,mm,OK,--,9:29:32 AM,12/27/2024,
1519,30.2,gf,1.245,mm,OK,--,9:29:32 AM,12/27/2024,
1520,30.3,gf,1.235,mm,OK,--,9:29:32 AM,12/27/2024,
1521,30.5,gf,1.225,mm,OK,--,9:29:32 AM,12/27/2024,
1522,30.8,gf,1.220,mm,OK,--,9:29:32 AM,12/27/2024,
1523,31.0,gf,1.210,mm,OK,--,9:29:32 AM,12/27/2024,
1524,31.2,gf,1.200,mm,OK,--,9:29:33 AM,12/27/2024,
1525,31.3,gf,1.190,mm,OK,--,9:29:33 AM,12/27/2024,
1526,31.6,gf,1.180,mm,OK,--,9:29:33 AM,12/27/2024,
1527,32.2,gf,1.170,mm,OK,--,9:29:33 AM,12/27/2024,
1528,32.6,gf,1.160,mm,OK,--,9:29:33 AM,12/27/2024,
1529,32.6,gf,1.155,mm,OK,--,9:29:33 AM,12/27/2024,
1530,32.6,gf,1.150,mm,OK,--,9:29:33 AM,12/27/2024,
1531,32.8,gf,1.145,mm,OK,--,9:29:33 AM,12/27/2024,
1532,32.8,gf,1.140,mm,OK,--,9:29:33 AM,12/27/2024,
1533,33.1,gf,1.135,mm,OK,--,9:29:33 AM,12/27/2024,
1534,33.1,gf,1.130,mm,OK,--,9:29:34 AM,12/27/2024,
1535,33.1,gf,1.125,mm,OK,--,9:29:34 AM,12/27/2024,
1536,33.1,gf,1.125,mm,OK,--,9:29:34 AM,12/27/2024,
1537,33.1,gf,1.120,mm,OK,--,9:29:34 AM,12/27/2024,
1538,33.1,gf,1.120,mm,OK,--,9:29:34 AM,12/27/2024,
1539,33.1,gf,1.115,mm,OK,--,9:29:34 AM,12/27/2024,
1540,33.2,gf,1.115,mm,OK,--,9:29:34 AM,12/27/2024,
1541,33.2,gf,1.110,mm,OK,--,9:29:34 AM,12/27/2024,
1542,33.3,gf,1.105,mm,OK,--,9:29:34 AM,12/27/2024,
1543,33.5,gf,1.105,mm,OK,--,9:29:34 AM,12/27/2024,
1544,33.5,gf,1.100,mm,OK,--,9:29:35 AM,12/27/2024,
1545,33.6,gf,1.100,mm,OK,--,9:29:35 AM,12/27/2024,
1546,33.7,gf,1.095,mm,OK,--,9:29:35 AM,12/27/2024,
1547,33.7,gf,1.095,mm,OK,--,9:29:35 AM,12/27/2024,
1548,33.8,gf,1.090,mm,OK,--,9:29:35 AM,12/27/2024,
1549,33.8,gf,1.090,mm,OK,--,9:29:35 AM,12/27/2024,
1550,33.7,gf,1.090,mm,OK,--,9:29:35 AM,12/27/2024,
1551,33.9,gf,1.085,mm,OK,--,9:29:35 AM,12/27/2024,
1552,33.9,gf,1.085,mm,OK,--,9:29:35 AM,12/27/2024,
1553,33.9,gf,1.085,mm,OK,--,9:29:35 AM,12/27/2024,
1554,33.9,gf,1.080,mm,OK,--,9:29:36 AM,12/27/2024,
1555,33.8,gf,1.080,mm,OK,--,9:29:36 AM,12/27/2024,
1556,33.9,gf,1.075,mm,OK,--,9:29:36 AM,12/27/2024,
1557,34.2,gf,1.070,mm,OK,--,9:29:36 AM,12/27/2024,
1558,34.4,gf,1.060,mm,OK,--,9:29:36 AM,12/27/2024,
1559,34.6,gf,1.060,mm,OK,--,9:29:36 AM,12/27/2024,
1560,34.6,gf,1.055,mm,OK,--,9:29:36 AM,12/27/2024,
1561,34.7,gf,1.050,mm,OK,--,9:29:36 AM,12/27/2024,
1562,34.9,gf,1.045,mm,OK,--,9:29:36 AM,12/27/2024,
1563,35.0,gf,1.040,mm,OK,--,9:29:36 AM,12/27/2024,
1564,35.2,gf,1.035,mm,OK,--,9:29:37 AM,12/27/2024,
1565,35.3,gf,1.030,mm,OK,--,9:29:37 AM,12/27/2024,
1566,35.3,gf,1.025,mm,OK,--,9:29:37 AM,12/27/2024,
1567,35.5,gf,1.020,mm,OK,--,9:29:37 AM,12/27/2024,
1568,35.4,gf,1.010,mm,OK,--,9:29:37 AM,12/27/2024,
1569,35.5,gf,1.005,mm,OK,--,9:29:37 AM,12/27/2024,
1570,35.7,gf,0.995,mm,OK,--,9:29:37 AM,12/27/2024,
1571,35.6,gf,0.990,mm,OK,--,9:29:37 AM,12/27/2024,
1572,35.7,gf,0.985,mm,OK,--,9:29:37 AM,12/27/2024,
1573,35.7,gf,0.970,mm,OK,--,9:29:37 AM,12/27/2024,
1574,35.9,gf,0.960,mm,OK,--,9:29:38 AM,12/27/2024,
1575,36.3,gf,0.950,mm,OK,--,9:29:38 AM,12/27/2024,
1576,36.5,gf,0.945,mm,OK,--,9:29:38 AM,12/27/2024,
1577,36.6,gf,0.935,mm,OK,--,9:29:38 AM,12/27/2024,
1578,36.7,gf,0.930,mm,OK,--,9:29:38 AM,12/27/2024,
1579,36.8,gf,0.930,mm,OK,--,9:29:38 AM,12/27/2024,
1580,36.9,gf,0.925,mm,OK,--,9:29:38 AM,12/27/2024,
1581,36.8,gf,0.920,mm,OK,--,9:29:38 AM,12/27/2024,
1582,36.8,gf,0.915,mm,OK,--,9:29:38 AM,12/27/2024,
1583,36.9,gf,0.905,mm,OK,--,9:29:38 AM,12/27/2024,
1584,37.0,gf,0.900,mm,OK,--,9:29:39 AM,12/27/2024,
1585,37.0,gf,0.895,mm,OK,--,9:29:39 AM,12/27/2024,
1586,37.0,gf,0.890,mm,OK,--,9:29:39 AM,12/27/2024,
1587,37.0,gf,0.885,mm,OK,--,9:29:39 AM,12/27/2024,
1588,37.0,gf,0.875,mm,OK,--,9:29:39 AM,12/27/2024,
1589,37.1,gf,0.870,mm,OK,--,9:29:39 AM,12/27/2024,
1590,37.1,gf,0.860,mm,OK,--,9:29:39 AM,12/27/2024,
1591,37.1,gf,0.850,mm,OK,--,9:29:39 AM,12/27/2024,
1592,37.1,gf,0.845,mm,OK,--,9:29:39 AM,12/27/2024,
1593,37.2,gf,0.840,mm,OK,--,9:29:39 AM,12/27/2024,
1594,37.3,gf,0.835,mm,OK,--,9:29:40 AM,12/27/2024,
1595,37.3,gf,0.830,mm,OK,--,9:29:40 AM,12/27/2024,
1596,37.3,gf,0.820,mm,OK,--,9:29:40 AM,12/27/2024,
1597,37.4,gf,0.815,mm,OK,--,9:29:40 AM,12/27/2024,
1598,37.5,gf,0.815,mm,OK,--,9:29:40 AM,12/27/2024,
1599,37.5,gf,0.810,mm,OK,--,9:29:40 AM,12/27/2024,
1600,37.5,gf,0.810,mm,OK,--,9:29:40 AM,12/27/2024,
1601,37.5,gf,0.805,mm,OK,--,9:29:40 AM,12/27/2024,
1602,37.5,gf,0.805,mm,OK,--,9:29:40 AM,12/27/2024,
1603,37.6,gf,0.800,mm,OK,--,9:29:40 AM,12/27/2024,
1604,37.7,gf,0.800,mm,OK,--,9:29:41 AM,12/27/2024,
1605,37.7,gf,0.795,mm,OK,--,9:29:41 AM,12/27/2024,
1606,37.7,gf,0.795,mm,OK,--,9:29:41 AM,12/27/2024,
1607,37.7,gf,0.790,mm,OK,--,9:29:41 AM,12/27/2024,
1608,37.8,gf,0.790,mm,OK,--,9:29:41 AM,12/27/2024,
1609,37.8,gf,0.790,mm,OK,--,9:29:41 AM,12/27/2024,
1610,37.7,gf,0.785,mm,OK,--,9:29:41 AM,12/27/2024,
1611,37.6,gf,0.785,mm,OK,--,9:29:41 AM,12/27/2024,
1612,37.6,gf,0.780,mm,OK,--,9:29:41 AM,12/27/2024,
1613,37.5,gf,0.775,mm,OK,--,9:29:41 AM,12/27/2024,
1614,37.6,gf,0.775,mm,OK,--,9:29:42 AM,12/27/2024,
1615,37.7,gf,0.770,mm,OK,--,9:29:42 AM,12/27/2024,
1616,37.8,gf,0.765,mm,OK,--,9:29:42 AM,12/27/2024,
1617,37.9,gf,0.760,mm,OK,--,9:29:42 AM,12/27/2024,
1618,38.0,gf,0.760,mm,OK,--,9:29:42 AM,12/27/2024,
1619,38.0,gf,0.755,mm,OK,--,9:29:42 AM,12/27/2024,
1620,38.0,gf,0.755,mm,OK,--,9:29:42 AM,12/27/2024,
1621,38.0,gf,0.750,mm,OK,--,9:29:42 AM,12/27/2024,
1622,38.0,gf,0.745,mm,OK,--,9:29:42 AM,12/27/2024,
1623,38.1,gf,0.745,mm,OK,--,9:29:42 AM,12/27/2024,
1624,38.1,gf,0.740,mm,OK,--,9:29:43 AM,12/27/2024,
1625,38.1,gf,0.740,mm,OK,--,9:29:43 AM,12/27/2024,
1626,38.1,gf,0.735,mm,OK,--,9:29:43 AM,12/27/2024,
1627,38.1,gf,0.730,mm,OK,--,9:29:43 AM,12/27/2024,
1628,38.1,gf,0.725,mm,OK,--,9:29:43 AM,12/27/2024,
1629,38.1,gf,0.720,mm,OK,--,9:29:43 AM,12/27/2024,
1630,38.2,gf,0.720,mm,OK,--,9:29:43 AM,12/27/2024,
1631,38.2,gf,0.715,mm,OK,--,9:29:43 AM,12/27/2024,
1632,38.3,gf,0.710,mm,OK,--,9:29:43 AM,12/27/2024,
1633,38.3,gf,0.700,mm,OK,--,9:29:43 AM,12/27/2024,
1634,38.6,gf,0.695,mm,OK,--,9:29:44 AM,12/27/2024,
1635,38.7,gf,0.690,mm,OK,--,9:29:44 AM,12/27/2024,
1636,38.8,gf,0.685,mm,OK,--,9:29:44 AM,12/27/2024,
1637,38.8,gf,0.680,mm,OK,--,9:29:44 AM,12/27/2024,
1638,39.0,gf,0.680,mm,OK,--,9:29:44 AM,12/27/2024,
1639,39.2,gf,0.675,mm,OK,--,9:29:44 AM,12/27/2024,
1640,39.4,gf,0.670,mm,OK,--,9:29:44 AM,12/27/2024,
1641,39.5,gf,0.665,mm,OK,--,9:29:44 AM,12/27/2024,
1642,39.8,gf,0.660,mm,OK,--,9:29:44 AM,12/27/2024,
1643,40.0,gf,0.655,mm,OK,--,9:29:44 AM,12/27/2024,
1644,40.1,gf,0.645,mm,OK,--,9:29:45 AM,12/27/2024,
1645,40.5,gf,0.640,mm,OK,--,9:29:45 AM,12/27/2024,
1646,41.0,gf,0.630,mm,OK,--,9:29:45 AM,12/27/2024,
1647,41.4,gf,0.625,mm,OK,--,9:29:45 AM,12/27/2024,
1648,41.6,gf,0.625,mm,OK,--,9:29:45 AM,12/27/2024,
1649,41.6,gf,0.615,mm,OK,--,9:29:45 AM,12/27/2024,
1650,41.7,gf,0.610,mm,OK,--,9:29:45 AM,12/27/2024,
1651,42.3,gf,0.600,mm,OK,--,9:29:45 AM,12/27/2024,
1652,42.6,gf,0.595,mm,OK,--,9:29:45 AM,12/27/2024,
1653,42.9,gf,0.590,mm,OK,--,9:29:45 AM,12/27/2024,
1654,43.1,gf,0.585,mm,OK,--,9:29:46 AM,12/27/2024,
1655,43.2,gf,0.580,mm,OK,--,9:29:46 AM,12/27/2024,
1656,43.2,gf,0.575,mm,OK,--,9:29:46 AM,12/27/2024,
1657,43.0,gf,0.570,mm,OK,--,9:29:46 AM,12/27/2024,
1658,43.0,gf,0.560,mm,OK,--,9:29:46 AM,12/27/2024,
1659,42.9,gf,0.550,mm,OK,--,9:29:46 AM,12/27/2024,
1660,42.8,gf,0.545,mm,OK,--,9:29:46 AM,12/27/2024,
1661,42.6,gf,0.535,mm,OK,--,9:29:46 AM,12/27/2024,
1662,42.5,gf,0.530,mm,OK,--,9:29:46 AM,12/27/2024,
1663,42.3,gf,0.525,mm,OK,--,9:29:46 AM,12/27/2024,
1664,42.3,gf,0.520,mm,OK,--,9:29:47 AM,12/27/2024,
1665,42.3,gf,0.515,mm,OK,--,9:29:47 AM,12/27/2024,
1666,42.2,gf,0.515,mm,OK,--,9:29:47 AM,12/27/2024,
1667,42.0,gf,0.510,mm,OK,--,9:29:47 AM,12/27/2024,
1668,41.9,gf,0.500,mm,OK,--,9:29:47 AM,12/27/2024,
1669,41.7,gf,0.495,mm,OK,--,9:29:47 AM,12/27/2024,
1670,41.5,gf,0.490,mm,OK,--,9:29:47 AM,12/27/2024,
1671,41.4,gf,0.480,mm,OK,--,9:29:47 AM,12/27/2024,
1672,41.2,gf,0.475,mm,OK,--,9:29:47 AM,12/27/2024,
1673,41.0,gf,0.470,mm,OK,--,9:29:47 AM,12/27/2024,
1674,40.7,gf,0.465,mm,OK,--,9:29:48 AM,12/27/2024,
1675,40.3,gf,0.455,mm,OK,--,9:29:48 AM,12/27/2024,
1676,40.0,gf,0.445,mm,OK,--,9:29:48 AM,12/27/2024,
1677,39.6,gf,0.435,mm,OK,--,9:29:48 AM,12/27/2024,
1678,39.2,gf,0.425,mm,OK,--,9:29:48 AM,12/27/2024,
1679,38.9,gf,0.415,mm,OK,--,9:29:48 AM,12/27/2024,
1680,38.4,gf,0.405,mm,OK,--,9:29:48 AM,12/27/2024,
1681,37.8,gf,0.400,mm,OK,--,9:29:48 AM,12/27/2024,
1682,37.4,gf,0.390,mm,OK,--,9:29:48 AM,12/27/2024,
1683,37.4,gf,0.390,mm,OK,--,9:29:48 AM,12/27/2024,
1684,37.1,gf,0.385,mm,OK,--,9:29:49 AM,12/27/2024,
1685,36.9,gf,0.380,mm,OK,--,9:29:49 AM,12/27/2024,
1686,36.6,gf,0.375,mm,OK,--,9:29:49 AM,12/27/2024,
1687,36.5,gf,0.375,mm,OK,--,9:29:49 AM,12/27/2024,
1688,36.1,gf,0.370,mm,OK,--,9:29:49 AM,12/27/2024,
1689,35.9,gf,0.360,mm,OK,--,9:29:49 AM,12/27/2024,
1690,35.6,gf,0.360,mm,OK,--,9:29:49 AM,12/27/2024,
1691,35.4,gf,0.355,mm,OK,--,9:29:49 AM,12/27/2024,
1692,35.2,gf,0.350,mm,OK,--,9:29:49 AM,12/27/2024,
1693,35.0,gf,0.350,mm,OK,--,9:29:49 AM,12/27/2024,
1694,34.6,gf,0.345,mm,OK,--,9:29:50 AM,12/27/2024,
1695,34.3,gf,0.340,mm,OK,--,9:29:50 AM,12/27/2024,
1696,34.1,gf,0.335,mm,OK,--,9:29:50 AM,12/27/2024,
1697,34.0,gf,0.335,mm,OK,--,9:29:50 AM,12/27/2024,
1698,34.0,gf,0.335,mm,OK,--,9:29:50 AM,12/27/2024,
1699,34.0,gf,0.330,mm,OK,--,9:29:50 AM,12/27/2024,
1700,34.0,gf,0.330,mm,OK,--,9:29:50 AM,12/27/2024,
1701,33.9,gf,0.330,mm,OK,--,9:29:50 AM,12/27/2024,
1702,33.8,gf,0.330,mm,OK,--,9:29:50 AM,12/27/2024,
1703,33.8,gf,0.325,mm,OK,--,9:29:50 AM,12/27/2024,
1704,33.7,gf,0.325,mm,OK,--,9:29:51 AM,12/27/2024,
1705,33.6,gf,0.325,mm,OK,--,9:29:51 AM,12/27/2024,
1706,33.4,gf,0.320,mm,OK,--,9:29:51 AM,12/27/2024,
1707,33.3,gf,0.320,mm,OK,--,9:29:51 AM,12/27/2024,
1708,33.1,gf,0.315,mm,OK,--,9:29:51 AM,12/27/2024,
1709,33.0,gf,0.310,mm,OK,--,9:29:51 AM,12/27/2024,
1710,33.0,gf,0.310,mm,OK,--,9:29:51 AM,12/27/2024,
1711,32.8,gf,0.310,mm,OK,--,9:29:51 AM,12/27/2024,
1712,32.7,gf,0.305,mm,OK,--,9:29:51 AM,12/27/2024,
1713,32.5,gf,0.305,mm,OK,--,9:29:51 AM,12/27/2024,
1714,32.3,gf,0.300,mm,OK,--,9:29:52 AM,12/27/2024,
1715,32.1,gf,0.295,mm,OK,--,9:29:52 AM,12/27/2024,
1716,31.9,gf,0.290,mm,OK,--,9:29:52 AM,12/27/2024,
1717,31.4,gf,0.290,mm,OK,--,9:29:52 AM,12/27/2024,
1718,30.8,gf,0.285,mm,OK,--,9:29:52 AM,12/27/2024,
1719,28.5,gf,0.280,mm,OK,--,9:29:52 AM,12/27/2024,
1720,27.0,gf,0.275,mm,OK,--,9:29:52 AM,12/27/2024,
1721,27.7,gf,0.270,mm,OK,--,9:29:52 AM,12/27/2024,
1722,27.6,gf,0.265,mm,OK,--,9:29:52 AM,12/27/2024,
1723,27.6,gf,0.265,mm,OK,--,9:29:52 AM,12/27/2024,
1724,27.3,gf,0.260,mm,OK,--,9:29:53 AM,12/27/2024,
1725,27.3,gf,0.260,mm,OK,--,9:29:53 AM,12/27/2024,
1726,27.0,gf,0.255,mm,OK,--,9:29:53 AM,12/27/2024,
1727,26.7,gf,0.250,mm,OK,--,9:29:53 AM,12/27/2024,
1728,26.9,gf,0.245,mm,OK,--,9:29:53 AM,12/27/2024,
1729,26.8,gf,0.240,mm,OK,--,9:29:53 AM,12/27/2024,
1730,26.3,gf,0.235,mm,OK,--,9:29:53 AM,12/27/2024,
1731,24.7,gf,0.230,mm,OK,--,9:29:53 AM,12/27/2024,
1732,21.0,gf,0.230,mm,OK,--,9:29:53 AM,12/27/2024,
1733,18.9,gf,0.225,mm,OK,--,9:29:53 AM,12/27/2024,
1734,17.7,gf,0.220,mm,OK,--,9:29:54 AM,12/27/2024,
1735,15.4,gf,0.215,mm,OK,--,9:29:54 AM,12/27/2024,
1736,12.7,gf,0.210,mm,OK,--,9:29:54 AM,12/27/2024,
1737,9.2,gf,0.205,mm,OK,--,9:29:54 AM,12/27/2024,
1738,3.9,gf,0.200,mm,OK,--,9:29:54 AM,12/27/2024,
1739,0.1,gf,0.190,mm,OK,--,9:29:54 AM,12/27/2024,
1740,0.0,gf,0.175,mm,OK,--,9:29:54 AM,12/27/2024,
1741,0.0,gf,0.165,mm,OK,--,9:29:54 AM,12/27/2024,
1742,0.0,gf,0.155,mm,OK,--,9:29:54 AM,12/27/2024,
1743,0.0,gf,0.145,mm,OK,--,9:29:54 AM,12/27/2024,
1744,0.0,gf,0.140,mm,OK,--,9:29:55 AM,12/27/2024,
1745,0.0,gf,0.130,mm,OK,--,9:29:55 AM,12/27/2024,
1746,0.0,gf,0.120,mm,OK,--,9:29:55 AM,12/27/2024,
1747,0.0,gf,0.110,mm,OK,--,9:29:55 AM,12/27/2024,
1748,0.0,gf,0.100,mm,OK,--,9:29:55 AM,12/27/2024,
1749,0.0,gf,0.090,mm,OK,--,9:29:55 AM,12/27/2024,
1750,0.0,gf,0.075,mm,OK,--,9:29:55 AM,12/27/2024,
1751,0.0,gf,0.055,mm,OK,--,9:29:55 AM,12/27/2024,
1752,0.0,gf,0.040,mm,OK,--,9:29:55 AM,12/27/2024,
1753,0.0,gf,0.020,mm,OK,--,9:29:55 AM,12/27/2024,
1754,0.0,gf,0.010,mm,OK,--,9:29:56 AM,12/27/2024,
1755,0.0,gf,0.005,mm,OK,--,9:29:56 AM,12/27/2024,
1756,0.0,gf,-0.005,mm,OK,--,9:29:56 AM,12/27/2024,
1757,0.1,gf,-0.010,mm,OK,--,9:29:56 AM,12/27/2024,
1758,0.0,gf,-0.010,mm,OK,--,9:29:56 AM,12/27/2024,
1759,0.0,gf,-0.010,mm,OK,--,9:29:56 AM,12/27/2024,
1760,0.0,gf,-0.010,mm,OK,--,9:29:56 AM,12/27/2024,
1761,0.0,gf,-0.010,mm,OK,--,9:29:56 AM,12/27/2024,
1762,0.0,gf,-0.010,mm,OK,--,9:29:56 AM,12/27/2024,
1763,0.0,gf,-0.010,mm,OK,--,9:29:56 AM,12/27/2024,
1764,0.1,gf,-0.010,mm,OK,--,9:29:57 AM,12/27/2024,
1765,0.1,gf,-0.010,mm,OK,--,9:29:57 AM,12/27/2024,
1766,0.0,gf,-0.005,mm,OK,--,9:29:57 AM,12/27/2024,
1767,0.0,gf,-0.005,mm,OK,--,9:29:57 AM,12/27/2024,
1768,0.0,gf,-0.005,mm,OK,--,9:29:57 AM,12/27/2024,
1769,0.1,gf,-0.005,mm,OK,--,9:29:57 AM,12/27/2024,
1770,0.0,gf,-0.005,mm,OK,--,9:29:57 AM,12/27/2024,
1771,0.0,gf,-0.005,mm,OK,--,9:29:57 AM,12/27/2024,
1772,0.0,gf,-0.005,mm,OK,--,9:29:57 AM,12/27/2024,
1773,0.0,gf,-0.005,mm,OK,--,9:29:57 AM,12/27/2024,
1774,0.0,gf,-0.005,mm,OK,--,9:29:58 AM,12/27/2024,
1775,0.0,gf,-0.005,mm,OK,--,9:29:58 AM,12/27/2024,
1776,-0.1,gf,-0.005,mm,OK,--,9:29:58 AM,12/27/2024,
1777,0.0,gf,-0.005,mm,OK,--,9:29:58 AM,12/27/2024,
1778,0.0,gf,-0.005,mm,OK,--,9:29:58 AM,12/27/2024,
1779,0.0,gf,-0.005,mm,OK,--,9:29:58 AM,12/27/2024,
1780,0.0,gf,-0.005,mm,OK,--,9:29:58 AM,12/27/2024,
1781,0.0,gf,-0.005,mm,OK,--,9:29:58 AM,12/27/2024,
1782,0.0,gf,-0.005,mm,OK,--,9:29:58 AM,12/27/2024,
1783,0.0,gf,-0.005,mm,OK,--,9:29:58 AM,12/27/2024,
1784,0.0,gf,-0.005,mm,OK,--,9:29:59 AM,12/27/2024,
