Maximum,192.2,@,No.1021,,,,,,
Minimum,-0.2,@,No.5,,,,,,
Average,54.30,,,,,,,,
Data Quantity,1941,,,,,,,,
Number of NG,0,,,,,,,,
No.,Force,Unit,Displacement,Unit,Judge,Position,Time,Date,
1,0.0,gf,0.000,mm,OK,--,7:08:12 PM,12/3/2025,
2,0.5,gf,0.000,mm,OK,--,7:08:12 PM,12/3/2025,
3,0.1,gf,0.000,mm,OK,--,7:08:12 PM,12/3/2025,
4,-0.1,gf,0.000,mm,OK,--,7:08:12 PM,12/3/2025,
5,-0.2,gf,0.000,mm,OK,--,7:08:12 PM,12/3/2025,
6,-0.1,gf,0.005,mm,OK,--,7:08:12 PM,12/3/2025,
7,0.0,gf,0.005,mm,OK,--,7:08:12 PM,12/3/2025,
8,0.0,gf,0.005,mm,OK,--,7:08:13 PM,12/3/2025,
9,0.0,gf,0.010,mm,OK,--,7:08:13 PM,12/3/2025,
10,0.0,gf,0.010,mm,OK,--,7:08:13 PM,12/3/2025,
11,0.0,gf,0.015,mm,OK,--,7:08:13 PM,12/3/2025,
12,0.0,gf,0.015,mm,OK,--,7:08:13 PM,12/3/2025,
13,0.0,gf,0.020,mm,OK,--,7:08:13 PM,12/3/2025,
14,0.0,gf,0.020,mm,OK,--,7:08:13 PM,12/3/2025,
15,0.0,gf,0.025,mm,OK,--,7:08:13 PM,12/3/2025,
16,-0.1,gf,0.025,mm,OK,--,7:08:13 PM,12/3/2025,
17,0.0,gf,0.030,mm,OK,--,7:08:13 PM,12/3/2025,
18,0.0,gf,0.030,mm,OK,--,7:08:14 PM,12/3/2025,
19,0.0,gf,0.035,mm,OK,--,7:08:14 PM,12/3/2025,
20,0.0,gf,0.035,mm,OK,--,7:08:14 PM,12/3/2025,
21,0.0,gf,0.040,mm,OK,--,7:08:14 PM,12/3/2025,
22,0.0,gf,0.045,mm,OK,--,7:08:14 PM,12/3/2025,
23,-0.1,gf,0.045,mm,OK,--,7:08:14 PM,12/3/2025,
24,0.0,gf,0.050,mm,OK,--,7:08:14 PM,12/3/2025,
25,0.0,gf,0.055,mm,OK,--,7:08:14 PM,12/3/2025,
26,-0.1,gf,0.055,mm,OK,--,7:08:14 PM,12/3/2025,
27,0.0,gf,0.060,mm,OK,--,7:08:14 PM,12/3/2025,
28,0.0,gf,0.065,mm,OK,--,7:08:15 PM,12/3/2025,
29,0.0,gf,0.065,mm,OK,--,7:08:15 PM,12/3/2025,
30,0.0,gf,0.070,mm,OK,--,7:08:15 PM,12/3/2025,
31,0.0,gf,0.070,mm,OK,--,7:08:15 PM,12/3/2025,
32,0.0,gf,0.075,mm,OK,--,7:08:15 PM,12/3/2025,
33,0.0,gf,0.080,mm,OK,--,7:08:15 PM,12/3/2025,
34,0.0,gf,0.080,mm,OK,--,7:08:15 PM,12/3/2025,
35,0.0,gf,0.085,mm,OK,--,7:08:15 PM,12/3/2025,
36,0.0,gf,0.090,mm,OK,--,7:08:15 PM,12/3/2025,
37,0.0,gf,0.095,mm,OK,--,7:08:15 PM,12/3/2025,
38,0.0,gf,0.100,mm,OK,--,7:08:16 PM,12/3/2025,
39,0.0,gf,0.100,mm,OK,--,7:08:16 PM,12/3/2025,
40,0.0,gf,0.105,mm,OK,--,7:08:16 PM,12/3/2025,
41,0.0,gf,0.105,mm,OK,--,7:08:16 PM,12/3/2025,
42,0.0,gf,0.105,mm,OK,--,7:08:16 PM,12/3/2025,
43,0.0,gf,0.110,mm,OK,--,7:08:16 PM,12/3/2025,
44,0.0,gf,0.110,mm,OK,--,7:08:16 PM,12/3/2025,
45,0.0,gf,0.115,mm,OK,--,7:08:16 PM,12/3/2025,
46,0.0,gf,0.115,mm,OK,--,7:08:16 PM,12/3/2025,
47,0.0,gf,0.120,mm,OK,--,7:08:16 PM,12/3/2025,
48,0.0,gf,0.120,mm,OK,--,7:08:17 PM,12/3/2025,
49,0.0,gf,0.120,mm,OK,--,7:08:17 PM,12/3/2025,
50,0.0,gf,0.125,mm,OK,--,7:08:17 PM,12/3/2025,
51,0.5,gf,0.125,mm,OK,--,7:08:17 PM,12/3/2025,
52,2.5,gf,0.130,mm,OK,--,7:08:17 PM,12/3/2025,
53,4.3,gf,0.130,mm,OK,--,7:08:17 PM,12/3/2025,
54,5.7,gf,0.135,mm,OK,--,7:08:17 PM,12/3/2025,
55,6.2,gf,0.135,mm,OK,--,7:08:17 PM,12/3/2025,
56,6.5,gf,0.135,mm,OK,--,7:08:17 PM,12/3/2025,
57,7.1,gf,0.135,mm,OK,--,7:08:17 PM,12/3/2025,
58,8.6,gf,0.135,mm,OK,--,7:08:18 PM,12/3/2025,
59,10.0,gf,0.140,mm,OK,--,7:08:18 PM,12/3/2025,
60,11.1,gf,0.140,mm,OK,--,7:08:18 PM,12/3/2025,
61,12.2,gf,0.140,mm,OK,--,7:08:18 PM,12/3/2025,
62,14.0,gf,0.140,mm,OK,--,7:08:18 PM,12/3/2025,
63,16.9,gf,0.145,mm,OK,--,7:08:18 PM,12/3/2025,
64,19.2,gf,0.145,mm,OK,--,7:08:18 PM,12/3/2025,
65,22.1,gf,0.150,mm,OK,--,7:08:18 PM,12/3/2025,
66,24.8,gf,0.155,mm,OK,--,7:08:18 PM,12/3/2025,
67,26.1,gf,0.160,mm,OK,--,7:08:18 PM,12/3/2025,
68,27.4,gf,0.160,mm,OK,--,7:08:19 PM,12/3/2025,
69,29.1,gf,0.165,mm,OK,--,7:08:19 PM,12/3/2025,
70,29.8,gf,0.170,mm,OK,--,7:08:19 PM,12/3/2025,
71,30.8,gf,0.175,mm,OK,--,7:08:19 PM,12/3/2025,
72,31.6,gf,0.175,mm,OK,--,7:08:19 PM,12/3/2025,
73,32.2,gf,0.180,mm,OK,--,7:08:19 PM,12/3/2025,
74,32.5,gf,0.180,mm,OK,--,7:08:19 PM,12/3/2025,
75,33.1,gf,0.180,mm,OK,--,7:08:19 PM,12/3/2025,
76,33.5,gf,0.185,mm,OK,--,7:08:19 PM,12/3/2025,
77,33.7,gf,0.185,mm,OK,--,7:08:19 PM,12/3/2025,
78,33.8,gf,0.190,mm,OK,--,7:08:20 PM,12/3/2025,
79,33.9,gf,0.190,mm,OK,--,7:08:20 PM,12/3/2025,
80,33.9,gf,0.190,mm,OK,--,7:08:20 PM,12/3/2025,
81,34.1,gf,0.190,mm,OK,--,7:08:20 PM,12/3/2025,
82,34.0,gf,0.195,mm,OK,--,7:08:20 PM,12/3/2025,
83,33.9,gf,0.195,mm,OK,--,7:08:20 PM,12/3/2025,
84,34.0,gf,0.195,mm,OK,--,7:08:20 PM,12/3/2025,
85,34.1,gf,0.200,mm,OK,--,7:08:20 PM,12/3/2025,
86,34.1,gf,0.200,mm,OK,--,7:08:20 PM,12/3/2025,
87,34.1,gf,0.205,mm,OK,--,7:08:20 PM,12/3/2025,
88,34.2,gf,0.205,mm,OK,--,7:08:21 PM,12/3/2025,
89,34.1,gf,0.205,mm,OK,--,7:08:21 PM,12/3/2025,
90,34.1,gf,0.210,mm,OK,--,7:08:21 PM,12/3/2025,
91,34.3,gf,0.210,mm,OK,--,7:08:21 PM,12/3/2025,
92,34.1,gf,0.210,mm,OK,--,7:08:21 PM,12/3/2025,
93,34.1,gf,0.215,mm,OK,--,7:08:21 PM,12/3/2025,
94,34.1,gf,0.215,mm,OK,--,7:08:21 PM,12/3/2025,
95,34.2,gf,0.215,mm,OK,--,7:08:21 PM,12/3/2025,
96,34.3,gf,0.215,mm,OK,--,7:08:21 PM,12/3/2025,
97,34.4,gf,0.220,mm,OK,--,7:08:21 PM,12/3/2025,
98,34.6,gf,0.220,mm,OK,--,7:08:22 PM,12/3/2025,
99,34.5,gf,0.225,mm,OK,--,7:08:22 PM,12/3/2025,
100,34.2,gf,0.225,mm,OK,--,7:08:22 PM,12/3/2025,
101,34.2,gf,0.230,mm,OK,--,7:08:22 PM,12/3/2025,
102,34.3,gf,0.235,mm,OK,--,7:08:22 PM,12/3/2025,
103,34.5,gf,0.235,mm,OK,--,7:08:22 PM,12/3/2025,
104,34.3,gf,0.240,mm,OK,--,7:08:22 PM,12/3/2025,
105,34.3,gf,0.245,mm,OK,--,7:08:22 PM,12/3/2025,
106,34.5,gf,0.255,mm,OK,--,7:08:22 PM,12/3/2025,
107,34.4,gf,0.265,mm,OK,--,7:08:22 PM,12/3/2025,
108,34.1,gf,0.275,mm,OK,--,7:08:23 PM,12/3/2025,
109,34.4,gf,0.285,mm,OK,--,7:08:23 PM,12/3/2025,
110,34.2,gf,0.295,mm,OK,--,7:08:23 PM,12/3/2025,
111,34.2,gf,0.305,mm,OK,--,7:08:23 PM,12/3/2025,
112,34.2,gf,0.310,mm,OK,--,7:08:23 PM,12/3/2025,
113,34.4,gf,0.320,mm,OK,--,7:08:23 PM,12/3/2025,
114,34.5,gf,0.330,mm,OK,--,7:08:23 PM,12/3/2025,
115,34.2,gf,0.345,mm,OK,--,7:08:23 PM,12/3/2025,
116,34.3,gf,0.360,mm,OK,--,7:08:23 PM,12/3/2025,
117,34.5,gf,0.375,mm,OK,--,7:08:23 PM,12/3/2025,
118,34.5,gf,0.390,mm,OK,--,7:08:24 PM,12/3/2025,
119,34.5,gf,0.410,mm,OK,--,7:08:24 PM,12/3/2025,
120,34.7,gf,0.430,mm,OK,--,7:08:24 PM,12/3/2025,
121,34.6,gf,0.440,mm,OK,--,7:08:24 PM,12/3/2025,
122,34.7,gf,0.455,mm,OK,--,7:08:24 PM,12/3/2025,
123,34.6,gf,0.465,mm,OK,--,7:08:24 PM,12/3/2025,
124,34.8,gf,0.480,mm,OK,--,7:08:24 PM,12/3/2025,
125,34.6,gf,0.490,mm,OK,--,7:08:24 PM,12/3/2025,
126,35.3,gf,0.500,mm,OK,--,7:08:24 PM,12/3/2025,
127,35.5,gf,0.510,mm,OK,--,7:08:24 PM,12/3/2025,
128,35.4,gf,0.525,mm,OK,--,7:08:25 PM,12/3/2025,
129,35.4,gf,0.535,mm,OK,--,7:08:25 PM,12/3/2025,
130,35.6,gf,0.545,mm,OK,--,7:08:25 PM,12/3/2025,
131,35.9,gf,0.555,mm,OK,--,7:08:25 PM,12/3/2025,
132,35.7,gf,0.560,mm,OK,--,7:08:25 PM,12/3/2025,
133,35.8,gf,0.570,mm,OK,--,7:08:25 PM,12/3/2025,
134,36.0,gf,0.575,mm,OK,--,7:08:25 PM,12/3/2025,
135,36.0,gf,0.580,mm,OK,--,7:08:25 PM,12/3/2025,
136,35.9,gf,0.585,mm,OK,--,7:08:25 PM,12/3/2025,
137,35.6,gf,0.590,mm,OK,--,7:08:25 PM,12/3/2025,
138,35.5,gf,0.595,mm,OK,--,7:08:26 PM,12/3/2025,
139,35.5,gf,0.595,mm,OK,--,7:08:26 PM,12/3/2025,
140,35.5,gf,0.600,mm,OK,--,7:08:26 PM,12/3/2025,
141,35.7,gf,0.600,mm,OK,--,7:08:26 PM,12/3/2025,
142,36.1,gf,0.605,mm,OK,--,7:08:26 PM,12/3/2025,
143,36.2,gf,0.610,mm,OK,--,7:08:26 PM,12/3/2025,
144,36.1,gf,0.615,mm,OK,--,7:08:26 PM,12/3/2025,
145,36.1,gf,0.620,mm,OK,--,7:08:26 PM,12/3/2025,
146,36.0,gf,0.625,mm,OK,--,7:08:26 PM,12/3/2025,
147,35.9,gf,0.630,mm,OK,--,7:08:26 PM,12/3/2025,
148,35.9,gf,0.630,mm,OK,--,7:08:27 PM,12/3/2025,
149,36.0,gf,0.635,mm,OK,--,7:08:27 PM,12/3/2025,
150,36.1,gf,0.635,mm,OK,--,7:08:27 PM,12/3/2025,
151,36.0,gf,0.640,mm,OK,--,7:08:27 PM,12/3/2025,
152,36.1,gf,0.640,mm,OK,--,7:08:27 PM,12/3/2025,
153,36.2,gf,0.640,mm,OK,--,7:08:27 PM,12/3/2025,
154,36.3,gf,0.645,mm,OK,--,7:08:27 PM,12/3/2025,
155,36.3,gf,0.645,mm,OK,--,7:08:27 PM,12/3/2025,
156,36.4,gf,0.650,mm,OK,--,7:08:27 PM,12/3/2025,
157,36.5,gf,0.650,mm,OK,--,7:08:27 PM,12/3/2025,
158,36.5,gf,0.650,mm,OK,--,7:08:28 PM,12/3/2025,
159,36.3,gf,0.655,mm,OK,--,7:08:28 PM,12/3/2025,
160,36.4,gf,0.655,mm,OK,--,7:08:28 PM,12/3/2025,
161,36.4,gf,0.655,mm,OK,--,7:08:28 PM,12/3/2025,
162,36.4,gf,0.660,mm,OK,--,7:08:28 PM,12/3/2025,
163,36.5,gf,0.660,mm,OK,--,7:08:28 PM,12/3/2025,
164,36.7,gf,0.660,mm,OK,--,7:08:28 PM,12/3/2025,
165,36.5,gf,0.665,mm,OK,--,7:08:28 PM,12/3/2025,
166,36.6,gf,0.665,mm,OK,--,7:08:28 PM,12/3/2025,
167,36.8,gf,0.670,mm,OK,--,7:08:28 PM,12/3/2025,
168,36.8,gf,0.675,mm,OK,--,7:08:29 PM,12/3/2025,
169,36.7,gf,0.675,mm,OK,--,7:08:29 PM,12/3/2025,
170,36.8,gf,0.680,mm,OK,--,7:08:29 PM,12/3/2025,
171,37.0,gf,0.685,mm,OK,--,7:08:29 PM,12/3/2025,
172,36.8,gf,0.690,mm,OK,--,7:08:29 PM,12/3/2025,
173,36.8,gf,0.695,mm,OK,--,7:08:29 PM,12/3/2025,
174,36.8,gf,0.695,mm,OK,--,7:08:29 PM,12/3/2025,
175,37.0,gf,0.700,mm,OK,--,7:08:29 PM,12/3/2025,
176,36.9,gf,0.705,mm,OK,--,7:08:29 PM,12/3/2025,
177,36.5,gf,0.705,mm,OK,--,7:08:29 PM,12/3/2025,
178,36.9,gf,0.705,mm,OK,--,7:08:30 PM,12/3/2025,
179,37.0,gf,0.710,mm,OK,--,7:08:30 PM,12/3/2025,
180,36.5,gf,0.710,mm,OK,--,7:08:30 PM,12/3/2025,
181,37.0,gf,0.710,mm,OK,--,7:08:30 PM,12/3/2025,
182,37.2,gf,0.720,mm,OK,--,7:08:30 PM,12/3/2025,
183,37.4,gf,0.725,mm,OK,--,7:08:30 PM,12/3/2025,
184,37.3,gf,0.725,mm,OK,--,7:08:30 PM,12/3/2025,
185,37.3,gf,0.730,mm,OK,--,7:08:30 PM,12/3/2025,
186,37.1,gf,0.735,mm,OK,--,7:08:30 PM,12/3/2025,
187,36.9,gf,0.735,mm,OK,--,7:08:30 PM,12/3/2025,
188,36.5,gf,0.735,mm,OK,--,7:08:31 PM,12/3/2025,
189,36.5,gf,0.735,mm,OK,--,7:08:31 PM,12/3/2025,
190,36.8,gf,0.740,mm,OK,--,7:08:31 PM,12/3/2025,
191,37.2,gf,0.740,mm,OK,--,7:08:31 PM,12/3/2025,
192,37.0,gf,0.745,mm,OK,--,7:08:31 PM,12/3/2025,
193,36.9,gf,0.745,mm,OK,--,7:08:31 PM,12/3/2025,
194,37.0,gf,0.750,mm,OK,--,7:08:31 PM,12/3/2025,
195,37.2,gf,0.750,mm,OK,--,7:08:31 PM,12/3/2025,
196,37.4,gf,0.755,mm,OK,--,7:08:31 PM,12/3/2025,
197,37.7,gf,0.760,mm,OK,--,7:08:31 PM,12/3/2025,
198,37.5,gf,0.765,mm,OK,--,7:08:32 PM,12/3/2025,
199,37.6,gf,0.765,mm,OK,--,7:08:32 PM,12/3/2025,
200,37.9,gf,0.770,mm,OK,--,7:08:32 PM,12/3/2025,
201,37.9,gf,0.775,mm,OK,--,7:08:32 PM,12/3/2025,
202,37.9,gf,0.780,mm,OK,--,7:08:32 PM,12/3/2025,
203,37.8,gf,0.780,mm,OK,--,7:08:32 PM,12/3/2025,
204,38.0,gf,0.785,mm,OK,--,7:08:32 PM,12/3/2025,
205,38.2,gf,0.785,mm,OK,--,7:08:32 PM,12/3/2025,
206,38.4,gf,0.785,mm,OK,--,7:08:32 PM,12/3/2025,
207,38.4,gf,0.790,mm,OK,--,7:08:32 PM,12/3/2025,
208,38.2,gf,0.790,mm,OK,--,7:08:33 PM,12/3/2025,
209,38.3,gf,0.790,mm,OK,--,7:08:33 PM,12/3/2025,
210,38.2,gf,0.795,mm,OK,--,7:08:33 PM,12/3/2025,
211,38.5,gf,0.795,mm,OK,--,7:08:33 PM,12/3/2025,
212,39.0,gf,0.800,mm,OK,--,7:08:33 PM,12/3/2025,
213,39.2,gf,0.810,mm,OK,--,7:08:33 PM,12/3/2025,
214,39.4,gf,0.820,mm,OK,--,7:08:33 PM,12/3/2025,
215,39.8,gf,0.825,mm,OK,--,7:08:33 PM,12/3/2025,
216,40.4,gf,0.835,mm,OK,--,7:08:33 PM,12/3/2025,
217,40.9,gf,0.840,mm,OK,--,7:08:33 PM,12/3/2025,
218,41.4,gf,0.855,mm,OK,--,7:08:34 PM,12/3/2025,
219,43.1,gf,0.865,mm,OK,--,7:08:34 PM,12/3/2025,
220,44.6,gf,0.880,mm,OK,--,7:08:34 PM,12/3/2025,
221,45.4,gf,0.895,mm,OK,--,7:08:34 PM,12/3/2025,
222,46.7,gf,0.905,mm,OK,--,7:08:34 PM,12/3/2025,
223,46.7,gf,0.910,mm,OK,--,7:08:34 PM,12/3/2025,
224,46.1,gf,0.915,mm,OK,--,7:08:34 PM,12/3/2025,
225,46.6,gf,0.915,mm,OK,--,7:08:34 PM,12/3/2025,
226,47.2,gf,0.920,mm,OK,--,7:08:34 PM,12/3/2025,
227,47.5,gf,0.920,mm,OK,--,7:08:34 PM,12/3/2025,
228,47.5,gf,0.925,mm,OK,--,7:08:35 PM,12/3/2025,
229,47.5,gf,0.925,mm,OK,--,7:08:35 PM,12/3/2025,
230,47.5,gf,0.925,mm,OK,--,7:08:35 PM,12/3/2025,
231,47.6,gf,0.930,mm,OK,--,7:08:35 PM,12/3/2025,
232,47.7,gf,0.930,mm,OK,--,7:08:35 PM,12/3/2025,
233,47.9,gf,0.935,mm,OK,--,7:08:35 PM,12/3/2025,
234,48.0,gf,0.935,mm,OK,--,7:08:35 PM,12/3/2025,
235,47.9,gf,0.940,mm,OK,--,7:08:35 PM,12/3/2025,
236,48.0,gf,0.940,mm,OK,--,7:08:35 PM,12/3/2025,
237,48.2,gf,0.945,mm,OK,--,7:08:35 PM,12/3/2025,
238,48.5,gf,0.950,mm,OK,--,7:08:36 PM,12/3/2025,
239,48.7,gf,0.955,mm,OK,--,7:08:36 PM,12/3/2025,
240,49.4,gf,0.960,mm,OK,--,7:08:36 PM,12/3/2025,
241,49.7,gf,0.965,mm,OK,--,7:08:36 PM,12/3/2025,
242,49.9,gf,0.970,mm,OK,--,7:08:36 PM,12/3/2025,
243,49.9,gf,0.970,mm,OK,--,7:08:36 PM,12/3/2025,
244,50.1,gf,0.975,mm,OK,--,7:08:36 PM,12/3/2025,
245,50.4,gf,0.975,mm,OK,--,7:08:36 PM,12/3/2025,
246,50.5,gf,0.975,mm,OK,--,7:08:36 PM,12/3/2025,
247,50.6,gf,0.980,mm,OK,--,7:08:36 PM,12/3/2025,
248,51.1,gf,0.980,mm,OK,--,7:08:37 PM,12/3/2025,
249,51.4,gf,0.985,mm,OK,--,7:08:37 PM,12/3/2025,
250,51.4,gf,0.990,mm,OK,--,7:08:37 PM,12/3/2025,
251,51.3,gf,0.990,mm,OK,--,7:08:37 PM,12/3/2025,
252,51.4,gf,0.990,mm,OK,--,7:08:37 PM,12/3/2025,
253,51.4,gf,0.995,mm,OK,--,7:08:37 PM,12/3/2025,
254,51.6,gf,0.995,mm,OK,--,7:08:37 PM,12/3/2025,
255,51.4,gf,1.000,mm,OK,--,7:08:37 PM,12/3/2025,
256,51.4,gf,1.000,mm,OK,--,7:08:37 PM,12/3/2025,
257,51.5,gf,1.000,mm,OK,--,7:08:37 PM,12/3/2025,
258,51.2,gf,1.000,mm,OK,--,7:08:38 PM,12/3/2025,
259,51.3,gf,1.000,mm,OK,--,7:08:38 PM,12/3/2025,
260,51.6,gf,1.005,mm,OK,--,7:08:38 PM,12/3/2025,
261,51.7,gf,1.005,mm,OK,--,7:08:38 PM,12/3/2025,
262,51.6,gf,1.010,mm,OK,--,7:08:38 PM,12/3/2025,
263,51.7,gf,1.010,mm,OK,--,7:08:38 PM,12/3/2025,
264,51.9,gf,1.010,mm,OK,--,7:08:38 PM,12/3/2025,
265,52.0,gf,1.015,mm,OK,--,7:08:38 PM,12/3/2025,
266,52.1,gf,1.015,mm,OK,--,7:08:38 PM,12/3/2025,
267,52.3,gf,1.020,mm,OK,--,7:08:38 PM,12/3/2025,
268,52.4,gf,1.025,mm,OK,--,7:08:39 PM,12/3/2025,
269,52.5,gf,1.035,mm,OK,--,7:08:39 PM,12/3/2025,
270,52.6,gf,1.040,mm,OK,--,7:08:39 PM,12/3/2025,
271,52.6,gf,1.045,mm,OK,--,7:08:39 PM,12/3/2025,
272,52.7,gf,1.055,mm,OK,--,7:08:39 PM,12/3/2025,
273,52.5,gf,1.060,mm,OK,--,7:08:39 PM,12/3/2025,
274,52.5,gf,1.065,mm,OK,--,7:08:39 PM,12/3/2025,
275,52.5,gf,1.065,mm,OK,--,7:08:39 PM,12/3/2025,
276,52.7,gf,1.070,mm,OK,--,7:08:39 PM,12/3/2025,
277,52.6,gf,1.075,mm,OK,--,7:08:39 PM,12/3/2025,
278,52.5,gf,1.085,mm,OK,--,7:08:40 PM,12/3/2025,
279,52.2,gf,1.090,mm,OK,--,7:08:40 PM,12/3/2025,
280,51.7,gf,1.095,mm,OK,--,7:08:40 PM,12/3/2025,
281,51.6,gf,1.100,mm,OK,--,7:08:40 PM,12/3/2025,
282,51.5,gf,1.105,mm,OK,--,7:08:40 PM,12/3/2025,
283,51.5,gf,1.110,mm,OK,--,7:08:40 PM,12/3/2025,
284,51.6,gf,1.115,mm,OK,--,7:08:40 PM,12/3/2025,
285,51.5,gf,1.115,mm,OK,--,7:08:40 PM,12/3/2025,
286,51.8,gf,1.120,mm,OK,--,7:08:40 PM,12/3/2025,
287,51.6,gf,1.125,mm,OK,--,7:08:40 PM,12/3/2025,
288,51.3,gf,1.130,mm,OK,--,7:08:41 PM,12/3/2025,
289,51.1,gf,1.130,mm,OK,--,7:08:41 PM,12/3/2025,
290,51.2,gf,1.135,mm,OK,--,7:08:41 PM,12/3/2025,
291,51.3,gf,1.135,mm,OK,--,7:08:41 PM,12/3/2025,
292,51.3,gf,1.140,mm,OK,--,7:08:41 PM,12/3/2025,
293,51.2,gf,1.140,mm,OK,--,7:08:41 PM,12/3/2025,
294,51.5,gf,1.140,mm,OK,--,7:08:41 PM,12/3/2025,
295,51.3,gf,1.145,mm,OK,--,7:08:41 PM,12/3/2025,
296,50.9,gf,1.150,mm,OK,--,7:08:41 PM,12/3/2025,
297,50.7,gf,1.155,mm,OK,--,7:08:41 PM,12/3/2025,
298,50.7,gf,1.160,mm,OK,--,7:08:42 PM,12/3/2025,
299,50.4,gf,1.165,mm,OK,--,7:08:42 PM,12/3/2025,
300,50.6,gf,1.170,mm,OK,--,7:08:42 PM,12/3/2025,
301,50.6,gf,1.175,mm,OK,--,7:08:42 PM,12/3/2025,
302,50.6,gf,1.180,mm,OK,--,7:08:42 PM,12/3/2025,
303,50.5,gf,1.185,mm,OK,--,7:08:42 PM,12/3/2025,
304,50.3,gf,1.185,mm,OK,--,7:08:42 PM,12/3/2025,
305,49.9,gf,1.190,mm,OK,--,7:08:42 PM,12/3/2025,
306,49.9,gf,1.195,mm,OK,--,7:08:42 PM,12/3/2025,
307,49.8,gf,1.200,mm,OK,--,7:08:42 PM,12/3/2025,
308,49.7,gf,1.205,mm,OK,--,7:08:43 PM,12/3/2025,
309,49.6,gf,1.210,mm,OK,--,7:08:43 PM,12/3/2025,
310,49.9,gf,1.215,mm,OK,--,7:08:43 PM,12/3/2025,
311,49.9,gf,1.230,mm,OK,--,7:08:43 PM,12/3/2025,
312,49.2,gf,1.235,mm,OK,--,7:08:43 PM,12/3/2025,
313,49.2,gf,1.240,mm,OK,--,7:08:43 PM,12/3/2025,
314,49.1,gf,1.245,mm,OK,--,7:08:43 PM,12/3/2025,
315,49.1,gf,1.255,mm,OK,--,7:08:43 PM,12/3/2025,
316,48.6,gf,1.265,mm,OK,--,7:08:43 PM,12/3/2025,
317,48.5,gf,1.270,mm,OK,--,7:08:43 PM,12/3/2025,
318,48.7,gf,1.280,mm,OK,--,7:08:44 PM,12/3/2025,
319,48.5,gf,1.290,mm,OK,--,7:08:44 PM,12/3/2025,
320,48.1,gf,1.300,mm,OK,--,7:08:44 PM,12/3/2025,
321,47.4,gf,1.305,mm,OK,--,7:08:44 PM,12/3/2025,
322,47.5,gf,1.310,mm,OK,--,7:08:44 PM,12/3/2025,
323,47.7,gf,1.315,mm,OK,--,7:08:44 PM,12/3/2025,
324,47.7,gf,1.320,mm,OK,--,7:08:44 PM,12/3/2025,
325,47.4,gf,1.325,mm,OK,--,7:08:44 PM,12/3/2025,
326,47.5,gf,1.330,mm,OK,--,7:08:44 PM,12/3/2025,
327,47.4,gf,1.335,mm,OK,--,7:08:44 PM,12/3/2025,
328,47.1,gf,1.340,mm,OK,--,7:08:45 PM,12/3/2025,
329,47.0,gf,1.345,mm,OK,--,7:08:45 PM,12/3/2025,
330,46.9,gf,1.350,mm,OK,--,7:08:45 PM,12/3/2025,
331,46.9,gf,1.355,mm,OK,--,7:08:45 PM,12/3/2025,
332,46.8,gf,1.360,mm,OK,--,7:08:45 PM,12/3/2025,
333,46.7,gf,1.370,mm,OK,--,7:08:45 PM,12/3/2025,
334,46.5,gf,1.375,mm,OK,--,7:08:45 PM,12/3/2025,
335,46.4,gf,1.380,mm,OK,--,7:08:45 PM,12/3/2025,
336,45.9,gf,1.390,mm,OK,--,7:08:45 PM,12/3/2025,
337,45.7,gf,1.395,mm,OK,--,7:08:45 PM,12/3/2025,
338,45.8,gf,1.400,mm,OK,--,7:08:46 PM,12/3/2025,
339,45.7,gf,1.405,mm,OK,--,7:08:46 PM,12/3/2025,
340,45.4,gf,1.415,mm,OK,--,7:08:46 PM,12/3/2025,
341,45.3,gf,1.420,mm,OK,--,7:08:46 PM,12/3/2025,
342,45.1,gf,1.430,mm,OK,--,7:08:46 PM,12/3/2025,
343,44.8,gf,1.440,mm,OK,--,7:08:46 PM,12/3/2025,
344,44.3,gf,1.450,mm,OK,--,7:08:46 PM,12/3/2025,
345,44.3,gf,1.455,mm,OK,--,7:08:46 PM,12/3/2025,
346,44.1,gf,1.465,mm,OK,--,7:08:46 PM,12/3/2025,
347,43.9,gf,1.475,mm,OK,--,7:08:46 PM,12/3/2025,
348,43.8,gf,1.480,mm,OK,--,7:08:47 PM,12/3/2025,
349,43.5,gf,1.485,mm,OK,--,7:08:47 PM,12/3/2025,
350,43.5,gf,1.490,mm,OK,--,7:08:47 PM,12/3/2025,
351,43.4,gf,1.500,mm,OK,--,7:08:47 PM,12/3/2025,
352,42.9,gf,1.500,mm,OK,--,7:08:47 PM,12/3/2025,
353,42.7,gf,1.505,mm,OK,--,7:08:47 PM,12/3/2025,
354,43.0,gf,1.505,mm,OK,--,7:08:47 PM,12/3/2025,
355,42.7,gf,1.510,mm,OK,--,7:08:47 PM,12/3/2025,
356,42.6,gf,1.515,mm,OK,--,7:08:47 PM,12/3/2025,
357,42.9,gf,1.515,mm,OK,--,7:08:47 PM,12/3/2025,
358,43.0,gf,1.520,mm,OK,--,7:08:48 PM,12/3/2025,
359,43.0,gf,1.530,mm,OK,--,7:08:48 PM,12/3/2025,
360,42.8,gf,1.535,mm,OK,--,7:08:48 PM,12/3/2025,
361,42.7,gf,1.540,mm,OK,--,7:08:48 PM,12/3/2025,
362,42.9,gf,1.550,mm,OK,--,7:08:48 PM,12/3/2025,
363,42.7,gf,1.560,mm,OK,--,7:08:48 PM,12/3/2025,
364,42.8,gf,1.570,mm,OK,--,7:08:48 PM,12/3/2025,
365,42.7,gf,1.575,mm,OK,--,7:08:48 PM,12/3/2025,
366,42.8,gf,1.585,mm,OK,--,7:08:48 PM,12/3/2025,
367,42.3,gf,1.590,mm,OK,--,7:08:48 PM,12/3/2025,
368,41.9,gf,1.600,mm,OK,--,7:08:49 PM,12/3/2025,
369,42.0,gf,1.610,mm,OK,--,7:08:49 PM,12/3/2025,
370,41.8,gf,1.615,mm,OK,--,7:08:49 PM,12/3/2025,
371,41.5,gf,1.625,mm,OK,--,7:08:49 PM,12/3/2025,
372,41.2,gf,1.635,mm,OK,--,7:08:49 PM,12/3/2025,
373,40.7,gf,1.645,mm,OK,--,7:08:49 PM,12/3/2025,
374,40.6,gf,1.650,mm,OK,--,7:08:49 PM,12/3/2025,
375,40.5,gf,1.655,mm,OK,--,7:08:49 PM,12/3/2025,
376,40.5,gf,1.660,mm,OK,--,7:08:49 PM,12/3/2025,
377,40.4,gf,1.660,mm,OK,--,7:08:49 PM,12/3/2025,
378,40.2,gf,1.665,mm,OK,--,7:08:50 PM,12/3/2025,
379,40.0,gf,1.665,mm,OK,--,7:08:50 PM,12/3/2025,
380,40.3,gf,1.665,mm,OK,--,7:08:50 PM,12/3/2025,
381,40.7,gf,1.670,mm,OK,--,7:08:50 PM,12/3/2025,
382,40.7,gf,1.670,mm,OK,--,7:08:50 PM,12/3/2025,
383,40.7,gf,1.680,mm,OK,--,7:08:50 PM,12/3/2025,
384,40.4,gf,1.685,mm,OK,--,7:08:50 PM,12/3/2025,
385,40.2,gf,1.690,mm,OK,--,7:08:50 PM,12/3/2025,
386,40.2,gf,1.695,mm,OK,--,7:08:50 PM,12/3/2025,
387,40.3,gf,1.700,mm,OK,--,7:08:50 PM,12/3/2025,
388,40.2,gf,1.710,mm,OK,--,7:08:51 PM,12/3/2025,
389,40.3,gf,1.715,mm,OK,--,7:08:51 PM,12/3/2025,
390,40.5,gf,1.720,mm,OK,--,7:08:51 PM,12/3/2025,
391,40.5,gf,1.725,mm,OK,--,7:08:51 PM,12/3/2025,
392,40.2,gf,1.735,mm,OK,--,7:08:51 PM,12/3/2025,
393,40.3,gf,1.740,mm,OK,--,7:08:51 PM,12/3/2025,
394,40.6,gf,1.745,mm,OK,--,7:08:51 PM,12/3/2025,
395,40.6,gf,1.755,mm,OK,--,7:08:51 PM,12/3/2025,
396,40.5,gf,1.760,mm,OK,--,7:08:51 PM,12/3/2025,
397,40.6,gf,1.765,mm,OK,--,7:08:51 PM,12/3/2025,
398,40.6,gf,1.775,mm,OK,--,7:08:52 PM,12/3/2025,
399,40.4,gf,1.780,mm,OK,--,7:08:52 PM,12/3/2025,
400,39.9,gf,1.790,mm,OK,--,7:08:52 PM,12/3/2025,
401,39.9,gf,1.795,mm,OK,--,7:08:52 PM,12/3/2025,
402,40.0,gf,1.800,mm,OK,--,7:08:52 PM,12/3/2025,
403,40.3,gf,1.805,mm,OK,--,7:08:52 PM,12/3/2025,
404,40.5,gf,1.810,mm,OK,--,7:08:52 PM,12/3/2025,
405,40.5,gf,1.815,mm,OK,--,7:08:52 PM,12/3/2025,
406,40.2,gf,1.820,mm,OK,--,7:08:52 PM,12/3/2025,
407,40.0,gf,1.825,mm,OK,--,7:08:52 PM,12/3/2025,
408,40.0,gf,1.830,mm,OK,--,7:08:53 PM,12/3/2025,
409,40.0,gf,1.830,mm,OK,--,7:08:53 PM,12/3/2025,
410,40.1,gf,1.835,mm,OK,--,7:08:53 PM,12/3/2025,
411,40.1,gf,1.840,mm,OK,--,7:08:53 PM,12/3/2025,
412,40.2,gf,1.845,mm,OK,--,7:08:53 PM,12/3/2025,
413,40.3,gf,1.855,mm,OK,--,7:08:53 PM,12/3/2025,
414,40.5,gf,1.860,mm,OK,--,7:08:53 PM,12/3/2025,
415,40.8,gf,1.870,mm,OK,--,7:08:53 PM,12/3/2025,
416,41.1,gf,1.875,mm,OK,--,7:08:53 PM,12/3/2025,
417,40.9,gf,1.885,mm,OK,--,7:08:53 PM,12/3/2025,
418,40.8,gf,1.890,mm,OK,--,7:08:54 PM,12/3/2025,
419,40.8,gf,1.900,mm,OK,--,7:08:54 PM,12/3/2025,
420,40.9,gf,1.905,mm,OK,--,7:08:54 PM,12/3/2025,
421,40.7,gf,1.910,mm,OK,--,7:08:54 PM,12/3/2025,
422,40.8,gf,1.920,mm,OK,--,7:08:54 PM,12/3/2025,
423,41.0,gf,1.930,mm,OK,--,7:08:54 PM,12/3/2025,
424,41.1,gf,1.940,mm,OK,--,7:08:54 PM,12/3/2025,
425,40.8,gf,1.945,mm,OK,--,7:08:54 PM,12/3/2025,
426,41.2,gf,1.955,mm,OK,--,7:08:54 PM,12/3/2025,
427,41.2,gf,1.960,mm,OK,--,7:08:54 PM,12/3/2025,
428,41.0,gf,1.970,mm,OK,--,7:08:55 PM,12/3/2025,
429,41.0,gf,1.975,mm,OK,--,7:08:55 PM,12/3/2025,
430,41.1,gf,1.980,mm,OK,--,7:08:55 PM,12/3/2025,
431,40.9,gf,1.985,mm,OK,--,7:08:55 PM,12/3/2025,
432,41.2,gf,1.990,mm,OK,--,7:08:55 PM,12/3/2025,
433,41.1,gf,1.995,mm,OK,--,7:08:55 PM,12/3/2025,
434,40.8,gf,2.000,mm,OK,--,7:08:55 PM,12/3/2025,
435,41.0,gf,2.000,mm,OK,--,7:08:55 PM,12/3/2025,
436,41.1,gf,2.005,mm,OK,--,7:08:55 PM,12/3/2025,
437,41.1,gf,2.010,mm,OK,--,7:08:55 PM,12/3/2025,
438,41.3,gf,2.015,mm,OK,--,7:08:56 PM,12/3/2025,
439,41.1,gf,2.020,mm,OK,--,7:08:56 PM,12/3/2025,
440,40.9,gf,2.025,mm,OK,--,7:08:56 PM,12/3/2025,
441,40.9,gf,2.030,mm,OK,--,7:08:56 PM,12/3/2025,
442,41.1,gf,2.035,mm,OK,--,7:08:56 PM,12/3/2025,
443,41.4,gf,2.040,mm,OK,--,7:08:56 PM,12/3/2025,
444,41.4,gf,2.040,mm,OK,--,7:08:56 PM,12/3/2025,
445,41.6,gf,2.045,mm,OK,--,7:08:56 PM,12/3/2025,
446,41.7,gf,2.050,mm,OK,--,7:08:56 PM,12/3/2025,
447,41.6,gf,2.060,mm,OK,--,7:08:56 PM,12/3/2025,
448,41.8,gf,2.065,mm,OK,--,7:08:57 PM,12/3/2025,
449,42.0,gf,2.070,mm,OK,--,7:08:57 PM,12/3/2025,
450,42.0,gf,2.080,mm,OK,--,7:08:57 PM,12/3/2025,
451,42.0,gf,2.085,mm,OK,--,7:08:57 PM,12/3/2025,
452,42.1,gf,2.090,mm,OK,--,7:08:57 PM,12/3/2025,
453,42.1,gf,2.095,mm,OK,--,7:08:57 PM,12/3/2025,
454,42.2,gf,2.100,mm,OK,--,7:08:57 PM,12/3/2025,
455,42.2,gf,2.100,mm,OK,--,7:08:57 PM,12/3/2025,
456,42.3,gf,2.105,mm,OK,--,7:08:57 PM,12/3/2025,
457,42.2,gf,2.110,mm,OK,--,7:08:57 PM,12/3/2025,
458,42.1,gf,2.115,mm,OK,--,7:08:58 PM,12/3/2025,
459,41.9,gf,2.115,mm,OK,--,7:08:58 PM,12/3/2025,
460,41.9,gf,2.120,mm,OK,--,7:08:58 PM,12/3/2025,
461,42.0,gf,2.120,mm,OK,--,7:08:58 PM,12/3/2025,
462,42.2,gf,2.125,mm,OK,--,7:08:58 PM,12/3/2025,
463,42.2,gf,2.125,mm,OK,--,7:08:58 PM,12/3/2025,
464,42.2,gf,2.130,mm,OK,--,7:08:58 PM,12/3/2025,
465,42.1,gf,2.130,mm,OK,--,7:08:58 PM,12/3/2025,
466,42.2,gf,2.135,mm,OK,--,7:08:58 PM,12/3/2025,
467,42.2,gf,2.140,mm,OK,--,7:08:58 PM,12/3/2025,
468,42.5,gf,2.145,mm,OK,--,7:08:59 PM,12/3/2025,
469,42.4,gf,2.150,mm,OK,--,7:08:59 PM,12/3/2025,
470,42.4,gf,2.150,mm,OK,--,7:08:59 PM,12/3/2025,
471,42.3,gf,2.155,mm,OK,--,7:08:59 PM,12/3/2025,
472,42.5,gf,2.160,mm,OK,--,7:08:59 PM,12/3/2025,
473,42.7,gf,2.170,mm,OK,--,7:08:59 PM,12/3/2025,
474,42.5,gf,2.175,mm,OK,--,7:08:59 PM,12/3/2025,
475,42.4,gf,2.185,mm,OK,--,7:08:59 PM,12/3/2025,
476,42.3,gf,2.190,mm,OK,--,7:08:59 PM,12/3/2025,
477,42.6,gf,2.200,mm,OK,--,7:08:59 PM,12/3/2025,
478,42.8,gf,2.205,mm,OK,--,7:09:00 PM,12/3/2025,
479,42.8,gf,2.210,mm,OK,--,7:09:00 PM,12/3/2025,
480,43.0,gf,2.215,mm,OK,--,7:09:00 PM,12/3/2025,
481,43.1,gf,2.220,mm,OK,--,7:09:00 PM,12/3/2025,
482,43.3,gf,2.225,mm,OK,--,7:09:00 PM,12/3/2025,
483,43.5,gf,2.235,mm,OK,--,7:09:00 PM,12/3/2025,
484,43.7,gf,2.240,mm,OK,--,7:09:00 PM,12/3/2025,
485,43.4,gf,2.250,mm,OK,--,7:09:00 PM,12/3/2025,
486,43.5,gf,2.265,mm,OK,--,7:09:00 PM,12/3/2025,
487,43.6,gf,2.270,mm,OK,--,7:09:00 PM,12/3/2025,
488,43.9,gf,2.280,mm,OK,--,7:09:01 PM,12/3/2025,
489,44.2,gf,2.285,mm,OK,--,7:09:01 PM,12/3/2025,
490,44.4,gf,2.290,mm,OK,--,7:09:01 PM,12/3/2025,
491,44.7,gf,2.295,mm,OK,--,7:09:01 PM,12/3/2025,
492,44.9,gf,2.300,mm,OK,--,7:09:01 PM,12/3/2025,
493,45.0,gf,2.300,mm,OK,--,7:09:01 PM,12/3/2025,
494,45.1,gf,2.305,mm,OK,--,7:09:01 PM,12/3/2025,
495,45.1,gf,2.310,mm,OK,--,7:09:01 PM,12/3/2025,
496,45.3,gf,2.315,mm,OK,--,7:09:01 PM,12/3/2025,
497,45.5,gf,2.320,mm,OK,--,7:09:01 PM,12/3/2025,
498,45.8,gf,2.325,mm,OK,--,7:09:02 PM,12/3/2025,
499,46.1,gf,2.335,mm,OK,--,7:09:02 PM,12/3/2025,
500,46.1,gf,2.335,mm,OK,--,7:09:02 PM,12/3/2025,
501,46.2,gf,2.340,mm,OK,--,7:09:02 PM,12/3/2025,
502,46.2,gf,2.340,mm,OK,--,7:09:02 PM,12/3/2025,
503,46.4,gf,2.345,mm,OK,--,7:09:02 PM,12/3/2025,
504,46.6,gf,2.350,mm,OK,--,7:09:02 PM,12/3/2025,
505,46.7,gf,2.350,mm,OK,--,7:09:02 PM,12/3/2025,
506,46.8,gf,2.355,mm,OK,--,7:09:02 PM,12/3/2025,
507,47.0,gf,2.360,mm,OK,--,7:09:02 PM,12/3/2025,
508,47.2,gf,2.360,mm,OK,--,7:09:03 PM,12/3/2025,
509,47.3,gf,2.365,mm,OK,--,7:09:03 PM,12/3/2025,
510,47.4,gf,2.365,mm,OK,--,7:09:03 PM,12/3/2025,
511,47.4,gf,2.370,mm,OK,--,7:09:03 PM,12/3/2025,
512,47.5,gf,2.370,mm,OK,--,7:09:03 PM,12/3/2025,
513,47.6,gf,2.375,mm,OK,--,7:09:03 PM,12/3/2025,
514,47.6,gf,2.375,mm,OK,--,7:09:03 PM,12/3/2025,
515,47.6,gf,2.375,mm,OK,--,7:09:03 PM,12/3/2025,
516,47.8,gf,2.380,mm,OK,--,7:09:03 PM,12/3/2025,
517,47.9,gf,2.380,mm,OK,--,7:09:03 PM,12/3/2025,
518,48.1,gf,2.385,mm,OK,--,7:09:04 PM,12/3/2025,
519,48.4,gf,2.390,mm,OK,--,7:09:04 PM,12/3/2025,
520,48.6,gf,2.395,mm,OK,--,7:09:04 PM,12/3/2025,
521,48.9,gf,2.400,mm,OK,--,7:09:04 PM,12/3/2025,
522,49.1,gf,2.405,mm,OK,--,7:09:04 PM,12/3/2025,
523,49.3,gf,2.410,mm,OK,--,7:09:04 PM,12/3/2025,
524,49.5,gf,2.420,mm,OK,--,7:09:04 PM,12/3/2025,
525,49.7,gf,2.420,mm,OK,--,7:09:04 PM,12/3/2025,
526,49.7,gf,2.425,mm,OK,--,7:09:04 PM,12/3/2025,
527,49.8,gf,2.425,mm,OK,--,7:09:04 PM,12/3/2025,
528,49.8,gf,2.425,mm,OK,--,7:09:05 PM,12/3/2025,
529,50.0,gf,2.430,mm,OK,--,7:09:05 PM,12/3/2025,
530,50.2,gf,2.435,mm,OK,--,7:09:05 PM,12/3/2025,
531,50.4,gf,2.440,mm,OK,--,7:09:05 PM,12/3/2025,
532,50.5,gf,2.445,mm,OK,--,7:09:05 PM,12/3/2025,
533,50.6,gf,2.445,mm,OK,--,7:09:05 PM,12/3/2025,
534,50.7,gf,2.450,mm,OK,--,7:09:05 PM,12/3/2025,
535,50.7,gf,2.450,mm,OK,--,7:09:05 PM,12/3/2025,
536,50.8,gf,2.450,mm,OK,--,7:09:05 PM,12/3/2025,
537,50.8,gf,2.450,mm,OK,--,7:09:05 PM,12/3/2025,
538,50.8,gf,2.455,mm,OK,--,7:09:06 PM,12/3/2025,
539,50.8,gf,2.455,mm,OK,--,7:09:06 PM,12/3/2025,
540,50.9,gf,2.455,mm,OK,--,7:09:06 PM,12/3/2025,
541,50.9,gf,2.455,mm,OK,--,7:09:06 PM,12/3/2025,
542,51.0,gf,2.460,mm,OK,--,7:09:06 PM,12/3/2025,
543,50.9,gf,2.460,mm,OK,--,7:09:06 PM,12/3/2025,
544,51.0,gf,2.460,mm,OK,--,7:09:06 PM,12/3/2025,
545,51.0,gf,2.465,mm,OK,--,7:09:06 PM,12/3/2025,
546,51.0,gf,2.465,mm,OK,--,7:09:06 PM,12/3/2025,
547,51.0,gf,2.465,mm,OK,--,7:09:06 PM,12/3/2025,
548,51.0,gf,2.470,mm,OK,--,7:09:07 PM,12/3/2025,
549,51.0,gf,2.470,mm,OK,--,7:09:07 PM,12/3/2025,
550,51.1,gf,2.475,mm,OK,--,7:09:07 PM,12/3/2025,
551,51.2,gf,2.480,mm,OK,--,7:09:07 PM,12/3/2025,
552,51.2,gf,2.480,mm,OK,--,7:09:07 PM,12/3/2025,
553,51.2,gf,2.480,mm,OK,--,7:09:07 PM,12/3/2025,
554,51.2,gf,2.485,mm,OK,--,7:09:07 PM,12/3/2025,
555,51.2,gf,2.485,mm,OK,--,7:09:07 PM,12/3/2025,
556,51.3,gf,2.490,mm,OK,--,7:09:07 PM,12/3/2025,
557,51.4,gf,2.490,mm,OK,--,7:09:07 PM,12/3/2025,
558,51.3,gf,2.495,mm,OK,--,7:09:08 PM,12/3/2025,
559,51.4,gf,2.495,mm,OK,--,7:09:08 PM,12/3/2025,
560,51.4,gf,2.495,mm,OK,--,7:09:08 PM,12/3/2025,
561,51.4,gf,2.500,mm,OK,--,7:09:08 PM,12/3/2025,
562,51.4,gf,2.500,mm,OK,--,7:09:08 PM,12/3/2025,
563,51.4,gf,2.500,mm,OK,--,7:09:08 PM,12/3/2025,
564,51.4,gf,2.505,mm,OK,--,7:09:08 PM,12/3/2025,
565,51.4,gf,2.505,mm,OK,--,7:09:08 PM,12/3/2025,
566,51.4,gf,2.505,mm,OK,--,7:09:08 PM,12/3/2025,
567,51.4,gf,2.505,mm,OK,--,7:09:08 PM,12/3/2025,
568,51.4,gf,2.505,mm,OK,--,7:09:09 PM,12/3/2025,
569,51.5,gf,2.510,mm,OK,--,7:09:09 PM,12/3/2025,
570,51.4,gf,2.510,mm,OK,--,7:09:09 PM,12/3/2025,
571,51.5,gf,2.510,mm,OK,--,7:09:09 PM,12/3/2025,
572,51.5,gf,2.510,mm,OK,--,7:09:09 PM,12/3/2025,
573,51.5,gf,2.515,mm,OK,--,7:09:09 PM,12/3/2025,
574,51.5,gf,2.515,mm,OK,--,7:09:09 PM,12/3/2025,
575,51.6,gf,2.520,mm,OK,--,7:09:09 PM,12/3/2025,
576,51.5,gf,2.520,mm,OK,--,7:09:09 PM,12/3/2025,
577,51.6,gf,2.520,mm,OK,--,7:09:09 PM,12/3/2025,
578,51.6,gf,2.520,mm,OK,--,7:09:10 PM,12/3/2025,
579,51.6,gf,2.525,mm,OK,--,7:09:10 PM,12/3/2025,
580,51.6,gf,2.525,mm,OK,--,7:09:10 PM,12/3/2025,
581,51.6,gf,2.525,mm,OK,--,7:09:10 PM,12/3/2025,
582,51.6,gf,2.530,mm,OK,--,7:09:10 PM,12/3/2025,
583,51.6,gf,2.530,mm,OK,--,7:09:10 PM,12/3/2025,
584,51.7,gf,2.535,mm,OK,--,7:09:10 PM,12/3/2025,
585,51.7,gf,2.540,mm,OK,--,7:09:10 PM,12/3/2025,
586,51.8,gf,2.545,mm,OK,--,7:09:10 PM,12/3/2025,
587,51.8,gf,2.550,mm,OK,--,7:09:10 PM,12/3/2025,
588,51.9,gf,2.555,mm,OK,--,7:09:11 PM,12/3/2025,
589,52.0,gf,2.565,mm,OK,--,7:09:11 PM,12/3/2025,
590,52.0,gf,2.570,mm,OK,--,7:09:11 PM,12/3/2025,
591,52.1,gf,2.580,mm,OK,--,7:09:11 PM,12/3/2025,
592,52.1,gf,2.585,mm,OK,--,7:09:11 PM,12/3/2025,
593,52.1,gf,2.590,mm,OK,--,7:09:11 PM,12/3/2025,
594,52.2,gf,2.600,mm,OK,--,7:09:11 PM,12/3/2025,
595,52.3,gf,2.610,mm,OK,--,7:09:11 PM,12/3/2025,
596,52.4,gf,2.620,mm,OK,--,7:09:11 PM,12/3/2025,
597,52.4,gf,2.635,mm,OK,--,7:09:11 PM,12/3/2025,
598,52.6,gf,2.645,mm,OK,--,7:09:12 PM,12/3/2025,
599,52.7,gf,2.660,mm,OK,--,7:09:12 PM,12/3/2025,
600,52.8,gf,2.670,mm,OK,--,7:09:12 PM,12/3/2025,
601,52.9,gf,2.680,mm,OK,--,7:09:12 PM,12/3/2025,
602,52.9,gf,2.685,mm,OK,--,7:09:12 PM,12/3/2025,
603,53.0,gf,2.695,mm,OK,--,7:09:12 PM,12/3/2025,
604,53.0,gf,2.705,mm,OK,--,7:09:12 PM,12/3/2025,
605,53.1,gf,2.715,mm,OK,--,7:09:12 PM,12/3/2025,
606,53.2,gf,2.725,mm,OK,--,7:09:12 PM,12/3/2025,
607,53.2,gf,2.730,mm,OK,--,7:09:12 PM,12/3/2025,
608,53.3,gf,2.735,mm,OK,--,7:09:13 PM,12/3/2025,
609,53.3,gf,2.745,mm,OK,--,7:09:13 PM,12/3/2025,
610,53.4,gf,2.750,mm,OK,--,7:09:13 PM,12/3/2025,
611,53.4,gf,2.755,mm,OK,--,7:09:13 PM,12/3/2025,
612,53.5,gf,2.760,mm,OK,--,7:09:13 PM,12/3/2025,
613,53.5,gf,2.765,mm,OK,--,7:09:13 PM,12/3/2025,
614,53.6,gf,2.775,mm,OK,--,7:09:13 PM,12/3/2025,
615,53.6,gf,2.780,mm,OK,--,7:09:13 PM,12/3/2025,
616,53.7,gf,2.785,mm,OK,--,7:09:13 PM,12/3/2025,
617,53.7,gf,2.795,mm,OK,--,7:09:13 PM,12/3/2025,
618,53.8,gf,2.800,mm,OK,--,7:09:14 PM,12/3/2025,
619,53.8,gf,2.810,mm,OK,--,7:09:14 PM,12/3/2025,
620,53.9,gf,2.815,mm,OK,--,7:09:14 PM,12/3/2025,
621,54.0,gf,2.825,mm,OK,--,7:09:14 PM,12/3/2025,
622,54.0,gf,2.835,mm,OK,--,7:09:14 PM,12/3/2025,
623,54.1,gf,2.845,mm,OK,--,7:09:14 PM,12/3/2025,
624,54.2,gf,2.855,mm,OK,--,7:09:14 PM,12/3/2025,
625,54.2,gf,2.860,mm,OK,--,7:09:14 PM,12/3/2025,
626,54.3,gf,2.865,mm,OK,--,7:09:14 PM,12/3/2025,
627,54.3,gf,2.870,mm,OK,--,7:09:14 PM,12/3/2025,
628,54.4,gf,2.875,mm,OK,--,7:09:15 PM,12/3/2025,
629,54.3,gf,2.880,mm,OK,--,7:09:15 PM,12/3/2025,
630,54.4,gf,2.885,mm,OK,--,7:09:15 PM,12/3/2025,
631,54.4,gf,2.885,mm,OK,--,7:09:15 PM,12/3/2025,
632,54.5,gf,2.890,mm,OK,--,7:09:15 PM,12/3/2025,
633,54.5,gf,2.895,mm,OK,--,7:09:15 PM,12/3/2025,
634,54.5,gf,2.900,mm,OK,--,7:09:15 PM,12/3/2025,
635,54.5,gf,2.905,mm,OK,--,7:09:15 PM,12/3/2025,
636,54.6,gf,2.905,mm,OK,--,7:09:15 PM,12/3/2025,
637,54.6,gf,2.910,mm,OK,--,7:09:15 PM,12/3/2025,
638,54.6,gf,2.915,mm,OK,--,7:09:16 PM,12/3/2025,
639,54.6,gf,2.915,mm,OK,--,7:09:16 PM,12/3/2025,
640,54.6,gf,2.920,mm,OK,--,7:09:16 PM,12/3/2025,
641,54.7,gf,2.925,mm,OK,--,7:09:16 PM,12/3/2025,
642,54.7,gf,2.935,mm,OK,--,7:09:16 PM,12/3/2025,
643,54.8,gf,2.940,mm,OK,--,7:09:16 PM,12/3/2025,
644,54.9,gf,2.945,mm,OK,--,7:09:16 PM,12/3/2025,
645,54.9,gf,2.950,mm,OK,--,7:09:16 PM,12/3/2025,
646,54.9,gf,2.955,mm,OK,--,7:09:16 PM,12/3/2025,
647,54.9,gf,2.960,mm,OK,--,7:09:16 PM,12/3/2025,
648,55.0,gf,2.965,mm,OK,--,7:09:17 PM,12/3/2025,
649,55.0,gf,2.970,mm,OK,--,7:09:17 PM,12/3/2025,
650,55.1,gf,2.980,mm,OK,--,7:09:17 PM,12/3/2025,
651,55.2,gf,2.985,mm,OK,--,7:09:17 PM,12/3/2025,
652,55.3,gf,2.995,mm,OK,--,7:09:17 PM,12/3/2025,
653,55.3,gf,3.000,mm,OK,--,7:09:17 PM,12/3/2025,
654,55.3,gf,3.010,mm,OK,--,7:09:17 PM,12/3/2025,
655,55.4,gf,3.015,mm,OK,--,7:09:17 PM,12/3/2025,
656,55.4,gf,3.020,mm,OK,--,7:09:17 PM,12/3/2025,
657,55.4,gf,3.025,mm,OK,--,7:09:17 PM,12/3/2025,
658,55.5,gf,3.030,mm,OK,--,7:09:18 PM,12/3/2025,
659,55.5,gf,3.035,mm,OK,--,7:09:18 PM,12/3/2025,
660,55.5,gf,3.035,mm,OK,--,7:09:18 PM,12/3/2025,
661,55.5,gf,3.040,mm,OK,--,7:09:18 PM,12/3/2025,
662,55.6,gf,3.040,mm,OK,--,7:09:18 PM,12/3/2025,
663,55.6,gf,3.040,mm,OK,--,7:09:18 PM,12/3/2025,
664,55.6,gf,3.040,mm,OK,--,7:09:18 PM,12/3/2025,
665,55.6,gf,3.045,mm,OK,--,7:09:18 PM,12/3/2025,
666,55.6,gf,3.045,mm,OK,--,7:09:18 PM,12/3/2025,
667,55.6,gf,3.045,mm,OK,--,7:09:18 PM,12/3/2025,
668,55.6,gf,3.050,mm,OK,--,7:09:19 PM,12/3/2025,
669,55.6,gf,3.050,mm,OK,--,7:09:19 PM,12/3/2025,
670,55.7,gf,3.055,mm,OK,--,7:09:19 PM,12/3/2025,
671,55.7,gf,3.055,mm,OK,--,7:09:19 PM,12/3/2025,
672,55.7,gf,3.060,mm,OK,--,7:09:19 PM,12/3/2025,
673,55.7,gf,3.060,mm,OK,--,7:09:19 PM,12/3/2025,
674,55.7,gf,3.065,mm,OK,--,7:09:19 PM,12/3/2025,
675,55.8,gf,3.065,mm,OK,--,7:09:19 PM,12/3/2025,
676,55.8,gf,3.070,mm,OK,--,7:09:19 PM,12/3/2025,
677,55.8,gf,3.075,mm,OK,--,7:09:19 PM,12/3/2025,
678,55.8,gf,3.075,mm,OK,--,7:09:20 PM,12/3/2025,
679,55.9,gf,3.080,mm,OK,--,7:09:20 PM,12/3/2025,
680,55.9,gf,3.085,mm,OK,--,7:09:20 PM,12/3/2025,
681,55.9,gf,3.085,mm,OK,--,7:09:20 PM,12/3/2025,
682,55.9,gf,3.090,mm,OK,--,7:09:20 PM,12/3/2025,
683,55.9,gf,3.090,mm,OK,--,7:09:20 PM,12/3/2025,
684,56.0,gf,3.095,mm,OK,--,7:09:20 PM,12/3/2025,
685,56.0,gf,3.100,mm,OK,--,7:09:20 PM,12/3/2025,
686,56.0,gf,3.100,mm,OK,--,7:09:20 PM,12/3/2025,
687,56.1,gf,3.105,mm,OK,--,7:09:20 PM,12/3/2025,
688,56.1,gf,3.110,mm,OK,--,7:09:21 PM,12/3/2025,
689,56.1,gf,3.110,mm,OK,--,7:09:21 PM,12/3/2025,
690,56.1,gf,3.115,mm,OK,--,7:09:21 PM,12/3/2025,
691,56.2,gf,3.120,mm,OK,--,7:09:21 PM,12/3/2025,
692,56.2,gf,3.125,mm,OK,--,7:09:21 PM,12/3/2025,
693,56.2,gf,3.125,mm,OK,--,7:09:21 PM,12/3/2025,
694,56.3,gf,3.130,mm,OK,--,7:09:21 PM,12/3/2025,
695,56.3,gf,3.130,mm,OK,--,7:09:21 PM,12/3/2025,
696,56.3,gf,3.135,mm,OK,--,7:09:21 PM,12/3/2025,
697,56.3,gf,3.135,mm,OK,--,7:09:21 PM,12/3/2025,
698,56.3,gf,3.135,mm,OK,--,7:09:22 PM,12/3/2025,
699,56.3,gf,3.140,mm,OK,--,7:09:22 PM,12/3/2025,
700,56.3,gf,3.140,mm,OK,--,7:09:22 PM,12/3/2025,
701,56.3,gf,3.140,mm,OK,--,7:09:22 PM,12/3/2025,
702,56.3,gf,3.145,mm,OK,--,7:09:22 PM,12/3/2025,
703,56.4,gf,3.145,mm,OK,--,7:09:22 PM,12/3/2025,
704,56.4,gf,3.155,mm,OK,--,7:09:22 PM,12/3/2025,
705,56.5,gf,3.165,mm,OK,--,7:09:22 PM,12/3/2025,
706,56.6,gf,3.170,mm,OK,--,7:09:22 PM,12/3/2025,
707,56.5,gf,3.170,mm,OK,--,7:09:22 PM,12/3/2025,
708,56.6,gf,3.170,mm,OK,--,7:09:23 PM,12/3/2025,
709,56.5,gf,3.170,mm,OK,--,7:09:23 PM,12/3/2025,
710,56.6,gf,3.170,mm,OK,--,7:09:23 PM,12/3/2025,
711,56.5,gf,3.170,mm,OK,--,7:09:23 PM,12/3/2025,
712,56.5,gf,3.175,mm,OK,--,7:09:23 PM,12/3/2025,
713,56.6,gf,3.180,mm,OK,--,7:09:23 PM,12/3/2025,
714,56.6,gf,3.180,mm,OK,--,7:09:23 PM,12/3/2025,
715,56.6,gf,3.180,mm,OK,--,7:09:23 PM,12/3/2025,
716,56.6,gf,3.180,mm,OK,--,7:09:23 PM,12/3/2025,
717,56.6,gf,3.185,mm,OK,--,7:09:23 PM,12/3/2025,
718,56.7,gf,3.185,mm,OK,--,7:09:24 PM,12/3/2025,
719,56.7,gf,3.190,mm,OK,--,7:09:24 PM,12/3/2025,
720,56.7,gf,3.195,mm,OK,--,7:09:24 PM,12/3/2025,
721,56.8,gf,3.200,mm,OK,--,7:09:24 PM,12/3/2025,
722,56.8,gf,3.200,mm,OK,--,7:09:24 PM,12/3/2025,
723,56.8,gf,3.205,mm,OK,--,7:09:24 PM,12/3/2025,
724,56.8,gf,3.205,mm,OK,--,7:09:24 PM,12/3/2025,
725,56.9,gf,3.215,mm,OK,--,7:09:24 PM,12/3/2025,
726,56.9,gf,3.225,mm,OK,--,7:09:24 PM,12/3/2025,
727,57.0,gf,3.230,mm,OK,--,7:09:24 PM,12/3/2025,
728,57.0,gf,3.235,mm,OK,--,7:09:25 PM,12/3/2025,
729,57.0,gf,3.235,mm,OK,--,7:09:25 PM,12/3/2025,
730,57.1,gf,3.240,mm,OK,--,7:09:25 PM,12/3/2025,
731,57.1,gf,3.240,mm,OK,--,7:09:25 PM,12/3/2025,
732,57.1,gf,3.240,mm,OK,--,7:09:25 PM,12/3/2025,
733,57.1,gf,3.240,mm,OK,--,7:09:25 PM,12/3/2025,
734,57.1,gf,3.245,mm,OK,--,7:09:25 PM,12/3/2025,
735,57.1,gf,3.245,mm,OK,--,7:09:25 PM,12/3/2025,
736,57.1,gf,3.245,mm,OK,--,7:09:25 PM,12/3/2025,
737,57.1,gf,3.245,mm,OK,--,7:09:25 PM,12/3/2025,
738,57.1,gf,3.245,mm,OK,--,7:09:26 PM,12/3/2025,
739,57.1,gf,3.245,mm,OK,--,7:09:26 PM,12/3/2025,
740,57.1,gf,3.250,mm,OK,--,7:09:26 PM,12/3/2025,
741,57.1,gf,3.250,mm,OK,--,7:09:26 PM,12/3/2025,
742,57.1,gf,3.255,mm,OK,--,7:09:26 PM,12/3/2025,
743,57.2,gf,3.255,mm,OK,--,7:09:26 PM,12/3/2025,
744,57.2,gf,3.260,mm,OK,--,7:09:26 PM,12/3/2025,
745,57.3,gf,3.265,mm,OK,--,7:09:26 PM,12/3/2025,
746,57.3,gf,3.270,mm,OK,--,7:09:26 PM,12/3/2025,
747,57.3,gf,3.275,mm,OK,--,7:09:26 PM,12/3/2025,
748,57.4,gf,3.280,mm,OK,--,7:09:27 PM,12/3/2025,
749,57.4,gf,3.290,mm,OK,--,7:09:27 PM,12/3/2025,
750,57.5,gf,3.295,mm,OK,--,7:09:27 PM,12/3/2025,
751,57.5,gf,3.305,mm,OK,--,7:09:27 PM,12/3/2025,
752,57.6,gf,3.310,mm,OK,--,7:09:27 PM,12/3/2025,
753,57.7,gf,3.320,mm,OK,--,7:09:27 PM,12/3/2025,
754,57.7,gf,3.330,mm,OK,--,7:09:27 PM,12/3/2025,
755,57.8,gf,3.340,mm,OK,--,7:09:27 PM,12/3/2025,
756,57.9,gf,3.350,mm,OK,--,7:09:27 PM,12/3/2025,
757,58.0,gf,3.365,mm,OK,--,7:09:27 PM,12/3/2025,
758,58.1,gf,3.380,mm,OK,--,7:09:28 PM,12/3/2025,
759,58.2,gf,3.390,mm,OK,--,7:09:28 PM,12/3/2025,
760,58.3,gf,3.400,mm,OK,--,7:09:28 PM,12/3/2025,
761,58.4,gf,3.410,mm,OK,--,7:09:28 PM,12/3/2025,
762,58.4,gf,3.420,mm,OK,--,7:09:28 PM,12/3/2025,
763,58.5,gf,3.430,mm,OK,--,7:09:28 PM,12/3/2025,
764,58.6,gf,3.440,mm,OK,--,7:09:28 PM,12/3/2025,
765,58.7,gf,3.445,mm,OK,--,7:09:28 PM,12/3/2025,
766,58.7,gf,3.455,mm,OK,--,7:09:28 PM,12/3/2025,
767,58.7,gf,3.465,mm,OK,--,7:09:28 PM,12/3/2025,
768,58.8,gf,3.470,mm,OK,--,7:09:29 PM,12/3/2025,
769,58.9,gf,3.475,mm,OK,--,7:09:29 PM,12/3/2025,
770,58.9,gf,3.480,mm,OK,--,7:09:29 PM,12/3/2025,
771,58.9,gf,3.485,mm,OK,--,7:09:29 PM,12/3/2025,
772,59.0,gf,3.485,mm,OK,--,7:09:29 PM,12/3/2025,
773,59.0,gf,3.490,mm,OK,--,7:09:29 PM,12/3/2025,
774,59.1,gf,3.495,mm,OK,--,7:09:29 PM,12/3/2025,
775,59.0,gf,3.500,mm,OK,--,7:09:29 PM,12/3/2025,
776,59.1,gf,3.500,mm,OK,--,7:09:29 PM,12/3/2025,
777,59.1,gf,3.505,mm,OK,--,7:09:29 PM,12/3/2025,
778,59.2,gf,3.510,mm,OK,--,7:09:30 PM,12/3/2025,
779,59.2,gf,3.515,mm,OK,--,7:09:30 PM,12/3/2025,
780,59.2,gf,3.520,mm,OK,--,7:09:30 PM,12/3/2025,
781,59.3,gf,3.520,mm,OK,--,7:09:30 PM,12/3/2025,
782,59.3,gf,3.525,mm,OK,--,7:09:30 PM,12/3/2025,
783,59.3,gf,3.530,mm,OK,--,7:09:30 PM,12/3/2025,
784,59.4,gf,3.535,mm,OK,--,7:09:30 PM,12/3/2025,
785,59.4,gf,3.540,mm,OK,--,7:09:30 PM,12/3/2025,
786,59.4,gf,3.545,mm,OK,--,7:09:30 PM,12/3/2025,
787,59.5,gf,3.550,mm,OK,--,7:09:30 PM,12/3/2025,
788,59.5,gf,3.555,mm,OK,--,7:09:31 PM,12/3/2025,
789,59.5,gf,3.560,mm,OK,--,7:09:31 PM,12/3/2025,
790,59.5,gf,3.560,mm,OK,--,7:09:31 PM,12/3/2025,
791,59.6,gf,3.565,mm,OK,--,7:09:31 PM,12/3/2025,
792,59.6,gf,3.570,mm,OK,--,7:09:31 PM,12/3/2025,
793,59.7,gf,3.570,mm,OK,--,7:09:31 PM,12/3/2025,
794,59.7,gf,3.575,mm,OK,--,7:09:31 PM,12/3/2025,
795,59.6,gf,3.575,mm,OK,--,7:09:31 PM,12/3/2025,
796,59.7,gf,3.580,mm,OK,--,7:09:31 PM,12/3/2025,
797,59.7,gf,3.585,mm,OK,--,7:09:31 PM,12/3/2025,
798,59.8,gf,3.585,mm,OK,--,7:09:32 PM,12/3/2025,
799,59.7,gf,3.590,mm,OK,--,7:09:32 PM,12/3/2025,
800,59.7,gf,3.590,mm,OK,--,7:09:32 PM,12/3/2025,
801,59.7,gf,3.590,mm,OK,--,7:09:32 PM,12/3/2025,
802,59.8,gf,3.590,mm,OK,--,7:09:32 PM,12/3/2025,
803,59.8,gf,3.595,mm,OK,--,7:09:32 PM,12/3/2025,
804,59.8,gf,3.595,mm,OK,--,7:09:32 PM,12/3/2025,
805,59.8,gf,3.595,mm,OK,--,7:09:32 PM,12/3/2025,
806,59.8,gf,3.600,mm,OK,--,7:09:32 PM,12/3/2025,
807,59.8,gf,3.600,mm,OK,--,7:09:32 PM,12/3/2025,
808,59.9,gf,3.600,mm,OK,--,7:09:33 PM,12/3/2025,
809,59.9,gf,3.605,mm,OK,--,7:09:33 PM,12/3/2025,
810,59.9,gf,3.605,mm,OK,--,7:09:33 PM,12/3/2025,
811,59.9,gf,3.605,mm,OK,--,7:09:33 PM,12/3/2025,
812,59.9,gf,3.610,mm,OK,--,7:09:33 PM,12/3/2025,
813,59.9,gf,3.610,mm,OK,--,7:09:33 PM,12/3/2025,
814,59.9,gf,3.615,mm,OK,--,7:09:33 PM,12/3/2025,
815,60.0,gf,3.615,mm,OK,--,7:09:33 PM,12/3/2025,
816,60.0,gf,3.620,mm,OK,--,7:09:33 PM,12/3/2025,
817,60.0,gf,3.620,mm,OK,--,7:09:33 PM,12/3/2025,
818,60.0,gf,3.620,mm,OK,--,7:09:34 PM,12/3/2025,
819,60.0,gf,3.625,mm,OK,--,7:09:34 PM,12/3/2025,
820,60.0,gf,3.625,mm,OK,--,7:09:34 PM,12/3/2025,
821,60.0,gf,3.625,mm,OK,--,7:09:34 PM,12/3/2025,
822,60.0,gf,3.630,mm,OK,--,7:09:34 PM,12/3/2025,
823,60.1,gf,3.630,mm,OK,--,7:09:34 PM,12/3/2025,
824,60.1,gf,3.630,mm,OK,--,7:09:34 PM,12/3/2025,
825,60.1,gf,3.635,mm,OK,--,7:09:34 PM,12/3/2025,
826,60.1,gf,3.635,mm,OK,--,7:09:34 PM,12/3/2025,
827,60.1,gf,3.640,mm,OK,--,7:09:34 PM,12/3/2025,
828,60.1,gf,3.640,mm,OK,--,7:09:35 PM,12/3/2025,
829,60.1,gf,3.645,mm,OK,--,7:09:35 PM,12/3/2025,
830,60.2,gf,3.645,mm,OK,--,7:09:35 PM,12/3/2025,
831,60.2,gf,3.650,mm,OK,--,7:09:35 PM,12/3/2025,
832,60.3,gf,3.655,mm,OK,--,7:09:35 PM,12/3/2025,
833,60.3,gf,3.660,mm,OK,--,7:09:35 PM,12/3/2025,
834,60.3,gf,3.665,mm,OK,--,7:09:35 PM,12/3/2025,
835,60.3,gf,3.670,mm,OK,--,7:09:35 PM,12/3/2025,
836,60.4,gf,3.670,mm,OK,--,7:09:35 PM,12/3/2025,
837,60.4,gf,3.675,mm,OK,--,7:09:35 PM,12/3/2025,
838,60.4,gf,3.680,mm,OK,--,7:09:36 PM,12/3/2025,
839,60.5,gf,3.685,mm,OK,--,7:09:36 PM,12/3/2025,
840,60.5,gf,3.685,mm,OK,--,7:09:36 PM,12/3/2025,
841,60.5,gf,3.690,mm,OK,--,7:09:36 PM,12/3/2025,
842,60.5,gf,3.690,mm,OK,--,7:09:36 PM,12/3/2025,
843,60.5,gf,3.690,mm,OK,--,7:09:36 PM,12/3/2025,
844,60.5,gf,3.695,mm,OK,--,7:09:36 PM,12/3/2025,
845,60.6,gf,3.695,mm,OK,--,7:09:36 PM,12/3/2025,
846,60.6,gf,3.700,mm,OK,--,7:09:36 PM,12/3/2025,
847,60.6,gf,3.700,mm,OK,--,7:09:36 PM,12/3/2025,
848,60.6,gf,3.705,mm,OK,--,7:09:37 PM,12/3/2025,
849,60.6,gf,3.705,mm,OK,--,7:09:37 PM,12/3/2025,
850,60.6,gf,3.710,mm,OK,--,7:09:37 PM,12/3/2025,
851,60.7,gf,3.715,mm,OK,--,7:09:37 PM,12/3/2025,
852,60.7,gf,3.720,mm,OK,--,7:09:37 PM,12/3/2025,
853,60.8,gf,3.720,mm,OK,--,7:09:37 PM,12/3/2025,
854,60.8,gf,3.725,mm,OK,--,7:09:37 PM,12/3/2025,
855,60.8,gf,3.725,mm,OK,--,7:09:37 PM,12/3/2025,
856,60.8,gf,3.730,mm,OK,--,7:09:37 PM,12/3/2025,
857,60.8,gf,3.730,mm,OK,--,7:09:37 PM,12/3/2025,
858,60.8,gf,3.730,mm,OK,--,7:09:38 PM,12/3/2025,
859,60.9,gf,3.735,mm,OK,--,7:09:38 PM,12/3/2025,
860,60.9,gf,3.735,mm,OK,--,7:09:38 PM,12/3/2025,
861,60.9,gf,3.740,mm,OK,--,7:09:38 PM,12/3/2025,
862,60.9,gf,3.740,mm,OK,--,7:09:38 PM,12/3/2025,
863,61.0,gf,3.745,mm,OK,--,7:09:38 PM,12/3/2025,
864,61.0,gf,3.745,mm,OK,--,7:09:38 PM,12/3/2025,
865,61.0,gf,3.750,mm,OK,--,7:09:38 PM,12/3/2025,
866,61.0,gf,3.750,mm,OK,--,7:09:38 PM,12/3/2025,
867,61.0,gf,3.755,mm,OK,--,7:09:38 PM,12/3/2025,
868,61.0,gf,3.760,mm,OK,--,7:09:39 PM,12/3/2025,
869,61.1,gf,3.760,mm,OK,--,7:09:39 PM,12/3/2025,
870,61.1,gf,3.760,mm,OK,--,7:09:39 PM,12/3/2025,
871,61.1,gf,3.765,mm,OK,--,7:09:39 PM,12/3/2025,
872,61.1,gf,3.770,mm,OK,--,7:09:39 PM,12/3/2025,
873,61.2,gf,3.770,mm,OK,--,7:09:39 PM,12/3/2025,
874,61.2,gf,3.775,mm,OK,--,7:09:39 PM,12/3/2025,
875,61.2,gf,3.780,mm,OK,--,7:09:39 PM,12/3/2025,
876,61.3,gf,3.780,mm,OK,--,7:09:39 PM,12/3/2025,
877,61.3,gf,3.785,mm,OK,--,7:09:39 PM,12/3/2025,
878,61.3,gf,3.790,mm,OK,--,7:09:40 PM,12/3/2025,
879,61.3,gf,3.790,mm,OK,--,7:09:40 PM,12/3/2025,
880,61.3,gf,3.795,mm,OK,--,7:09:40 PM,12/3/2025,
881,61.4,gf,3.800,mm,OK,--,7:09:40 PM,12/3/2025,
882,61.4,gf,3.800,mm,OK,--,7:09:40 PM,12/3/2025,
883,61.4,gf,3.800,mm,OK,--,7:09:40 PM,12/3/2025,
884,61.4,gf,3.805,mm,OK,--,7:09:40 PM,12/3/2025,
885,61.4,gf,3.805,mm,OK,--,7:09:40 PM,12/3/2025,
886,61.4,gf,3.810,mm,OK,--,7:09:40 PM,12/3/2025,
887,61.4,gf,3.810,mm,OK,--,7:09:40 PM,12/3/2025,
888,61.4,gf,3.810,mm,OK,--,7:09:41 PM,12/3/2025,
889,61.4,gf,3.815,mm,OK,--,7:09:41 PM,12/3/2025,
890,61.5,gf,3.815,mm,OK,--,7:09:41 PM,12/3/2025,
891,61.5,gf,3.815,mm,OK,--,7:09:41 PM,12/3/2025,
892,61.4,gf,3.815,mm,OK,--,7:09:41 PM,12/3/2025,
893,61.5,gf,3.820,mm,OK,--,7:09:41 PM,12/3/2025,
894,61.5,gf,3.820,mm,OK,--,7:09:41 PM,12/3/2025,
895,61.5,gf,3.820,mm,OK,--,7:09:41 PM,12/3/2025,
896,61.6,gf,3.820,mm,OK,--,7:09:41 PM,12/3/2025,
897,61.5,gf,3.820,mm,OK,--,7:09:41 PM,12/3/2025,
898,61.5,gf,3.820,mm,OK,--,7:09:42 PM,12/3/2025,
899,61.5,gf,3.825,mm,OK,--,7:09:42 PM,12/3/2025,
900,61.5,gf,3.825,mm,OK,--,7:09:42 PM,12/3/2025,
901,61.5,gf,3.825,mm,OK,--,7:09:42 PM,12/3/2025,
902,61.6,gf,3.825,mm,OK,--,7:09:42 PM,12/3/2025,
903,61.6,gf,3.830,mm,OK,--,7:09:42 PM,12/3/2025,
904,61.6,gf,3.830,mm,OK,--,7:09:42 PM,12/3/2025,
905,61.6,gf,3.830,mm,OK,--,7:09:42 PM,12/3/2025,
906,61.6,gf,3.835,mm,OK,--,7:09:42 PM,12/3/2025,
907,61.6,gf,3.835,mm,OK,--,7:09:42 PM,12/3/2025,
908,61.6,gf,3.835,mm,OK,--,7:09:43 PM,12/3/2025,
909,61.7,gf,3.840,mm,OK,--,7:09:43 PM,12/3/2025,
910,61.6,gf,3.840,mm,OK,--,7:09:43 PM,12/3/2025,
911,61.7,gf,3.840,mm,OK,--,7:09:43 PM,12/3/2025,
912,61.7,gf,3.845,mm,OK,--,7:09:43 PM,12/3/2025,
913,61.7,gf,3.845,mm,OK,--,7:09:43 PM,12/3/2025,
914,61.7,gf,3.850,mm,OK,--,7:09:43 PM,12/3/2025,
915,61.7,gf,3.850,mm,OK,--,7:09:43 PM,12/3/2025,
916,61.7,gf,3.855,mm,OK,--,7:09:43 PM,12/3/2025,
917,61.8,gf,3.860,mm,OK,--,7:09:43 PM,12/3/2025,
918,61.9,gf,3.865,mm,OK,--,7:09:44 PM,12/3/2025,
919,61.9,gf,3.865,mm,OK,--,7:09:44 PM,12/3/2025,
920,61.9,gf,3.870,mm,OK,--,7:09:44 PM,12/3/2025,
921,61.9,gf,3.875,mm,OK,--,7:09:44 PM,12/3/2025,
922,62.0,gf,3.875,mm,OK,--,7:09:44 PM,12/3/2025,
923,62.0,gf,3.880,mm,OK,--,7:09:44 PM,12/3/2025,
924,62.0,gf,3.885,mm,OK,--,7:09:44 PM,12/3/2025,
925,62.0,gf,3.885,mm,OK,--,7:09:44 PM,12/3/2025,
926,62.1,gf,3.890,mm,OK,--,7:09:44 PM,12/3/2025,
927,62.1,gf,3.890,mm,OK,--,7:09:44 PM,12/3/2025,
928,62.1,gf,3.895,mm,OK,--,7:09:45 PM,12/3/2025,
929,62.1,gf,3.900,mm,OK,--,7:09:45 PM,12/3/2025,
930,62.2,gf,3.900,mm,OK,--,7:09:45 PM,12/3/2025,
931,62.2,gf,3.905,mm,OK,--,7:09:45 PM,12/3/2025,
932,62.2,gf,3.915,mm,OK,--,7:09:45 PM,12/3/2025,
933,62.3,gf,3.920,mm,OK,--,7:09:45 PM,12/3/2025,
934,62.4,gf,3.930,mm,OK,--,7:09:45 PM,12/3/2025,
935,62.5,gf,3.940,mm,OK,--,7:09:45 PM,12/3/2025,
936,62.5,gf,3.950,mm,OK,--,7:09:45 PM,12/3/2025,
937,62.6,gf,3.965,mm,OK,--,7:09:45 PM,12/3/2025,
938,62.8,gf,3.975,mm,OK,--,7:09:46 PM,12/3/2025,
939,62.8,gf,3.985,mm,OK,--,7:09:46 PM,12/3/2025,
940,62.9,gf,3.995,mm,OK,--,7:09:46 PM,12/3/2025,
941,62.9,gf,4.005,mm,OK,--,7:09:46 PM,12/3/2025,
942,63.0,gf,4.010,mm,OK,--,7:09:46 PM,12/3/2025,
943,63.1,gf,4.020,mm,OK,--,7:09:46 PM,12/3/2025,
944,63.2,gf,4.030,mm,OK,--,7:09:46 PM,12/3/2025,
945,63.3,gf,4.035,mm,OK,--,7:09:46 PM,12/3/2025,
946,63.3,gf,4.040,mm,OK,--,7:09:46 PM,12/3/2025,
947,63.3,gf,4.045,mm,OK,--,7:09:46 PM,12/3/2025,
948,63.3,gf,4.050,mm,OK,--,7:09:47 PM,12/3/2025,
949,63.4,gf,4.055,mm,OK,--,7:09:47 PM,12/3/2025,
950,63.4,gf,4.060,mm,OK,--,7:09:47 PM,12/3/2025,
951,63.5,gf,4.060,mm,OK,--,7:09:47 PM,12/3/2025,
952,63.5,gf,4.065,mm,OK,--,7:09:47 PM,12/3/2025,
953,63.5,gf,4.070,mm,OK,--,7:09:47 PM,12/3/2025,
954,63.5,gf,4.075,mm,OK,--,7:09:47 PM,12/3/2025,
955,63.6,gf,4.080,mm,OK,--,7:09:47 PM,12/3/2025,
956,63.6,gf,4.080,mm,OK,--,7:09:47 PM,12/3/2025,
957,63.6,gf,4.085,mm,OK,--,7:09:47 PM,12/3/2025,
958,63.6,gf,4.090,mm,OK,--,7:09:48 PM,12/3/2025,
959,63.7,gf,4.095,mm,OK,--,7:09:48 PM,12/3/2025,
960,63.9,gf,4.095,mm,OK,--,7:09:48 PM,12/3/2025,
961,65.6,gf,4.100,mm,OK,--,7:09:48 PM,12/3/2025,
962,68.3,gf,4.105,mm,OK,--,7:09:48 PM,12/3/2025,
963,71.1,gf,4.110,mm,OK,--,7:09:48 PM,12/3/2025,
964,73.2,gf,4.110,mm,OK,--,7:09:48 PM,12/3/2025,
965,74.9,gf,4.115,mm,OK,--,7:09:48 PM,12/3/2025,
966,76.6,gf,4.115,mm,OK,--,7:09:48 PM,12/3/2025,
967,78.3,gf,4.120,mm,OK,--,7:09:48 PM,12/3/2025,
968,80.1,gf,4.120,mm,OK,--,7:09:49 PM,12/3/2025,
969,82.1,gf,4.120,mm,OK,--,7:09:49 PM,12/3/2025,
970,84.2,gf,4.125,mm,OK,--,7:09:49 PM,12/3/2025,
971,86.3,gf,4.125,mm,OK,--,7:09:49 PM,12/3/2025,
972,88.2,gf,4.130,mm,OK,--,7:09:49 PM,12/3/2025,
973,90.6,gf,4.130,mm,OK,--,7:09:49 PM,12/3/2025,
974,93.4,gf,4.135,mm,OK,--,7:09:49 PM,12/3/2025,
975,96.1,gf,4.140,mm,OK,--,7:09:49 PM,12/3/2025,
976,99.0,gf,4.140,mm,OK,--,7:09:49 PM,12/3/2025,
977,102.2,gf,4.145,mm,OK,--,7:09:49 PM,12/3/2025,
978,105.8,gf,4.150,mm,OK,--,7:09:50 PM,12/3/2025,
979,109.6,gf,4.155,mm,OK,--,7:09:50 PM,12/3/2025,
980,113.3,gf,4.160,mm,OK,--,7:09:50 PM,12/3/2025,
981,116.7,gf,4.160,mm,OK,--,7:09:50 PM,12/3/2025,
982,120.2,gf,4.165,mm,OK,--,7:09:50 PM,12/3/2025,
983,123.7,gf,4.170,mm,OK,--,7:09:50 PM,12/3/2025,
984,127.1,gf,4.175,mm,OK,--,7:09:50 PM,12/3/2025,
985,130.8,gf,4.175,mm,OK,--,7:09:50 PM,12/3/2025,
986,134.0,gf,4.180,mm,OK,--,7:09:50 PM,12/3/2025,
987,136.6,gf,4.185,mm,OK,--,7:09:50 PM,12/3/2025,
988,138.7,gf,4.185,mm,OK,--,7:09:51 PM,12/3/2025,
989,141.0,gf,4.190,mm,OK,--,7:09:51 PM,12/3/2025,
990,143.5,gf,4.190,mm,OK,--,7:09:51 PM,12/3/2025,
991,145.4,gf,4.195,mm,OK,--,7:09:51 PM,12/3/2025,
992,147.0,gf,4.195,mm,OK,--,7:09:51 PM,12/3/2025,
993,148.9,gf,4.195,mm,OK,--,7:09:51 PM,12/3/2025,
994,150.6,gf,4.200,mm,OK,--,7:09:51 PM,12/3/2025,
995,152.1,gf,4.200,mm,OK,--,7:09:51 PM,12/3/2025,
996,153.9,gf,4.200,mm,OK,--,7:09:51 PM,12/3/2025,
997,156.0,gf,4.205,mm,OK,--,7:09:51 PM,12/3/2025,
998,158.0,gf,4.205,mm,OK,--,7:09:52 PM,12/3/2025,
999,160.3,gf,4.205,mm,OK,--,7:09:52 PM,12/3/2025,
1000,162.6,gf,4.210,mm,OK,--,7:09:52 PM,12/3/2025,
1001,164.5,gf,4.210,mm,OK,--,7:09:52 PM,12/3/2025,
1002,166.4,gf,4.215,mm,OK,--,7:09:52 PM,12/3/2025,
1003,168.2,gf,4.215,mm,OK,--,7:09:52 PM,12/3/2025,
1004,170.3,gf,4.215,mm,OK,--,7:09:52 PM,12/3/2025,
1005,172.3,gf,4.220,mm,OK,--,7:09:52 PM,12/3/2025,
1006,174.1,gf,4.220,mm,OK,--,7:09:52 PM,12/3/2025,
1007,175.6,gf,4.220,mm,OK,--,7:09:52 PM,12/3/2025,
1008,177.1,gf,4.225,mm,OK,--,7:09:53 PM,12/3/2025,
1009,178.9,gf,4.225,mm,OK,--,7:09:53 PM,12/3/2025,
1010,180.8,gf,4.225,mm,OK,--,7:09:53 PM,12/3/2025,
1011,182.7,gf,4.230,mm,OK,--,7:09:53 PM,12/3/2025,
1012,184.3,gf,4.230,mm,OK,--,7:09:53 PM,12/3/2025,
1013,185.8,gf,4.235,mm,OK,--,7:09:53 PM,12/3/2025,
1014,187.4,gf,4.235,mm,OK,--,7:09:53 PM,12/3/2025,
1015,188.7,gf,4.235,mm,OK,--,7:09:53 PM,12/3/2025,
1016,189.4,gf,4.235,mm,OK,--,7:09:53 PM,12/3/2025,
1017,189.4,gf,4.235,mm,OK,--,7:09:53 PM,12/3/2025,
1018,189.8,gf,4.235,mm,OK,--,7:09:54 PM,12/3/2025,
1019,190.9,gf,4.240,mm,OK,--,7:09:54 PM,12/3/2025,
1020,192.0,gf,4.240,mm,OK,--,7:09:54 PM,12/3/2025,
1021,192.2,gf,4.240,mm,OK,--,7:09:54 PM,12/3/2025,
1022,192.1,gf,4.240,mm,OK,--,7:09:54 PM,12/3/2025,
1023,192.1,gf,4.240,mm,OK,--,7:09:54 PM,12/3/2025,
1024,192.0,gf,4.240,mm,OK,--,7:09:54 PM,12/3/2025,
1025,192.1,gf,4.240,mm,OK,--,7:09:54 PM,12/3/2025,
1026,192.0,gf,4.240,mm,OK,--,7:09:54 PM,12/3/2025,
1027,191.8,gf,4.240,mm,OK,--,7:09:54 PM,12/3/2025,
1028,191.8,gf,4.240,mm,OK,--,7:09:55 PM,12/3/2025,
1029,191.8,gf,4.240,mm,OK,--,7:09:55 PM,12/3/2025,
1030,191.7,gf,4.240,mm,OK,--,7:09:55 PM,12/3/2025,
1031,191.8,gf,4.240,mm,OK,--,7:09:55 PM,12/3/2025,
1032,191.8,gf,4.240,mm,OK,--,7:09:55 PM,12/3/2025,
1033,191.7,gf,4.240,mm,OK,--,7:09:55 PM,12/3/2025,
1034,191.7,gf,4.240,mm,OK,--,7:09:55 PM,12/3/2025,
1035,191.6,gf,4.240,mm,OK,--,7:09:55 PM,12/3/2025,
1036,191.6,gf,4.240,mm,OK,--,7:09:55 PM,12/3/2025,
1037,191.3,gf,4.240,mm,OK,--,7:09:55 PM,12/3/2025,
1038,191.1,gf,4.240,mm,OK,--,7:09:56 PM,12/3/2025,
1039,190.9,gf,4.240,mm,OK,--,7:09:56 PM,12/3/2025,
1040,190.8,gf,4.240,mm,OK,--,7:09:56 PM,12/3/2025,
1041,190.6,gf,4.240,mm,OK,--,7:09:56 PM,12/3/2025,
1042,190.4,gf,4.240,mm,OK,--,7:09:56 PM,12/3/2025,
1043,190.4,gf,4.240,mm,OK,--,7:09:56 PM,12/3/2025,
1044,190.3,gf,4.240,mm,OK,--,7:09:56 PM,12/3/2025,
1045,190.1,gf,4.240,mm,OK,--,7:09:56 PM,12/3/2025,
1046,189.6,gf,4.240,mm,OK,--,7:09:56 PM,12/3/2025,
1047,189.2,gf,4.240,mm,OK,--,7:09:56 PM,12/3/2025,
1048,188.5,gf,4.240,mm,OK,--,7:09:57 PM,12/3/2025,
1049,187.5,gf,4.235,mm,OK,--,7:09:57 PM,12/3/2025,
1050,186.8,gf,4.235,mm,OK,--,7:09:57 PM,12/3/2025,
1051,186.0,gf,4.235,mm,OK,--,7:09:57 PM,12/3/2025,
1052,185.2,gf,4.235,mm,OK,--,7:09:57 PM,12/3/2025,
1053,184.8,gf,4.235,mm,OK,--,7:09:57 PM,12/3/2025,
1054,184.2,gf,4.235,mm,OK,--,7:09:57 PM,12/3/2025,
1055,183.2,gf,4.235,mm,OK,--,7:09:57 PM,12/3/2025,
1056,182.9,gf,4.235,mm,OK,--,7:09:57 PM,12/3/2025,
1057,182.3,gf,4.230,mm,OK,--,7:09:57 PM,12/3/2025,
1058,181.7,gf,4.230,mm,OK,--,7:09:58 PM,12/3/2025,
1059,181.6,gf,4.230,mm,OK,--,7:09:58 PM,12/3/2025,
1060,181.2,gf,4.230,mm,OK,--,7:09:58 PM,12/3/2025,
1061,180.4,gf,4.230,mm,OK,--,7:09:58 PM,12/3/2025,
1062,178.7,gf,4.230,mm,OK,--,7:09:58 PM,12/3/2025,
1063,176.4,gf,4.225,mm,OK,--,7:09:58 PM,12/3/2025,
1064,173.8,gf,4.225,mm,OK,--,7:09:58 PM,12/3/2025,
1065,171.5,gf,4.220,mm,OK,--,7:09:58 PM,12/3/2025,
1066,169.5,gf,4.220,mm,OK,--,7:09:58 PM,12/3/2025,
1067,168.3,gf,4.220,mm,OK,--,7:09:58 PM,12/3/2025,
1068,167.8,gf,4.220,mm,OK,--,7:09:59 PM,12/3/2025,
1069,167.2,gf,4.220,mm,OK,--,7:09:59 PM,12/3/2025,
1070,166.8,gf,4.220,mm,OK,--,7:09:59 PM,12/3/2025,
1071,166.5,gf,4.215,mm,OK,--,7:09:59 PM,12/3/2025,
1072,166.0,gf,4.215,mm,OK,--,7:09:59 PM,12/3/2025,
1073,165.0,gf,4.215,mm,OK,--,7:09:59 PM,12/3/2025,
1074,164.4,gf,4.215,mm,OK,--,7:09:59 PM,12/3/2025,
1075,163.7,gf,4.215,mm,OK,--,7:09:59 PM,12/3/2025,
1076,163.2,gf,4.215,mm,OK,--,7:09:59 PM,12/3/2025,
1077,162.9,gf,4.215,mm,OK,--,7:09:59 PM,12/3/2025,
1078,162.0,gf,4.215,mm,OK,--,7:10:00 PM,12/3/2025,
1079,160.8,gf,4.210,mm,OK,--,7:10:00 PM,12/3/2025,
1080,160.0,gf,4.210,mm,OK,--,7:10:00 PM,12/3/2025,
1081,159.5,gf,4.210,mm,OK,--,7:10:00 PM,12/3/2025,
1082,159.0,gf,4.210,mm,OK,--,7:10:00 PM,12/3/2025,
1083,158.0,gf,4.210,mm,OK,--,7:10:00 PM,12/3/2025,
1084,156.8,gf,4.210,mm,OK,--,7:10:00 PM,12/3/2025,
1085,155.9,gf,4.205,mm,OK,--,7:10:00 PM,12/3/2025,
1086,155.2,gf,4.205,mm,OK,--,7:10:00 PM,12/3/2025,
1087,154.3,gf,4.205,mm,OK,--,7:10:00 PM,12/3/2025,
1088,153.2,gf,4.205,mm,OK,--,7:10:01 PM,12/3/2025,
1089,152.1,gf,4.205,mm,OK,--,7:10:01 PM,12/3/2025,
1090,151.3,gf,4.205,mm,OK,--,7:10:01 PM,12/3/2025,
1091,150.6,gf,4.200,mm,OK,--,7:10:01 PM,12/3/2025,
1092,150.4,gf,4.200,mm,OK,--,7:10:01 PM,12/3/2025,
1093,150.0,gf,4.200,mm,OK,--,7:10:01 PM,12/3/2025,
1094,147.8,gf,4.200,mm,OK,--,7:10:01 PM,12/3/2025,
1095,145.9,gf,4.200,mm,OK,--,7:10:01 PM,12/3/2025,
1096,144.7,gf,4.195,mm,OK,--,7:10:01 PM,12/3/2025,
1097,144.1,gf,4.195,mm,OK,--,7:10:01 PM,12/3/2025,
1098,143.6,gf,4.195,mm,OK,--,7:10:02 PM,12/3/2025,
1099,143.2,gf,4.195,mm,OK,--,7:10:02 PM,12/3/2025,
1100,142.8,gf,4.195,mm,OK,--,7:10:02 PM,12/3/2025,
1101,142.5,gf,4.195,mm,OK,--,7:10:02 PM,12/3/2025,
1102,142.3,gf,4.195,mm,OK,--,7:10:02 PM,12/3/2025,
1103,141.9,gf,4.195,mm,OK,--,7:10:02 PM,12/3/2025,
1104,141.5,gf,4.195,mm,OK,--,7:10:02 PM,12/3/2025,
1105,141.0,gf,4.195,mm,OK,--,7:10:02 PM,12/3/2025,
1106,140.2,gf,4.195,mm,OK,--,7:10:02 PM,12/3/2025,
1107,138.6,gf,4.190,mm,OK,--,7:10:02 PM,12/3/2025,
1108,137.5,gf,4.190,mm,OK,--,7:10:03 PM,12/3/2025,
1109,136.7,gf,4.190,mm,OK,--,7:10:03 PM,12/3/2025,
1110,136.3,gf,4.190,mm,OK,--,7:10:03 PM,12/3/2025,
1111,135.8,gf,4.190,mm,OK,--,7:10:03 PM,12/3/2025,
1112,135.2,gf,4.190,mm,OK,--,7:10:03 PM,12/3/2025,
1113,134.3,gf,4.185,mm,OK,--,7:10:03 PM,12/3/2025,
1114,133.3,gf,4.185,mm,OK,--,7:10:03 PM,12/3/2025,
1115,132.1,gf,4.185,mm,OK,--,7:10:03 PM,12/3/2025,
1116,130.1,gf,4.185,mm,OK,--,7:10:03 PM,12/3/2025,
1117,128.7,gf,4.180,mm,OK,--,7:10:03 PM,12/3/2025,
1118,127.7,gf,4.180,mm,OK,--,7:10:04 PM,12/3/2025,
1119,126.9,gf,4.180,mm,OK,--,7:10:04 PM,12/3/2025,
1120,126.2,gf,4.180,mm,OK,--,7:10:04 PM,12/3/2025,
1121,125.1,gf,4.180,mm,OK,--,7:10:04 PM,12/3/2025,
1122,124.1,gf,4.175,mm,OK,--,7:10:04 PM,12/3/2025,
1123,122.7,gf,4.175,mm,OK,--,7:10:04 PM,12/3/2025,
1124,121.6,gf,4.175,mm,OK,--,7:10:04 PM,12/3/2025,
1125,121.2,gf,4.175,mm,OK,--,7:10:04 PM,12/3/2025,
1126,120.8,gf,4.175,mm,OK,--,7:10:04 PM,12/3/2025,
1127,120.6,gf,4.175,mm,OK,--,7:10:04 PM,12/3/2025,
1128,120.2,gf,4.175,mm,OK,--,7:10:05 PM,12/3/2025,
1129,119.8,gf,4.170,mm,OK,--,7:10:05 PM,12/3/2025,
1130,119.3,gf,4.170,mm,OK,--,7:10:05 PM,12/3/2025,
1131,118.9,gf,4.170,mm,OK,--,7:10:05 PM,12/3/2025,
1132,118.4,gf,4.170,mm,OK,--,7:10:05 PM,12/3/2025,
1133,118.0,gf,4.170,mm,OK,--,7:10:05 PM,12/3/2025,
1134,117.5,gf,4.170,mm,OK,--,7:10:05 PM,12/3/2025,
1135,116.8,gf,4.170,mm,OK,--,7:10:05 PM,12/3/2025,
1136,116.1,gf,4.170,mm,OK,--,7:10:05 PM,12/3/2025,
1137,115.5,gf,4.170,mm,OK,--,7:10:05 PM,12/3/2025,
1138,114.9,gf,4.165,mm,OK,--,7:10:06 PM,12/3/2025,
1139,114.2,gf,4.165,mm,OK,--,7:10:06 PM,12/3/2025,
1140,113.6,gf,4.165,mm,OK,--,7:10:06 PM,12/3/2025,
1141,112.9,gf,4.165,mm,OK,--,7:10:06 PM,12/3/2025,
1142,112.1,gf,4.165,mm,OK,--,7:10:06 PM,12/3/2025,
1143,111.2,gf,4.165,mm,OK,--,7:10:06 PM,12/3/2025,
1144,110.3,gf,4.160,mm,OK,--,7:10:06 PM,12/3/2025,
1145,109.3,gf,4.160,mm,OK,--,7:10:06 PM,12/3/2025,
1146,108.3,gf,4.160,mm,OK,--,7:10:06 PM,12/3/2025,
1147,107.2,gf,4.160,mm,OK,--,7:10:06 PM,12/3/2025,
1148,105.9,gf,4.160,mm,OK,--,7:10:07 PM,12/3/2025,
1149,104.6,gf,4.155,mm,OK,--,7:10:07 PM,12/3/2025,
1150,103.2,gf,4.155,mm,OK,--,7:10:07 PM,12/3/2025,
1151,101.8,gf,4.155,mm,OK,--,7:10:07 PM,12/3/2025,
1152,100.7,gf,4.150,mm,OK,--,7:10:07 PM,12/3/2025,
1153,99.6,gf,4.150,mm,OK,--,7:10:07 PM,12/3/2025,
1154,98.2,gf,4.150,mm,OK,--,7:10:07 PM,12/3/2025,
1155,97.0,gf,4.150,mm,OK,--,7:10:07 PM,12/3/2025,
1156,96.2,gf,4.145,mm,OK,--,7:10:07 PM,12/3/2025,
1157,95.3,gf,4.145,mm,OK,--,7:10:07 PM,12/3/2025,
1158,94.5,gf,4.145,mm,OK,--,7:10:08 PM,12/3/2025,
1159,93.5,gf,4.145,mm,OK,--,7:10:08 PM,12/3/2025,
1160,92.5,gf,4.145,mm,OK,--,7:10:08 PM,12/3/2025,
1161,91.6,gf,4.145,mm,OK,--,7:10:08 PM,12/3/2025,
1162,90.5,gf,4.140,mm,OK,--,7:10:08 PM,12/3/2025,
1163,89.5,gf,4.140,mm,OK,--,7:10:08 PM,12/3/2025,
1164,88.5,gf,4.140,mm,OK,--,7:10:08 PM,12/3/2025,
1165,87.3,gf,4.140,mm,OK,--,7:10:08 PM,12/3/2025,
1166,86.0,gf,4.135,mm,OK,--,7:10:08 PM,12/3/2025,
1167,85.0,gf,4.135,mm,OK,--,7:10:08 PM,12/3/2025,
1168,84.0,gf,4.135,mm,OK,--,7:10:09 PM,12/3/2025,
1169,83.2,gf,4.135,mm,OK,--,7:10:09 PM,12/3/2025,
1170,82.3,gf,4.130,mm,OK,--,7:10:09 PM,12/3/2025,
1171,81.5,gf,4.130,mm,OK,--,7:10:09 PM,12/3/2025,
1172,80.9,gf,4.130,mm,OK,--,7:10:09 PM,12/3/2025,
1173,80.0,gf,4.130,mm,OK,--,7:10:09 PM,12/3/2025,
1174,79.0,gf,4.130,mm,OK,--,7:10:09 PM,12/3/2025,
1175,78.0,gf,4.125,mm,OK,--,7:10:09 PM,12/3/2025,
1176,77.0,gf,4.125,mm,OK,--,7:10:09 PM,12/3/2025,
1177,75.9,gf,4.125,mm,OK,--,7:10:09 PM,12/3/2025,
1178,75.0,gf,4.125,mm,OK,--,7:10:10 PM,12/3/2025,
1179,73.9,gf,4.120,mm,OK,--,7:10:10 PM,12/3/2025,
1180,72.7,gf,4.120,mm,OK,--,7:10:10 PM,12/3/2025,
1181,71.3,gf,4.120,mm,OK,--,7:10:10 PM,12/3/2025,
1182,70.0,gf,4.115,mm,OK,--,7:10:10 PM,12/3/2025,
1183,68.5,gf,4.115,mm,OK,--,7:10:10 PM,12/3/2025,
1184,67.0,gf,4.110,mm,OK,--,7:10:10 PM,12/3/2025,
1185,65.7,gf,4.110,mm,OK,--,7:10:10 PM,12/3/2025,
1186,64.6,gf,4.105,mm,OK,--,7:10:10 PM,12/3/2025,
1187,63.9,gf,4.105,mm,OK,--,7:10:10 PM,12/3/2025,
1188,63.6,gf,4.100,mm,OK,--,7:10:11 PM,12/3/2025,
1189,63.5,gf,4.100,mm,OK,--,7:10:11 PM,12/3/2025,
1190,63.5,gf,4.095,mm,OK,--,7:10:11 PM,12/3/2025,
1191,63.5,gf,4.095,mm,OK,--,7:10:11 PM,12/3/2025,
1192,63.5,gf,4.090,mm,OK,--,7:10:11 PM,12/3/2025,
1193,63.5,gf,4.090,mm,OK,--,7:10:11 PM,12/3/2025,
1194,63.4,gf,4.085,mm,OK,--,7:10:11 PM,12/3/2025,
1195,63.4,gf,4.080,mm,OK,--,7:10:11 PM,12/3/2025,
1196,63.3,gf,4.075,mm,OK,--,7:10:11 PM,12/3/2025,
1197,63.3,gf,4.070,mm,OK,--,7:10:11 PM,12/3/2025,
1198,63.2,gf,4.065,mm,OK,--,7:10:12 PM,12/3/2025,
1199,63.2,gf,4.055,mm,OK,--,7:10:12 PM,12/3/2025,
1200,63.1,gf,4.050,mm,OK,--,7:10:12 PM,12/3/2025,
1201,63.0,gf,4.040,mm,OK,--,7:10:12 PM,12/3/2025,
1202,63.0,gf,4.030,mm,OK,--,7:10:12 PM,12/3/2025,
1203,62.9,gf,4.025,mm,OK,--,7:10:12 PM,12/3/2025,
1204,62.9,gf,4.020,mm,OK,--,7:10:12 PM,12/3/2025,
1205,62.9,gf,4.015,mm,OK,--,7:10:12 PM,12/3/2025,
1206,62.8,gf,4.010,mm,OK,--,7:10:12 PM,12/3/2025,
1207,62.7,gf,4.005,mm,OK,--,7:10:12 PM,12/3/2025,
1208,62.7,gf,4.000,mm,OK,--,7:10:13 PM,12/3/2025,
1209,62.7,gf,4.000,mm,OK,--,7:10:13 PM,12/3/2025,
1210,62.7,gf,4.000,mm,OK,--,7:10:13 PM,12/3/2025,
1211,62.7,gf,3.995,mm,OK,--,7:10:13 PM,12/3/2025,
1212,62.7,gf,3.995,mm,OK,--,7:10:13 PM,12/3/2025,
1213,62.7,gf,3.990,mm,OK,--,7:10:13 PM,12/3/2025,
1214,62.6,gf,3.990,mm,OK,--,7:10:13 PM,12/3/2025,
1215,62.6,gf,3.985,mm,OK,--,7:10:13 PM,12/3/2025,
1216,62.6,gf,3.985,mm,OK,--,7:10:13 PM,12/3/2025,
1217,62.6,gf,3.980,mm,OK,--,7:10:13 PM,12/3/2025,
1218,62.6,gf,3.980,mm,OK,--,7:10:14 PM,12/3/2025,
1219,62.6,gf,3.975,mm,OK,--,7:10:14 PM,12/3/2025,
1220,62.5,gf,3.970,mm,OK,--,7:10:14 PM,12/3/2025,
1221,62.4,gf,3.960,mm,OK,--,7:10:14 PM,12/3/2025,
1222,62.3,gf,3.955,mm,OK,--,7:10:14 PM,12/3/2025,
1223,62.3,gf,3.950,mm,OK,--,7:10:14 PM,12/3/2025,
1224,62.3,gf,3.945,mm,OK,--,7:10:14 PM,12/3/2025,
1225,62.2,gf,3.940,mm,OK,--,7:10:14 PM,12/3/2025,
1226,62.1,gf,3.935,mm,OK,--,7:10:14 PM,12/3/2025,
1227,62.1,gf,3.930,mm,OK,--,7:10:14 PM,12/3/2025,
1228,62.1,gf,3.930,mm,OK,--,7:10:15 PM,12/3/2025,
1229,62.1,gf,3.925,mm,OK,--,7:10:15 PM,12/3/2025,
1230,62.0,gf,3.920,mm,OK,--,7:10:15 PM,12/3/2025,
1231,62.0,gf,3.915,mm,OK,--,7:10:15 PM,12/3/2025,
1232,61.9,gf,3.910,mm,OK,--,7:10:15 PM,12/3/2025,
1233,61.9,gf,3.910,mm,OK,--,7:10:15 PM,12/3/2025,
1234,61.9,gf,3.905,mm,OK,--,7:10:15 PM,12/3/2025,
1235,61.9,gf,3.905,mm,OK,--,7:10:15 PM,12/3/2025,
1236,61.9,gf,3.900,mm,OK,--,7:10:15 PM,12/3/2025,
1237,61.8,gf,3.895,mm,OK,--,7:10:15 PM,12/3/2025,
1238,61.8,gf,3.890,mm,OK,--,7:10:16 PM,12/3/2025,
1239,61.7,gf,3.885,mm,OK,--,7:10:16 PM,12/3/2025,
1240,61.7,gf,3.880,mm,OK,--,7:10:16 PM,12/3/2025,
1241,61.7,gf,3.875,mm,OK,--,7:10:16 PM,12/3/2025,
1242,61.6,gf,3.870,mm,OK,--,7:10:16 PM,12/3/2025,
1243,61.6,gf,3.865,mm,OK,--,7:10:16 PM,12/3/2025,
1244,61.5,gf,3.860,mm,OK,--,7:10:16 PM,12/3/2025,
1245,61.5,gf,3.855,mm,OK,--,7:10:16 PM,12/3/2025,
1246,61.4,gf,3.850,mm,OK,--,7:10:16 PM,12/3/2025,
1247,61.4,gf,3.845,mm,OK,--,7:10:16 PM,12/3/2025,
1248,61.4,gf,3.840,mm,OK,--,7:10:17 PM,12/3/2025,
1249,61.3,gf,3.830,mm,OK,--,7:10:17 PM,12/3/2025,
1250,61.3,gf,3.825,mm,OK,--,7:10:17 PM,12/3/2025,
1251,61.2,gf,3.825,mm,OK,--,7:10:17 PM,12/3/2025,
1252,61.2,gf,3.820,mm,OK,--,7:10:17 PM,12/3/2025,
1253,61.2,gf,3.815,mm,OK,--,7:10:17 PM,12/3/2025,
1254,61.2,gf,3.810,mm,OK,--,7:10:17 PM,12/3/2025,
1255,61.1,gf,3.805,mm,OK,--,7:10:17 PM,12/3/2025,
1256,61.1,gf,3.800,mm,OK,--,7:10:17 PM,12/3/2025,
1257,61.0,gf,3.795,mm,OK,--,7:10:17 PM,12/3/2025,
1258,61.0,gf,3.790,mm,OK,--,7:10:18 PM,12/3/2025,
1259,60.9,gf,3.785,mm,OK,--,7:10:18 PM,12/3/2025,
1260,60.9,gf,3.780,mm,OK,--,7:10:18 PM,12/3/2025,
1261,60.9,gf,3.770,mm,OK,--,7:10:18 PM,12/3/2025,
1262,60.8,gf,3.765,mm,OK,--,7:10:18 PM,12/3/2025,
1263,60.8,gf,3.760,mm,OK,--,7:10:18 PM,12/3/2025,
1264,60.7,gf,3.760,mm,OK,--,7:10:18 PM,12/3/2025,
1265,60.7,gf,3.755,mm,OK,--,7:10:18 PM,12/3/2025,
1266,60.6,gf,3.750,mm,OK,--,7:10:18 PM,12/3/2025,
1267,60.6,gf,3.745,mm,OK,--,7:10:18 PM,12/3/2025,
1268,60.6,gf,3.740,mm,OK,--,7:10:19 PM,12/3/2025,
1269,60.5,gf,3.735,mm,OK,--,7:10:19 PM,12/3/2025,
1270,60.5,gf,3.730,mm,OK,--,7:10:19 PM,12/3/2025,
1271,60.5,gf,3.725,mm,OK,--,7:10:19 PM,12/3/2025,
1272,60.4,gf,3.720,mm,OK,--,7:10:19 PM,12/3/2025,
1273,60.3,gf,3.715,mm,OK,--,7:10:19 PM,12/3/2025,
1274,60.3,gf,3.710,mm,OK,--,7:10:19 PM,12/3/2025,
1275,60.3,gf,3.710,mm,OK,--,7:10:19 PM,12/3/2025,
1276,60.3,gf,3.705,mm,OK,--,7:10:19 PM,12/3/2025,
1277,60.3,gf,3.700,mm,OK,--,7:10:19 PM,12/3/2025,
1278,60.3,gf,3.700,mm,OK,--,7:10:20 PM,12/3/2025,
1279,60.2,gf,3.700,mm,OK,--,7:10:20 PM,12/3/2025,
1280,60.2,gf,3.695,mm,OK,--,7:10:20 PM,12/3/2025,
1281,60.2,gf,3.695,mm,OK,--,7:10:20 PM,12/3/2025,
1282,60.2,gf,3.695,mm,OK,--,7:10:20 PM,12/3/2025,
1283,60.2,gf,3.695,mm,OK,--,7:10:20 PM,12/3/2025,
1284,60.2,gf,3.695,mm,OK,--,7:10:20 PM,12/3/2025,
1285,60.2,gf,3.690,mm,OK,--,7:10:20 PM,12/3/2025,
1286,60.1,gf,3.685,mm,OK,--,7:10:20 PM,12/3/2025,
1287,60.1,gf,3.680,mm,OK,--,7:10:20 PM,12/3/2025,
1288,60.1,gf,3.675,mm,OK,--,7:10:21 PM,12/3/2025,
1289,60.1,gf,3.670,mm,OK,--,7:10:21 PM,12/3/2025,
1290,59.9,gf,3.655,mm,OK,--,7:10:21 PM,12/3/2025,
1291,59.9,gf,3.645,mm,OK,--,7:10:21 PM,12/3/2025,
1292,59.8,gf,3.640,mm,OK,--,7:10:21 PM,12/3/2025,
1293,59.8,gf,3.635,mm,OK,--,7:10:21 PM,12/3/2025,
1294,59.8,gf,3.635,mm,OK,--,7:10:21 PM,12/3/2025,
1295,59.8,gf,3.630,mm,OK,--,7:10:21 PM,12/3/2025,
1296,59.7,gf,3.625,mm,OK,--,7:10:21 PM,12/3/2025,
1297,59.7,gf,3.625,mm,OK,--,7:10:21 PM,12/3/2025,
1298,59.7,gf,3.620,mm,OK,--,7:10:22 PM,12/3/2025,
1299,59.7,gf,3.620,mm,OK,--,7:10:22 PM,12/3/2025,
1300,59.6,gf,3.615,mm,OK,--,7:10:22 PM,12/3/2025,
1301,59.6,gf,3.610,mm,OK,--,7:10:22 PM,12/3/2025,
1302,59.6,gf,3.610,mm,OK,--,7:10:22 PM,12/3/2025,
1303,59.6,gf,3.605,mm,OK,--,7:10:22 PM,12/3/2025,
1304,59.5,gf,3.605,mm,OK,--,7:10:22 PM,12/3/2025,
1305,59.5,gf,3.600,mm,OK,--,7:10:22 PM,12/3/2025,
1306,59.5,gf,3.595,mm,OK,--,7:10:22 PM,12/3/2025,
1307,59.5,gf,3.595,mm,OK,--,7:10:22 PM,12/3/2025,
1308,59.5,gf,3.590,mm,OK,--,7:10:23 PM,12/3/2025,
1309,59.4,gf,3.590,mm,OK,--,7:10:23 PM,12/3/2025,
1310,59.4,gf,3.585,mm,OK,--,7:10:23 PM,12/3/2025,
1311,59.4,gf,3.580,mm,OK,--,7:10:23 PM,12/3/2025,
1312,59.4,gf,3.575,mm,OK,--,7:10:23 PM,12/3/2025,
1313,59.3,gf,3.575,mm,OK,--,7:10:23 PM,12/3/2025,
1314,59.2,gf,3.570,mm,OK,--,7:10:23 PM,12/3/2025,
1315,59.2,gf,3.565,mm,OK,--,7:10:23 PM,12/3/2025,
1316,59.1,gf,3.560,mm,OK,--,7:10:23 PM,12/3/2025,
1317,59.1,gf,3.550,mm,OK,--,7:10:23 PM,12/3/2025,
1318,59.1,gf,3.545,mm,OK,--,7:10:24 PM,12/3/2025,
1319,59.0,gf,3.540,mm,OK,--,7:10:24 PM,12/3/2025,
1320,59.0,gf,3.535,mm,OK,--,7:10:24 PM,12/3/2025,
1321,58.9,gf,3.525,mm,OK,--,7:10:24 PM,12/3/2025,
1322,58.9,gf,3.520,mm,OK,--,7:10:24 PM,12/3/2025,
1323,58.8,gf,3.505,mm,OK,--,7:10:24 PM,12/3/2025,
1324,58.6,gf,3.485,mm,OK,--,7:10:24 PM,12/3/2025,
1325,58.6,gf,3.470,mm,OK,--,7:10:24 PM,12/3/2025,
1326,58.4,gf,3.450,mm,OK,--,7:10:24 PM,12/3/2025,
1327,58.3,gf,3.440,mm,OK,--,7:10:24 PM,12/3/2025,
1328,58.2,gf,3.430,mm,OK,--,7:10:25 PM,12/3/2025,
1329,58.1,gf,3.420,mm,OK,--,7:10:25 PM,12/3/2025,
1330,58.0,gf,3.410,mm,OK,--,7:10:25 PM,12/3/2025,
1331,58.0,gf,3.400,mm,OK,--,7:10:25 PM,12/3/2025,
1332,57.9,gf,3.390,mm,OK,--,7:10:25 PM,12/3/2025,
1333,57.8,gf,3.380,mm,OK,--,7:10:25 PM,12/3/2025,
1334,57.7,gf,3.365,mm,OK,--,7:10:25 PM,12/3/2025,
1335,57.6,gf,3.355,mm,OK,--,7:10:25 PM,12/3/2025,
1336,57.5,gf,3.345,mm,OK,--,7:10:25 PM,12/3/2025,
1337,57.4,gf,3.335,mm,OK,--,7:10:25 PM,12/3/2025,
1338,57.4,gf,3.320,mm,OK,--,7:10:26 PM,12/3/2025,
1339,57.2,gf,3.305,mm,OK,--,7:10:26 PM,12/3/2025,
1340,57.1,gf,3.290,mm,OK,--,7:10:26 PM,12/3/2025,
1341,57.1,gf,3.280,mm,OK,--,7:10:26 PM,12/3/2025,
1342,57.0,gf,3.270,mm,OK,--,7:10:26 PM,12/3/2025,
1343,56.9,gf,3.255,mm,OK,--,7:10:26 PM,12/3/2025,
1344,56.8,gf,3.250,mm,OK,--,7:10:26 PM,12/3/2025,
1345,56.8,gf,3.240,mm,OK,--,7:10:26 PM,12/3/2025,
1346,56.8,gf,3.240,mm,OK,--,7:10:26 PM,12/3/2025,
1347,56.7,gf,3.235,mm,OK,--,7:10:26 PM,12/3/2025,
1348,56.7,gf,3.235,mm,OK,--,7:10:27 PM,12/3/2025,
1349,56.7,gf,3.230,mm,OK,--,7:10:27 PM,12/3/2025,
1350,56.7,gf,3.225,mm,OK,--,7:10:27 PM,12/3/2025,
1351,56.6,gf,3.225,mm,OK,--,7:10:27 PM,12/3/2025,
1352,56.6,gf,3.220,mm,OK,--,7:10:27 PM,12/3/2025,
1353,56.5,gf,3.215,mm,OK,--,7:10:27 PM,12/3/2025,
1354,56.5,gf,3.215,mm,OK,--,7:10:27 PM,12/3/2025,
1355,56.5,gf,3.210,mm,OK,--,7:10:27 PM,12/3/2025,
1356,56.5,gf,3.210,mm,OK,--,7:10:27 PM,12/3/2025,
1357,56.5,gf,3.205,mm,OK,--,7:10:27 PM,12/3/2025,
1358,56.5,gf,3.205,mm,OK,--,7:10:28 PM,12/3/2025,
1359,56.5,gf,3.205,mm,OK,--,7:10:28 PM,12/3/2025,
1360,56.4,gf,3.205,mm,OK,--,7:10:28 PM,12/3/2025,
1361,56.4,gf,3.200,mm,OK,--,7:10:28 PM,12/3/2025,
1362,56.4,gf,3.200,mm,OK,--,7:10:28 PM,12/3/2025,
1363,56.4,gf,3.195,mm,OK,--,7:10:28 PM,12/3/2025,
1364,56.4,gf,3.190,mm,OK,--,7:10:28 PM,12/3/2025,
1365,56.4,gf,3.190,mm,OK,--,7:10:28 PM,12/3/2025,
1366,56.3,gf,3.185,mm,OK,--,7:10:28 PM,12/3/2025,
1367,56.3,gf,3.185,mm,OK,--,7:10:28 PM,12/3/2025,
1368,56.3,gf,3.180,mm,OK,--,7:10:29 PM,12/3/2025,
1369,56.3,gf,3.175,mm,OK,--,7:10:29 PM,12/3/2025,
1370,56.2,gf,3.170,mm,OK,--,7:10:29 PM,12/3/2025,
1371,56.2,gf,3.165,mm,OK,--,7:10:29 PM,12/3/2025,
1372,56.1,gf,3.160,mm,OK,--,7:10:29 PM,12/3/2025,
1373,56.1,gf,3.155,mm,OK,--,7:10:29 PM,12/3/2025,
1374,56.1,gf,3.150,mm,OK,--,7:10:29 PM,12/3/2025,
1375,56.0,gf,3.145,mm,OK,--,7:10:29 PM,12/3/2025,
1376,56.0,gf,3.140,mm,OK,--,7:10:29 PM,12/3/2025,
1377,55.9,gf,3.130,mm,OK,--,7:10:29 PM,12/3/2025,
1378,55.9,gf,3.120,mm,OK,--,7:10:30 PM,12/3/2025,
1379,55.8,gf,3.115,mm,OK,--,7:10:30 PM,12/3/2025,
1380,55.8,gf,3.105,mm,OK,--,7:10:30 PM,12/3/2025,
1381,55.7,gf,3.100,mm,OK,--,7:10:30 PM,12/3/2025,
1382,55.7,gf,3.095,mm,OK,--,7:10:30 PM,12/3/2025,
1383,55.7,gf,3.095,mm,OK,--,7:10:30 PM,12/3/2025,
1384,55.6,gf,3.085,mm,OK,--,7:10:30 PM,12/3/2025,
1385,55.6,gf,3.080,mm,OK,--,7:10:30 PM,12/3/2025,
1386,55.6,gf,3.075,mm,OK,--,7:10:30 PM,12/3/2025,
1387,55.5,gf,3.065,mm,OK,--,7:10:30 PM,12/3/2025,
1388,55.4,gf,3.060,mm,OK,--,7:10:31 PM,12/3/2025,
1389,55.4,gf,3.060,mm,OK,--,7:10:31 PM,12/3/2025,
1390,55.4,gf,3.055,mm,OK,--,7:10:31 PM,12/3/2025,
1391,55.3,gf,3.045,mm,OK,--,7:10:31 PM,12/3/2025,
1392,55.3,gf,3.040,mm,OK,--,7:10:31 PM,12/3/2025,
1393,55.1,gf,3.020,mm,OK,--,7:10:31 PM,12/3/2025,
1394,55.0,gf,3.000,mm,OK,--,7:10:31 PM,12/3/2025,
1395,54.9,gf,2.990,mm,OK,--,7:10:31 PM,12/3/2025,
1396,54.9,gf,2.985,mm,OK,--,7:10:31 PM,12/3/2025,
1397,54.8,gf,2.980,mm,OK,--,7:10:31 PM,12/3/2025,
1398,54.7,gf,2.975,mm,OK,--,7:10:32 PM,12/3/2025,
1399,54.7,gf,2.965,mm,OK,--,7:10:32 PM,12/3/2025,
1400,54.6,gf,2.960,mm,OK,--,7:10:32 PM,12/3/2025,
1401,54.6,gf,2.955,mm,OK,--,7:10:32 PM,12/3/2025,
1402,54.6,gf,2.950,mm,OK,--,7:10:32 PM,12/3/2025,
1403,54.6,gf,2.945,mm,OK,--,7:10:32 PM,12/3/2025,
1404,54.5,gf,2.940,mm,OK,--,7:10:32 PM,12/3/2025,
1405,54.4,gf,2.930,mm,OK,--,7:10:32 PM,12/3/2025,
1406,54.4,gf,2.925,mm,OK,--,7:10:32 PM,12/3/2025,
1407,54.3,gf,2.920,mm,OK,--,7:10:32 PM,12/3/2025,
1408,54.3,gf,2.910,mm,OK,--,7:10:33 PM,12/3/2025,
1409,54.2,gf,2.900,mm,OK,--,7:10:33 PM,12/3/2025,
1410,54.1,gf,2.885,mm,OK,--,7:10:33 PM,12/3/2025,
1411,54.0,gf,2.870,mm,OK,--,7:10:33 PM,12/3/2025,
1412,53.9,gf,2.860,mm,OK,--,7:10:33 PM,12/3/2025,
1413,53.8,gf,2.845,mm,OK,--,7:10:33 PM,12/3/2025,
1414,53.7,gf,2.840,mm,OK,--,7:10:33 PM,12/3/2025,
1415,53.7,gf,2.830,mm,OK,--,7:10:33 PM,12/3/2025,
1416,53.5,gf,2.820,mm,OK,--,7:10:33 PM,12/3/2025,
1417,53.5,gf,2.810,mm,OK,--,7:10:33 PM,12/3/2025,
1418,53.5,gf,2.800,mm,OK,--,7:10:34 PM,12/3/2025,
1419,53.4,gf,2.790,mm,OK,--,7:10:34 PM,12/3/2025,
1420,53.3,gf,2.785,mm,OK,--,7:10:34 PM,12/3/2025,
1421,53.3,gf,2.780,mm,OK,--,7:10:34 PM,12/3/2025,
1422,53.2,gf,2.775,mm,OK,--,7:10:34 PM,12/3/2025,
1423,53.2,gf,2.765,mm,OK,--,7:10:34 PM,12/3/2025,
1424,53.1,gf,2.760,mm,OK,--,7:10:34 PM,12/3/2025,
1425,53.1,gf,2.755,mm,OK,--,7:10:34 PM,12/3/2025,
1426,53.0,gf,2.745,mm,OK,--,7:10:34 PM,12/3/2025,
1427,52.9,gf,2.740,mm,OK,--,7:10:34 PM,12/3/2025,
1428,52.9,gf,2.730,mm,OK,--,7:10:35 PM,12/3/2025,
1429,52.9,gf,2.725,mm,OK,--,7:10:35 PM,12/3/2025,
1430,52.9,gf,2.725,mm,OK,--,7:10:35 PM,12/3/2025,
1431,52.8,gf,2.720,mm,OK,--,7:10:35 PM,12/3/2025,
1432,52.8,gf,2.715,mm,OK,--,7:10:35 PM,12/3/2025,
1433,52.7,gf,2.715,mm,OK,--,7:10:35 PM,12/3/2025,
1434,52.7,gf,2.710,mm,OK,--,7:10:35 PM,12/3/2025,
1435,52.7,gf,2.710,mm,OK,--,7:10:35 PM,12/3/2025,
1436,52.7,gf,2.705,mm,OK,--,7:10:35 PM,12/3/2025,
1437,52.6,gf,2.700,mm,OK,--,7:10:35 PM,12/3/2025,
1438,52.6,gf,2.700,mm,OK,--,7:10:36 PM,12/3/2025,
1439,52.5,gf,2.695,mm,OK,--,7:10:36 PM,12/3/2025,
1440,52.5,gf,2.690,mm,OK,--,7:10:36 PM,12/3/2025,
1441,52.4,gf,2.685,mm,OK,--,7:10:36 PM,12/3/2025,
1442,52.4,gf,2.685,mm,OK,--,7:10:36 PM,12/3/2025,
1443,52.4,gf,2.685,mm,OK,--,7:10:36 PM,12/3/2025,
1444,52.4,gf,2.680,mm,OK,--,7:10:36 PM,12/3/2025,
1445,52.3,gf,2.680,mm,OK,--,7:10:36 PM,12/3/2025,
1446,52.3,gf,2.675,mm,OK,--,7:10:36 PM,12/3/2025,
1447,52.3,gf,2.670,mm,OK,--,7:10:36 PM,12/3/2025,
1448,52.2,gf,2.665,mm,OK,--,7:10:37 PM,12/3/2025,
1449,52.1,gf,2.660,mm,OK,--,7:10:37 PM,12/3/2025,
1450,52.1,gf,2.655,mm,OK,--,7:10:37 PM,12/3/2025,
1451,52.1,gf,2.650,mm,OK,--,7:10:37 PM,12/3/2025,
1452,51.9,gf,2.640,mm,OK,--,7:10:37 PM,12/3/2025,
1453,51.8,gf,2.635,mm,OK,--,7:10:37 PM,12/3/2025,
1454,51.8,gf,2.625,mm,OK,--,7:10:37 PM,12/3/2025,
1455,51.8,gf,2.610,mm,OK,--,7:10:37 PM,12/3/2025,
1456,51.6,gf,2.600,mm,OK,--,7:10:37 PM,12/3/2025,
1457,51.6,gf,2.590,mm,OK,--,7:10:37 PM,12/3/2025,
1458,51.5,gf,2.585,mm,OK,--,7:10:38 PM,12/3/2025,
1459,51.5,gf,2.575,mm,OK,--,7:10:38 PM,12/3/2025,
1460,51.3,gf,2.560,mm,OK,--,7:10:38 PM,12/3/2025,
1461,51.2,gf,2.535,mm,OK,--,7:10:38 PM,12/3/2025,
1462,50.9,gf,2.520,mm,OK,--,7:10:38 PM,12/3/2025,
1463,50.7,gf,2.510,mm,OK,--,7:10:38 PM,12/3/2025,
1464,50.4,gf,2.490,mm,OK,--,7:10:38 PM,12/3/2025,
1465,50.2,gf,2.475,mm,OK,--,7:10:38 PM,12/3/2025,
1466,49.7,gf,2.460,mm,OK,--,7:10:38 PM,12/3/2025,
1467,48.6,gf,2.445,mm,OK,--,7:10:38 PM,12/3/2025,
1468,47.6,gf,2.435,mm,OK,--,7:10:39 PM,12/3/2025,
1469,46.3,gf,2.420,mm,OK,--,7:10:39 PM,12/3/2025,
1470,45.1,gf,2.405,mm,OK,--,7:10:39 PM,12/3/2025,
1471,43.9,gf,2.395,mm,OK,--,7:10:39 PM,12/3/2025,
1472,42.8,gf,2.380,mm,OK,--,7:10:39 PM,12/3/2025,
1473,42.2,gf,2.370,mm,OK,--,7:10:39 PM,12/3/2025,
1474,41.4,gf,2.355,mm,OK,--,7:10:39 PM,12/3/2025,
1475,40.4,gf,2.340,mm,OK,--,7:10:39 PM,12/3/2025,
1476,39.6,gf,2.325,mm,OK,--,7:10:39 PM,12/3/2025,
1477,38.6,gf,2.310,mm,OK,--,7:10:39 PM,12/3/2025,
1478,37.9,gf,2.295,mm,OK,--,7:10:40 PM,12/3/2025,
1479,37.1,gf,2.285,mm,OK,--,7:10:40 PM,12/3/2025,
1480,35.5,gf,2.265,mm,OK,--,7:10:40 PM,12/3/2025,
1481,35.4,gf,2.235,mm,OK,--,7:10:40 PM,12/3/2025,
1482,34.8,gf,2.210,mm,OK,--,7:10:40 PM,12/3/2025,
1483,34.2,gf,2.190,mm,OK,--,7:10:40 PM,12/3/2025,
1484,34.0,gf,2.180,mm,OK,--,7:10:40 PM,12/3/2025,
1485,33.9,gf,2.170,mm,OK,--,7:10:40 PM,12/3/2025,
1486,33.5,gf,2.155,mm,OK,--,7:10:40 PM,12/3/2025,
1487,33.2,gf,2.140,mm,OK,--,7:10:40 PM,12/3/2025,
1488,32.7,gf,2.130,mm,OK,--,7:10:41 PM,12/3/2025,
1489,32.9,gf,2.120,mm,OK,--,7:10:41 PM,12/3/2025,
1490,32.3,gf,2.110,mm,OK,--,7:10:41 PM,12/3/2025,
1491,32.3,gf,2.100,mm,OK,--,7:10:41 PM,12/3/2025,
1492,31.9,gf,2.090,mm,OK,--,7:10:41 PM,12/3/2025,
1493,31.8,gf,2.080,mm,OK,--,7:10:41 PM,12/3/2025,
1494,31.5,gf,2.065,mm,OK,--,7:10:41 PM,12/3/2025,
1495,31.2,gf,2.050,mm,OK,--,7:10:41 PM,12/3/2025,
1496,30.9,gf,2.020,mm,OK,--,7:10:41 PM,12/3/2025,
1497,31.1,gf,2.010,mm,OK,--,7:10:41 PM,12/3/2025,
1498,30.7,gf,2.000,mm,OK,--,7:10:42 PM,12/3/2025,
1499,30.6,gf,1.985,mm,OK,--,7:10:42 PM,12/3/2025,
1500,30.2,gf,1.975,mm,OK,--,7:10:42 PM,12/3/2025,
1501,30.2,gf,1.965,mm,OK,--,7:10:42 PM,12/3/2025,
1502,30.2,gf,1.960,mm,OK,--,7:10:42 PM,12/3/2025,
1503,30.3,gf,1.955,mm,OK,--,7:10:42 PM,12/3/2025,
1504,30.3,gf,1.950,mm,OK,--,7:10:42 PM,12/3/2025,
1505,30.1,gf,1.945,mm,OK,--,7:10:42 PM,12/3/2025,
1506,29.8,gf,1.940,mm,OK,--,7:10:42 PM,12/3/2025,
1507,29.8,gf,1.935,mm,OK,--,7:10:42 PM,12/3/2025,
1508,30.2,gf,1.930,mm,OK,--,7:10:43 PM,12/3/2025,
1509,29.9,gf,1.925,mm,OK,--,7:10:43 PM,12/3/2025,
1510,29.8,gf,1.920,mm,OK,--,7:10:43 PM,12/3/2025,
1511,29.9,gf,1.920,mm,OK,--,7:10:43 PM,12/3/2025,
1512,29.9,gf,1.915,mm,OK,--,7:10:43 PM,12/3/2025,
1513,29.8,gf,1.915,mm,OK,--,7:10:43 PM,12/3/2025,
1514,29.5,gf,1.910,mm,OK,--,7:10:43 PM,12/3/2025,
1515,29.6,gf,1.905,mm,OK,--,7:10:43 PM,12/3/2025,
1516,29.6,gf,1.900,mm,OK,--,7:10:43 PM,12/3/2025,
1517,29.5,gf,1.895,mm,OK,--,7:10:43 PM,12/3/2025,
1518,29.3,gf,1.890,mm,OK,--,7:10:44 PM,12/3/2025,
1519,29.5,gf,1.885,mm,OK,--,7:10:44 PM,12/3/2025,
1520,29.4,gf,1.880,mm,OK,--,7:10:44 PM,12/3/2025,
1521,29.6,gf,1.880,mm,OK,--,7:10:44 PM,12/3/2025,
1522,29.6,gf,1.875,mm,OK,--,7:10:44 PM,12/3/2025,
1523,29.4,gf,1.875,mm,OK,--,7:10:44 PM,12/3/2025,
1524,29.5,gf,1.870,mm,OK,--,7:10:44 PM,12/3/2025,
1525,29.6,gf,1.865,mm,OK,--,7:10:44 PM,12/3/2025,
1526,29.5,gf,1.865,mm,OK,--,7:10:44 PM,12/3/2025,
1527,29.5,gf,1.865,mm,OK,--,7:10:44 PM,12/3/2025,
1528,29.5,gf,1.860,mm,OK,--,7:10:45 PM,12/3/2025,
1529,29.4,gf,1.860,mm,OK,--,7:10:45 PM,12/3/2025,
1530,29.2,gf,1.860,mm,OK,--,7:10:45 PM,12/3/2025,
1531,29.3,gf,1.855,mm,OK,--,7:10:45 PM,12/3/2025,
1532,29.4,gf,1.855,mm,OK,--,7:10:45 PM,12/3/2025,
1533,29.4,gf,1.855,mm,OK,--,7:10:45 PM,12/3/2025,
1534,29.5,gf,1.855,mm,OK,--,7:10:45 PM,12/3/2025,
1535,29.5,gf,1.855,mm,OK,--,7:10:45 PM,12/3/2025,
1536,29.6,gf,1.855,mm,OK,--,7:10:45 PM,12/3/2025,
1537,29.3,gf,1.850,mm,OK,--,7:10:45 PM,12/3/2025,
1538,29.0,gf,1.850,mm,OK,--,7:10:46 PM,12/3/2025,
1539,28.5,gf,1.845,mm,OK,--,7:10:46 PM,12/3/2025,
1540,28.6,gf,1.840,mm,OK,--,7:10:46 PM,12/3/2025,
1541,28.7,gf,1.835,mm,OK,--,7:10:46 PM,12/3/2025,
1542,28.5,gf,1.830,mm,OK,--,7:10:46 PM,12/3/2025,
1543,29.0,gf,1.825,mm,OK,--,7:10:46 PM,12/3/2025,
1544,29.2,gf,1.825,mm,OK,--,7:10:46 PM,12/3/2025,
1545,29.3,gf,1.825,mm,OK,--,7:10:46 PM,12/3/2025,
1546,29.2,gf,1.820,mm,OK,--,7:10:46 PM,12/3/2025,
1547,29.3,gf,1.820,mm,OK,--,7:10:46 PM,12/3/2025,
1548,29.2,gf,1.820,mm,OK,--,7:10:47 PM,12/3/2025,
1549,29.0,gf,1.815,mm,OK,--,7:10:47 PM,12/3/2025,
1550,28.8,gf,1.815,mm,OK,--,7:10:47 PM,12/3/2025,
1551,28.5,gf,1.810,mm,OK,--,7:10:47 PM,12/3/2025,
1552,28.6,gf,1.800,mm,OK,--,7:10:47 PM,12/3/2025,
1553,28.3,gf,1.790,mm,OK,--,7:10:47 PM,12/3/2025,
1554,28.5,gf,1.785,mm,OK,--,7:10:47 PM,12/3/2025,
1555,28.8,gf,1.775,mm,OK,--,7:10:47 PM,12/3/2025,
1556,28.9,gf,1.770,mm,OK,--,7:10:47 PM,12/3/2025,
1557,29.0,gf,1.765,mm,OK,--,7:10:47 PM,12/3/2025,
1558,29.2,gf,1.760,mm,OK,--,7:10:48 PM,12/3/2025,
1559,29.0,gf,1.755,mm,OK,--,7:10:48 PM,12/3/2025,
1560,28.8,gf,1.755,mm,OK,--,7:10:48 PM,12/3/2025,
1561,28.7,gf,1.750,mm,OK,--,7:10:48 PM,12/3/2025,
1562,28.5,gf,1.745,mm,OK,--,7:10:48 PM,12/3/2025,
1563,28.3,gf,1.745,mm,OK,--,7:10:48 PM,12/3/2025,
1564,28.1,gf,1.735,mm,OK,--,7:10:48 PM,12/3/2025,
1565,28.5,gf,1.730,mm,OK,--,7:10:48 PM,12/3/2025,
1566,28.8,gf,1.725,mm,OK,--,7:10:48 PM,12/3/2025,
1567,28.8,gf,1.725,mm,OK,--,7:10:48 PM,12/3/2025,
1568,28.9,gf,1.720,mm,OK,--,7:10:49 PM,12/3/2025,
1569,28.9,gf,1.715,mm,OK,--,7:10:49 PM,12/3/2025,
1570,28.7,gf,1.715,mm,OK,--,7:10:49 PM,12/3/2025,
1571,28.5,gf,1.710,mm,OK,--,7:10:49 PM,12/3/2025,
1572,28.3,gf,1.705,mm,OK,--,7:10:49 PM,12/3/2025,
1573,28.4,gf,1.700,mm,OK,--,7:10:49 PM,12/3/2025,
1574,28.7,gf,1.695,mm,OK,--,7:10:49 PM,12/3/2025,
1575,28.9,gf,1.695,mm,OK,--,7:10:49 PM,12/3/2025,
1576,29.2,gf,1.690,mm,OK,--,7:10:49 PM,12/3/2025,
1577,28.4,gf,1.690,mm,OK,--,7:10:49 PM,12/3/2025,
1578,28.5,gf,1.680,mm,OK,--,7:10:50 PM,12/3/2025,
1579,28.5,gf,1.675,mm,OK,--,7:10:50 PM,12/3/2025,
1580,29.1,gf,1.665,mm,OK,--,7:10:50 PM,12/3/2025,
1581,29.3,gf,1.660,mm,OK,--,7:10:50 PM,12/3/2025,
1582,30.1,gf,1.660,mm,OK,--,7:10:50 PM,12/3/2025,
1583,30.3,gf,1.660,mm,OK,--,7:10:50 PM,12/3/2025,
1584,30.3,gf,1.655,mm,OK,--,7:10:50 PM,12/3/2025,
1585,30.2,gf,1.655,mm,OK,--,7:10:50 PM,12/3/2025,
1586,30.3,gf,1.655,mm,OK,--,7:10:50 PM,12/3/2025,
1587,30.3,gf,1.655,mm,OK,--,7:10:50 PM,12/3/2025,
1588,30.3,gf,1.655,mm,OK,--,7:10:51 PM,12/3/2025,
1589,30.0,gf,1.655,mm,OK,--,7:10:51 PM,12/3/2025,
1590,29.6,gf,1.655,mm,OK,--,7:10:51 PM,12/3/2025,
1591,29.3,gf,1.650,mm,OK,--,7:10:51 PM,12/3/2025,
1592,29.4,gf,1.645,mm,OK,--,7:10:51 PM,12/3/2025,
1593,29.7,gf,1.640,mm,OK,--,7:10:51 PM,12/3/2025,
1594,30.0,gf,1.630,mm,OK,--,7:10:51 PM,12/3/2025,
1595,30.4,gf,1.620,mm,OK,--,7:10:51 PM,12/3/2025,
1596,30.6,gf,1.615,mm,OK,--,7:10:51 PM,12/3/2025,
1597,31.0,gf,1.610,mm,OK,--,7:10:51 PM,12/3/2025,
1598,31.1,gf,1.605,mm,OK,--,7:10:52 PM,12/3/2025,
1599,31.3,gf,1.605,mm,OK,--,7:10:52 PM,12/3/2025,
1600,31.1,gf,1.600,mm,OK,--,7:10:52 PM,12/3/2025,
1601,30.9,gf,1.595,mm,OK,--,7:10:52 PM,12/3/2025,
1602,30.9,gf,1.590,mm,OK,--,7:10:52 PM,12/3/2025,
1603,31.1,gf,1.590,mm,OK,--,7:10:52 PM,12/3/2025,
1604,31.3,gf,1.585,mm,OK,--,7:10:52 PM,12/3/2025,
1605,31.7,gf,1.585,mm,OK,--,7:10:52 PM,12/3/2025,
1606,31.7,gf,1.585,mm,OK,--,7:10:52 PM,12/3/2025,
1607,31.7,gf,1.585,mm,OK,--,7:10:52 PM,12/3/2025,
1608,31.6,gf,1.585,mm,OK,--,7:10:53 PM,12/3/2025,
1609,31.5,gf,1.585,mm,OK,--,7:10:53 PM,12/3/2025,
1610,31.4,gf,1.580,mm,OK,--,7:10:53 PM,12/3/2025,
1611,31.6,gf,1.580,mm,OK,--,7:10:53 PM,12/3/2025,
1612,31.6,gf,1.580,mm,OK,--,7:10:53 PM,12/3/2025,
1613,31.6,gf,1.575,mm,OK,--,7:10:53 PM,12/3/2025,
1614,31.9,gf,1.575,mm,OK,--,7:10:53 PM,12/3/2025,
1615,31.8,gf,1.575,mm,OK,--,7:10:53 PM,12/3/2025,
1616,31.6,gf,1.575,mm,OK,--,7:10:53 PM,12/3/2025,
1617,31.6,gf,1.575,mm,OK,--,7:10:53 PM,12/3/2025,
1618,31.5,gf,1.570,mm,OK,--,7:10:54 PM,12/3/2025,
1619,31.4,gf,1.570,mm,OK,--,7:10:54 PM,12/3/2025,
1620,31.2,gf,1.570,mm,OK,--,7:10:54 PM,12/3/2025,
1621,31.0,gf,1.565,mm,OK,--,7:10:54 PM,12/3/2025,
1622,31.3,gf,1.560,mm,OK,--,7:10:54 PM,12/3/2025,
1623,31.6,gf,1.555,mm,OK,--,7:10:54 PM,12/3/2025,
1624,32.0,gf,1.550,mm,OK,--,7:10:54 PM,12/3/2025,
1625,32.3,gf,1.550,mm,OK,--,7:10:54 PM,12/3/2025,
1626,32.4,gf,1.550,mm,OK,--,7:10:54 PM,12/3/2025,
1627,32.1,gf,1.545,mm,OK,--,7:10:54 PM,12/3/2025,
1628,31.9,gf,1.545,mm,OK,--,7:10:55 PM,12/3/2025,
1629,32.1,gf,1.540,mm,OK,--,7:10:55 PM,12/3/2025,
1630,32.2,gf,1.540,mm,OK,--,7:10:55 PM,12/3/2025,
1631,32.4,gf,1.535,mm,OK,--,7:10:55 PM,12/3/2025,
1632,32.3,gf,1.535,mm,OK,--,7:10:55 PM,12/3/2025,
1633,32.5,gf,1.530,mm,OK,--,7:10:55 PM,12/3/2025,
1634,32.7,gf,1.525,mm,OK,--,7:10:55 PM,12/3/2025,
1635,33.0,gf,1.515,mm,OK,--,7:10:55 PM,12/3/2025,
1636,33.4,gf,1.510,mm,OK,--,7:10:55 PM,12/3/2025,
1637,33.6,gf,1.505,mm,OK,--,7:10:55 PM,12/3/2025,
1638,33.3,gf,1.500,mm,OK,--,7:10:56 PM,12/3/2025,
1639,33.3,gf,1.495,mm,OK,--,7:10:56 PM,12/3/2025,
1640,33.5,gf,1.480,mm,OK,--,7:10:56 PM,12/3/2025,
1641,34.6,gf,1.460,mm,OK,--,7:10:56 PM,12/3/2025,
1642,35.1,gf,1.450,mm,OK,--,7:10:56 PM,12/3/2025,
1643,35.3,gf,1.445,mm,OK,--,7:10:56 PM,12/3/2025,
1644,35.2,gf,1.440,mm,OK,--,7:10:56 PM,12/3/2025,
1645,35.3,gf,1.430,mm,OK,--,7:10:56 PM,12/3/2025,
1646,35.5,gf,1.425,mm,OK,--,7:10:56 PM,12/3/2025,
1647,35.8,gf,1.415,mm,OK,--,7:10:56 PM,12/3/2025,
1648,36.1,gf,1.410,mm,OK,--,7:10:57 PM,12/3/2025,
1649,36.6,gf,1.400,mm,OK,--,7:10:57 PM,12/3/2025,
1650,36.7,gf,1.395,mm,OK,--,7:10:57 PM,12/3/2025,
1651,36.8,gf,1.385,mm,OK,--,7:10:57 PM,12/3/2025,
1652,37.0,gf,1.380,mm,OK,--,7:10:57 PM,12/3/2025,
1653,37.3,gf,1.375,mm,OK,--,7:10:57 PM,12/3/2025,
1654,37.6,gf,1.375,mm,OK,--,7:10:57 PM,12/3/2025,
1655,37.7,gf,1.370,mm,OK,--,7:10:57 PM,12/3/2025,
1656,37.6,gf,1.370,mm,OK,--,7:10:57 PM,12/3/2025,
1657,37.6,gf,1.365,mm,OK,--,7:10:57 PM,12/3/2025,
1658,37.7,gf,1.365,mm,OK,--,7:10:58 PM,12/3/2025,
1659,37.8,gf,1.360,mm,OK,--,7:10:58 PM,12/3/2025,
1660,37.8,gf,1.360,mm,OK,--,7:10:58 PM,12/3/2025,
1661,37.9,gf,1.360,mm,OK,--,7:10:58 PM,12/3/2025,
1662,37.9,gf,1.360,mm,OK,--,7:10:58 PM,12/3/2025,
1663,37.8,gf,1.355,mm,OK,--,7:10:58 PM,12/3/2025,
1664,37.8,gf,1.355,mm,OK,--,7:10:58 PM,12/3/2025,
1665,37.8,gf,1.355,mm,OK,--,7:10:58 PM,12/3/2025,
1666,37.8,gf,1.350,mm,OK,--,7:10:58 PM,12/3/2025,
1667,37.9,gf,1.350,mm,OK,--,7:10:58 PM,12/3/2025,
1668,37.8,gf,1.345,mm,OK,--,7:10:59 PM,12/3/2025,
1669,37.6,gf,1.340,mm,OK,--,7:10:59 PM,12/3/2025,
1670,37.9,gf,1.335,mm,OK,--,7:10:59 PM,12/3/2025,
1671,38.0,gf,1.330,mm,OK,--,7:10:59 PM,12/3/2025,
1672,38.3,gf,1.330,mm,OK,--,7:10:59 PM,12/3/2025,
1673,38.6,gf,1.325,mm,OK,--,7:10:59 PM,12/3/2025,
1674,38.6,gf,1.325,mm,OK,--,7:10:59 PM,12/3/2025,
1675,38.5,gf,1.325,mm,OK,--,7:10:59 PM,12/3/2025,
1676,38.4,gf,1.320,mm,OK,--,7:10:59 PM,12/3/2025,
1677,38.5,gf,1.320,mm,OK,--,7:10:59 PM,12/3/2025,
1678,38.6,gf,1.320,mm,OK,--,7:11:00 PM,12/3/2025,
1679,38.5,gf,1.320,mm,OK,--,7:11:00 PM,12/3/2025,
1680,38.2,gf,1.315,mm,OK,--,7:11:00 PM,12/3/2025,
1681,38.5,gf,1.305,mm,OK,--,7:11:00 PM,12/3/2025,
1682,38.9,gf,1.300,mm,OK,--,7:11:00 PM,12/3/2025,
1683,39.3,gf,1.295,mm,OK,--,7:11:00 PM,12/3/2025,
1684,39.3,gf,1.290,mm,OK,--,7:11:00 PM,12/3/2025,
1685,39.1,gf,1.285,mm,OK,--,7:11:00 PM,12/3/2025,
1686,39.0,gf,1.280,mm,OK,--,7:11:00 PM,12/3/2025,
1687,39.0,gf,1.275,mm,OK,--,7:11:00 PM,12/3/2025,
1688,38.9,gf,1.270,mm,OK,--,7:11:01 PM,12/3/2025,
1689,39.2,gf,1.265,mm,OK,--,7:11:01 PM,12/3/2025,
1690,39.4,gf,1.260,mm,OK,--,7:11:01 PM,12/3/2025,
1691,40.2,gf,1.250,mm,OK,--,7:11:01 PM,12/3/2025,
1692,40.3,gf,1.240,mm,OK,--,7:11:01 PM,12/3/2025,
1693,41.0,gf,1.230,mm,OK,--,7:11:01 PM,12/3/2025,
1694,41.1,gf,1.225,mm,OK,--,7:11:01 PM,12/3/2025,
1695,41.1,gf,1.220,mm,OK,--,7:11:01 PM,12/3/2025,
1696,41.1,gf,1.210,mm,OK,--,7:11:01 PM,12/3/2025,
1697,41.1,gf,1.200,mm,OK,--,7:11:01 PM,12/3/2025,
1698,41.7,gf,1.195,mm,OK,--,7:11:02 PM,12/3/2025,
1699,42.1,gf,1.185,mm,OK,--,7:11:02 PM,12/3/2025,
1700,42.3,gf,1.175,mm,OK,--,7:11:02 PM,12/3/2025,
1701,42.2,gf,1.160,mm,OK,--,7:11:02 PM,12/3/2025,
1702,42.6,gf,1.145,mm,OK,--,7:11:02 PM,12/3/2025,
1703,43.2,gf,1.140,mm,OK,--,7:11:02 PM,12/3/2025,
1704,43.0,gf,1.135,mm,OK,--,7:11:02 PM,12/3/2025,
1705,42.8,gf,1.130,mm,OK,--,7:11:02 PM,12/3/2025,
1706,43.1,gf,1.125,mm,OK,--,7:11:02 PM,12/3/2025,
1707,43.3,gf,1.120,mm,OK,--,7:11:02 PM,12/3/2025,
1708,43.5,gf,1.110,mm,OK,--,7:11:03 PM,12/3/2025,
1709,43.6,gf,1.105,mm,OK,--,7:11:03 PM,12/3/2025,
1710,43.8,gf,1.090,mm,OK,--,7:11:03 PM,12/3/2025,
1711,44.7,gf,1.075,mm,OK,--,7:11:03 PM,12/3/2025,
1712,44.7,gf,1.065,mm,OK,--,7:11:03 PM,12/3/2025,
1713,44.8,gf,1.055,mm,OK,--,7:11:03 PM,12/3/2025,
1714,45.3,gf,1.045,mm,OK,--,7:11:03 PM,12/3/2025,
1715,45.2,gf,1.035,mm,OK,--,7:11:03 PM,12/3/2025,
1716,45.1,gf,1.030,mm,OK,--,7:11:03 PM,12/3/2025,
1717,45.1,gf,1.025,mm,OK,--,7:11:03 PM,12/3/2025,
1718,44.9,gf,1.025,mm,OK,--,7:11:03 PM,12/3/2025,
1719,44.7,gf,1.020,mm,OK,--,7:11:04 PM,12/3/2025,
1720,44.4,gf,1.010,mm,OK,--,7:11:04 PM,12/3/2025,
1721,44.0,gf,1.000,mm,OK,--,7:11:04 PM,12/3/2025,
1722,43.8,gf,0.995,mm,OK,--,7:11:04 PM,12/3/2025,
1723,44.0,gf,0.985,mm,OK,--,7:11:04 PM,12/3/2025,
1724,44.0,gf,0.980,mm,OK,--,7:11:04 PM,12/3/2025,
1725,43.6,gf,0.975,mm,OK,--,7:11:04 PM,12/3/2025,
1726,42.8,gf,0.965,mm,OK,--,7:11:04 PM,12/3/2025,
1727,41.7,gf,0.955,mm,OK,--,7:11:04 PM,12/3/2025,
1728,41.2,gf,0.950,mm,OK,--,7:11:04 PM,12/3/2025,
1729,41.0,gf,0.940,mm,OK,--,7:11:05 PM,12/3/2025,
1730,40.8,gf,0.935,mm,OK,--,7:11:05 PM,12/3/2025,
1731,40.8,gf,0.930,mm,OK,--,7:11:05 PM,12/3/2025,
1732,40.6,gf,0.925,mm,OK,--,7:11:05 PM,12/3/2025,
1733,40.0,gf,0.920,mm,OK,--,7:11:05 PM,12/3/2025,
1734,39.0,gf,0.905,mm,OK,--,7:11:05 PM,12/3/2025,
1735,38.4,gf,0.900,mm,OK,--,7:11:05 PM,12/3/2025,
1736,37.6,gf,0.895,mm,OK,--,7:11:05 PM,12/3/2025,
1737,36.8,gf,0.885,mm,OK,--,7:11:05 PM,12/3/2025,
1738,35.3,gf,0.875,mm,OK,--,7:11:05 PM,12/3/2025,
1739,33.4,gf,0.855,mm,OK,--,7:11:06 PM,12/3/2025,
1740,32.4,gf,0.840,mm,OK,--,7:11:06 PM,12/3/2025,
1741,31.3,gf,0.825,mm,OK,--,7:11:06 PM,12/3/2025,
1742,30.8,gf,0.815,mm,OK,--,7:11:06 PM,12/3/2025,
1743,30.5,gf,0.805,mm,OK,--,7:11:06 PM,12/3/2025,
1744,30.1,gf,0.800,mm,OK,--,7:11:06 PM,12/3/2025,
1745,29.9,gf,0.795,mm,OK,--,7:11:06 PM,12/3/2025,
1746,29.9,gf,0.790,mm,OK,--,7:11:06 PM,12/3/2025,
1747,29.6,gf,0.785,mm,OK,--,7:11:06 PM,12/3/2025,
1748,29.3,gf,0.780,mm,OK,--,7:11:06 PM,12/3/2025,
1749,29.1,gf,0.775,mm,OK,--,7:11:07 PM,12/3/2025,
1750,28.8,gf,0.770,mm,OK,--,7:11:07 PM,12/3/2025,
1751,28.8,gf,0.765,mm,OK,--,7:11:07 PM,12/3/2025,
1752,28.7,gf,0.760,mm,OK,--,7:11:07 PM,12/3/2025,
1753,28.6,gf,0.755,mm,OK,--,7:11:07 PM,12/3/2025,
1754,28.6,gf,0.750,mm,OK,--,7:11:07 PM,12/3/2025,
1755,28.4,gf,0.745,mm,OK,--,7:11:07 PM,12/3/2025,
1756,28.3,gf,0.735,mm,OK,--,7:11:07 PM,12/3/2025,
1757,28.1,gf,0.730,mm,OK,--,7:11:07 PM,12/3/2025,
1758,28.3,gf,0.725,mm,OK,--,7:11:07 PM,12/3/2025,
1759,28.3,gf,0.720,mm,OK,--,7:11:08 PM,12/3/2025,
1760,28.4,gf,0.715,mm,OK,--,7:11:08 PM,12/3/2025,
1761,28.5,gf,0.710,mm,OK,--,7:11:08 PM,12/3/2025,
1762,28.6,gf,0.710,mm,OK,--,7:11:08 PM,12/3/2025,
1763,28.3,gf,0.710,mm,OK,--,7:11:08 PM,12/3/2025,
1764,28.2,gf,0.705,mm,OK,--,7:11:08 PM,12/3/2025,
1765,28.1,gf,0.705,mm,OK,--,7:11:08 PM,12/3/2025,
1766,28.1,gf,0.705,mm,OK,--,7:11:08 PM,12/3/2025,
1767,28.1,gf,0.700,mm,OK,--,7:11:08 PM,12/3/2025,
1768,28.0,gf,0.700,mm,OK,--,7:11:09 PM,12/3/2025,
1769,28.0,gf,0.695,mm,OK,--,7:11:09 PM,12/3/2025,
1770,28.2,gf,0.690,mm,OK,--,7:11:09 PM,12/3/2025,
1771,28.3,gf,0.690,mm,OK,--,7:11:09 PM,12/3/2025,
1772,28.1,gf,0.685,mm,OK,--,7:11:09 PM,12/3/2025,
1773,28.2,gf,0.680,mm,OK,--,7:11:09 PM,12/3/2025,
1774,28.3,gf,0.675,mm,OK,--,7:11:09 PM,12/3/2025,
1775,28.1,gf,0.670,mm,OK,--,7:11:09 PM,12/3/2025,
1776,27.9,gf,0.670,mm,OK,--,7:11:09 PM,12/3/2025,
1777,27.8,gf,0.665,mm,OK,--,7:11:09 PM,12/3/2025,
1778,27.9,gf,0.660,mm,OK,--,7:11:09 PM,12/3/2025,
1779,27.9,gf,0.655,mm,OK,--,7:11:10 PM,12/3/2025,
1780,27.8,gf,0.650,mm,OK,--,7:11:10 PM,12/3/2025,
1781,27.8,gf,0.645,mm,OK,--,7:11:10 PM,12/3/2025,
1782,27.6,gf,0.645,mm,OK,--,7:11:10 PM,12/3/2025,
1783,27.6,gf,0.640,mm,OK,--,7:11:10 PM,12/3/2025,
1784,27.6,gf,0.635,mm,OK,--,7:11:10 PM,12/3/2025,
1785,27.5,gf,0.630,mm,OK,--,7:11:10 PM,12/3/2025,
1786,27.4,gf,0.630,mm,OK,--,7:11:10 PM,12/3/2025,
1787,27.3,gf,0.625,mm,OK,--,7:11:10 PM,12/3/2025,
1788,27.4,gf,0.620,mm,OK,--,7:11:10 PM,12/3/2025,
1789,27.4,gf,0.620,mm,OK,--,7:11:11 PM,12/3/2025,
1790,27.5,gf,0.615,mm,OK,--,7:11:11 PM,12/3/2025,
1791,27.1,gf,0.605,mm,OK,--,7:11:11 PM,12/3/2025,
1792,27.4,gf,0.590,mm,OK,--,7:11:11 PM,12/3/2025,
1793,27.8,gf,0.585,mm,OK,--,7:11:11 PM,12/3/2025,
1794,27.9,gf,0.585,mm,OK,--,7:11:11 PM,12/3/2025,
1795,27.7,gf,0.580,mm,OK,--,7:11:11 PM,12/3/2025,
1796,27.8,gf,0.575,mm,OK,--,7:11:11 PM,12/3/2025,
1797,27.8,gf,0.570,mm,OK,--,7:11:11 PM,12/3/2025,
1798,27.8,gf,0.570,mm,OK,--,7:11:11 PM,12/3/2025,
1799,28.1,gf,0.565,mm,OK,--,7:11:12 PM,12/3/2025,
1800,28.4,gf,0.565,mm,OK,--,7:11:12 PM,12/3/2025,
1801,28.3,gf,0.565,mm,OK,--,7:11:12 PM,12/3/2025,
1802,27.9,gf,0.565,mm,OK,--,7:11:12 PM,12/3/2025,
1803,28.1,gf,0.565,mm,OK,--,7:11:12 PM,12/3/2025,
1804,27.8,gf,0.565,mm,OK,--,7:11:12 PM,12/3/2025,
1805,27.5,gf,0.560,mm,OK,--,7:11:12 PM,12/3/2025,
1806,27.2,gf,0.560,mm,OK,--,7:11:12 PM,12/3/2025,
1807,27.2,gf,0.555,mm,OK,--,7:11:12 PM,12/3/2025,
1808,27.2,gf,0.550,mm,OK,--,7:11:12 PM,12/3/2025,
1809,27.5,gf,0.550,mm,OK,--,7:11:13 PM,12/3/2025,
1810,27.3,gf,0.550,mm,OK,--,7:11:13 PM,12/3/2025,
1811,27.2,gf,0.545,mm,OK,--,7:11:13 PM,12/3/2025,
1812,27.0,gf,0.545,mm,OK,--,7:11:13 PM,12/3/2025,
1813,26.7,gf,0.540,mm,OK,--,7:11:13 PM,12/3/2025,
1814,26.6,gf,0.540,mm,OK,--,7:11:13 PM,12/3/2025,
1815,26.7,gf,0.535,mm,OK,--,7:11:13 PM,12/3/2025,
1816,26.9,gf,0.530,mm,OK,--,7:11:13 PM,12/3/2025,
1817,26.9,gf,0.525,mm,OK,--,7:11:13 PM,12/3/2025,
1818,26.7,gf,0.520,mm,OK,--,7:11:13 PM,12/3/2025,
1819,26.7,gf,0.515,mm,OK,--,7:11:14 PM,12/3/2025,
1820,26.7,gf,0.510,mm,OK,--,7:11:14 PM,12/3/2025,
1821,26.6,gf,0.500,mm,OK,--,7:11:14 PM,12/3/2025,
1822,26.5,gf,0.495,mm,OK,--,7:11:14 PM,12/3/2025,
1823,26.3,gf,0.490,mm,OK,--,7:11:14 PM,12/3/2025,
1824,26.1,gf,0.485,mm,OK,--,7:11:14 PM,12/3/2025,
1825,26.1,gf,0.480,mm,OK,--,7:11:14 PM,12/3/2025,
1826,26.1,gf,0.480,mm,OK,--,7:11:14 PM,12/3/2025,
1827,25.7,gf,0.475,mm,OK,--,7:11:14 PM,12/3/2025,
1828,25.8,gf,0.470,mm,OK,--,7:11:14 PM,12/3/2025,
1829,25.9,gf,0.465,mm,OK,--,7:11:15 PM,12/3/2025,
1830,25.7,gf,0.455,mm,OK,--,7:11:15 PM,12/3/2025,
1831,25.8,gf,0.445,mm,OK,--,7:11:15 PM,12/3/2025,
1832,25.8,gf,0.435,mm,OK,--,7:11:15 PM,12/3/2025,
1833,25.5,gf,0.430,mm,OK,--,7:11:15 PM,12/3/2025,
1834,25.5,gf,0.425,mm,OK,--,7:11:15 PM,12/3/2025,
1835,25.4,gf,0.410,mm,OK,--,7:11:15 PM,12/3/2025,
1836,25.3,gf,0.395,mm,OK,--,7:11:15 PM,12/3/2025,
1837,25.5,gf,0.385,mm,OK,--,7:11:15 PM,12/3/2025,
1838,25.6,gf,0.380,mm,OK,--,7:11:15 PM,12/3/2025,
1839,25.5,gf,0.375,mm,OK,--,7:11:16 PM,12/3/2025,
1840,25.5,gf,0.370,mm,OK,--,7:11:16 PM,12/3/2025,
1841,25.3,gf,0.365,mm,OK,--,7:11:16 PM,12/3/2025,
1842,24.9,gf,0.355,mm,OK,--,7:11:16 PM,12/3/2025,
1843,25.0,gf,0.340,mm,OK,--,7:11:16 PM,12/3/2025,
1844,25.1,gf,0.330,mm,OK,--,7:11:16 PM,12/3/2025,
1845,25.1,gf,0.320,mm,OK,--,7:11:16 PM,12/3/2025,
1846,25.2,gf,0.310,mm,OK,--,7:11:16 PM,12/3/2025,
1847,25.0,gf,0.300,mm,OK,--,7:11:16 PM,12/3/2025,
1848,25.0,gf,0.295,mm,OK,--,7:11:16 PM,12/3/2025,
1849,24.8,gf,0.295,mm,OK,--,7:11:17 PM,12/3/2025,
1850,24.7,gf,0.290,mm,OK,--,7:11:17 PM,12/3/2025,
1851,24.7,gf,0.285,mm,OK,--,7:11:17 PM,12/3/2025,
1852,24.5,gf,0.280,mm,OK,--,7:11:17 PM,12/3/2025,
1853,24.3,gf,0.280,mm,OK,--,7:11:17 PM,12/3/2025,
1854,24.3,gf,0.275,mm,OK,--,7:11:17 PM,12/3/2025,
1855,24.3,gf,0.270,mm,OK,--,7:11:17 PM,12/3/2025,
1856,24.4,gf,0.265,mm,OK,--,7:11:17 PM,12/3/2025,
1857,24.4,gf,0.260,mm,OK,--,7:11:17 PM,12/3/2025,
1858,24.1,gf,0.255,mm,OK,--,7:11:17 PM,12/3/2025,
1859,23.8,gf,0.250,mm,OK,--,7:11:18 PM,12/3/2025,
1860,24.1,gf,0.240,mm,OK,--,7:11:18 PM,12/3/2025,
1861,24.1,gf,0.235,mm,OK,--,7:11:18 PM,12/3/2025,
1862,24.2,gf,0.230,mm,OK,--,7:11:18 PM,12/3/2025,
1863,24.3,gf,0.230,mm,OK,--,7:11:18 PM,12/3/2025,
1864,24.3,gf,0.225,mm,OK,--,7:11:18 PM,12/3/2025,
1865,24.4,gf,0.225,mm,OK,--,7:11:18 PM,12/3/2025,
1866,24.3,gf,0.220,mm,OK,--,7:11:18 PM,12/3/2025,
1867,24.4,gf,0.220,mm,OK,--,7:11:18 PM,12/3/2025,
1868,24.0,gf,0.215,mm,OK,--,7:11:18 PM,12/3/2025,
1869,24.1,gf,0.210,mm,OK,--,7:11:19 PM,12/3/2025,
1870,24.0,gf,0.210,mm,OK,--,7:11:19 PM,12/3/2025,
1871,24.1,gf,0.205,mm,OK,--,7:11:19 PM,12/3/2025,
1872,24.0,gf,0.205,mm,OK,--,7:11:19 PM,12/3/2025,
1873,23.8,gf,0.205,mm,OK,--,7:11:19 PM,12/3/2025,
1874,23.6,gf,0.200,mm,OK,--,7:11:19 PM,12/3/2025,
1875,24.2,gf,0.200,mm,OK,--,7:11:19 PM,12/3/2025,
1876,24.2,gf,0.200,mm,OK,--,7:11:19 PM,12/3/2025,
1877,23.8,gf,0.195,mm,OK,--,7:11:19 PM,12/3/2025,
1878,23.5,gf,0.195,mm,OK,--,7:11:19 PM,12/3/2025,
1879,23.3,gf,0.190,mm,OK,--,7:11:20 PM,12/3/2025,
1880,23.3,gf,0.185,mm,OK,--,7:11:20 PM,12/3/2025,
1881,23.4,gf,0.185,mm,OK,--,7:11:20 PM,12/3/2025,
1882,21.1,gf,0.180,mm,OK,--,7:11:20 PM,12/3/2025,
1883,18.5,gf,0.175,mm,OK,--,7:11:20 PM,12/3/2025,
1884,18.4,gf,0.170,mm,OK,--,7:11:20 PM,12/3/2025,
1885,17.1,gf,0.165,mm,OK,--,7:11:20 PM,12/3/2025,
1886,15.8,gf,0.160,mm,OK,--,7:11:20 PM,12/3/2025,
1887,14.9,gf,0.150,mm,OK,--,7:11:20 PM,12/3/2025,
1888,14.5,gf,0.150,mm,OK,--,7:11:20 PM,12/3/2025,
1889,12.8,gf,0.145,mm,OK,--,7:11:21 PM,12/3/2025,
1890,9.9,gf,0.140,mm,OK,--,7:11:21 PM,12/3/2025,
1891,7.2,gf,0.140,mm,OK,--,7:11:21 PM,12/3/2025,
1892,5.6,gf,0.135,mm,OK,--,7:11:21 PM,12/3/2025,
1893,4.7,gf,0.135,mm,OK,--,7:11:21 PM,12/3/2025,
1894,3.9,gf,0.135,mm,OK,--,7:11:21 PM,12/3/2025,
1895,3.0,gf,0.135,mm,OK,--,7:11:21 PM,12/3/2025,
1896,2.2,gf,0.130,mm,OK,--,7:11:21 PM,12/3/2025,
1897,1.6,gf,0.130,mm,OK,--,7:11:21 PM,12/3/2025,
1898,1.2,gf,0.130,mm,OK,--,7:11:21 PM,12/3/2025,
1899,0.8,gf,0.130,mm,OK,--,7:11:22 PM,12/3/2025,
1900,0.6,gf,0.130,mm,OK,--,7:11:22 PM,12/3/2025,
1901,0.5,gf,0.130,mm,OK,--,7:11:22 PM,12/3/2025,
1902,0.4,gf,0.130,mm,OK,--,7:11:22 PM,12/3/2025,
1903,0.0,gf,0.130,mm,OK,--,7:11:22 PM,12/3/2025,
1904,0.0,gf,0.125,mm,OK,--,7:11:22 PM,12/3/2025,
1905,0.0,gf,0.115,mm,OK,--,7:11:22 PM,12/3/2025,
1906,0.1,gf,0.105,mm,OK,--,7:11:22 PM,12/3/2025,
1907,0.0,gf,0.085,mm,OK,--,7:11:22 PM,12/3/2025,
1908,0.0,gf,0.070,mm,OK,--,7:11:22 PM,12/3/2025,
1909,0.0,gf,0.060,mm,OK,--,7:11:23 PM,12/3/2025,
1910,0.0,gf,0.055,mm,OK,--,7:11:23 PM,12/3/2025,
1911,0.0,gf,0.045,mm,OK,--,7:11:23 PM,12/3/2025,
1912,0.0,gf,0.030,mm,OK,--,7:11:23 PM,12/3/2025,
1913,0.0,gf,0.015,mm,OK,--,7:11:23 PM,12/3/2025,
1914,0.0,gf,0.010,mm,OK,--,7:11:23 PM,12/3/2025,
1915,0.0,gf,0.000,mm,OK,--,7:11:23 PM,12/3/2025,
1916,0.0,gf,-0.010,mm,OK,--,7:11:23 PM,12/3/2025,
1917,0.0,gf,-0.010,mm,OK,--,7:11:23 PM,12/3/2025,
1918,0.0,gf,-0.010,mm,OK,--,7:11:23 PM,12/3/2025,
1919,0.0,gf,-0.010,mm,OK,--,7:11:24 PM,12/3/2025,
1920,0.0,gf,-0.010,mm,OK,--,7:11:24 PM,12/3/2025,
1921,0.0,gf,-0.010,mm,OK,--,7:11:24 PM,12/3/2025,
1922,0.0,gf,-0.010,mm,OK,--,7:11:24 PM,12/3/2025,
1923,0.2,gf,-0.005,mm,OK,--,7:11:24 PM,12/3/2025,
1924,0.0,gf,0.000,mm,OK,--,7:11:24 PM,12/3/2025,
1925,0.0,gf,0.005,mm,OK,--,7:11:24 PM,12/3/2025,
1926,0.0,gf,0.005,mm,OK,--,7:11:24 PM,12/3/2025,
1927,-0.2,gf,0.010,mm,OK,--,7:11:24 PM,12/3/2025,
1928,0.0,gf,0.015,mm,OK,--,7:11:24 PM,12/3/2025,
1929,0.0,gf,0.015,mm,OK,--,7:11:25 PM,12/3/2025,
1930,0.0,gf,0.020,mm,OK,--,7:11:25 PM,12/3/2025,
1931,0.0,gf,0.025,mm,OK,--,7:11:25 PM,12/3/2025,
1932,-0.2,gf,0.025,mm,OK,--,7:11:25 PM,12/3/2025,
1933,0.0,gf,0.030,mm,OK,--,7:11:25 PM,12/3/2025,
1934,0.0,gf,0.030,mm,OK,--,7:11:25 PM,12/3/2025,
1935,0.2,gf,0.035,mm,OK,--,7:11:25 PM,12/3/2025,
1936,0.1,gf,0.040,mm,OK,--,7:11:25 PM,12/3/2025,
1937,0.1,gf,0.040,mm,OK,--,7:11:25 PM,12/3/2025,
1938,0.0,gf,0.045,mm,OK,--,7:11:25 PM,12/3/2025,
1939,-0.2,gf,0.050,mm,OK,--,7:11:26 PM,12/3/2025,
1940,-0.1,gf,0.050,mm,OK,--,7:11:26 PM,12/3/2025,
1941,0.2,gf,0.055,mm,OK,--,7:11:26 PM,12/3/2025,
