Maximum,195.0,@,No.1047,,,,,,
Minimum,-0.2,@,No.1981,,,,,,
Average,57.00,,,,,,,,
Data Quantity,2000,,,,,,,,
Number of NG,0,,,,,,,,
No.,Force,Unit,Displacement,Unit,Judge,Position,Time,Date,
1,0.0,gf,0.000,mm,OK,--,5:00:59 PM,7/3/2025,
2,0.0,gf,0.000,mm,OK,--,5:01:00 PM,7/3/2025,
3,0.0,gf,0.000,mm,OK,--,5:01:00 PM,7/3/2025,
4,0.0,gf,0.000,mm,OK,--,5:01:00 PM,7/3/2025,
5,0.0,gf,0.000,mm,OK,--,5:01:00 PM,7/3/2025,
6,0.0,gf,0.000,mm,OK,--,5:01:00 PM,7/3/2025,
7,0.0,gf,0.000,mm,OK,--,5:01:00 PM,7/3/2025,
8,0.0,gf,0.000,mm,OK,--,5:01:00 PM,7/3/2025,
9,0.0,gf,0.000,mm,OK,--,5:01:00 PM,7/3/2025,
10,0.0,gf,0.000,mm,OK,--,5:01:00 PM,7/3/2025,
11,0.0,gf,0.000,mm,OK,--,5:01:00 PM,7/3/2025,
12,0.0,gf,0.000,mm,OK,--,5:01:01 PM,7/3/2025,
13,0.0,gf,0.000,mm,OK,--,5:01:01 PM,7/3/2025,
14,-0.1,gf,0.000,mm,OK,--,5:01:01 PM,7/3/2025,
15,0.0,gf,0.000,mm,OK,--,5:01:01 PM,7/3/2025,
16,0.0,gf,0.000,mm,OK,--,5:01:01 PM,7/3/2025,
17,0.0,gf,0.000,mm,OK,--,5:01:01 PM,7/3/2025,
18,0.0,gf,0.000,mm,OK,--,5:01:01 PM,7/3/2025,
19,0.0,gf,0.000,mm,OK,--,5:01:01 PM,7/3/2025,
20,0.0,gf,0.005,mm,OK,--,5:01:01 PM,7/3/2025,
21,0.0,gf,0.005,mm,OK,--,5:01:01 PM,7/3/2025,
22,0.0,gf,0.005,mm,OK,--,5:01:02 PM,7/3/2025,
23,0.0,gf,0.005,mm,OK,--,5:01:02 PM,7/3/2025,
24,0.0,gf,0.010,mm,OK,--,5:01:02 PM,7/3/2025,
25,0.0,gf,0.015,mm,OK,--,5:01:02 PM,7/3/2025,
26,0.0,gf,0.020,mm,OK,--,5:01:02 PM,7/3/2025,
27,0.0,gf,0.035,mm,OK,--,5:01:02 PM,7/3/2025,
28,0.0,gf,0.045,mm,OK,--,5:01:02 PM,7/3/2025,
29,0.0,gf,0.060,mm,OK,--,5:01:02 PM,7/3/2025,
30,0.0,gf,0.070,mm,OK,--,5:01:02 PM,7/3/2025,
31,0.0,gf,0.080,mm,OK,--,5:01:02 PM,7/3/2025,
32,0.0,gf,0.090,mm,OK,--,5:01:03 PM,7/3/2025,
33,0.0,gf,0.095,mm,OK,--,5:01:03 PM,7/3/2025,
34,0.0,gf,0.105,mm,OK,--,5:01:03 PM,7/3/2025,
35,0.0,gf,0.110,mm,OK,--,5:01:03 PM,7/3/2025,
36,0.1,gf,0.115,mm,OK,--,5:01:03 PM,7/3/2025,
37,2.8,gf,0.120,mm,OK,--,5:01:03 PM,7/3/2025,
38,7.0,gf,0.125,mm,OK,--,5:01:03 PM,7/3/2025,
39,11.3,gf,0.130,mm,OK,--,5:01:03 PM,7/3/2025,
40,14.7,gf,0.135,mm,OK,--,5:01:03 PM,7/3/2025,
41,17.8,gf,0.135,mm,OK,--,5:01:03 PM,7/3/2025,
42,21.0,gf,0.140,mm,OK,--,5:01:04 PM,7/3/2025,
43,24.2,gf,0.145,mm,OK,--,5:01:04 PM,7/3/2025,
44,27.8,gf,0.145,mm,OK,--,5:01:04 PM,7/3/2025,
45,31.2,gf,0.150,mm,OK,--,5:01:04 PM,7/3/2025,
46,34.6,gf,0.155,mm,OK,--,5:01:04 PM,7/3/2025,
47,37.0,gf,0.160,mm,OK,--,5:01:04 PM,7/3/2025,
48,38.6,gf,0.160,mm,OK,--,5:01:04 PM,7/3/2025,
49,40.3,gf,0.165,mm,OK,--,5:01:04 PM,7/3/2025,
50,40.6,gf,0.165,mm,OK,--,5:01:04 PM,7/3/2025,
51,40.9,gf,0.170,mm,OK,--,5:01:04 PM,7/3/2025,
52,41.2,gf,0.170,mm,OK,--,5:01:05 PM,7/3/2025,
53,41.6,gf,0.175,mm,OK,--,5:01:05 PM,7/3/2025,
54,40.6,gf,0.180,mm,OK,--,5:01:05 PM,7/3/2025,
55,40.3,gf,0.185,mm,OK,--,5:01:05 PM,7/3/2025,
56,40.2,gf,0.190,mm,OK,--,5:01:05 PM,7/3/2025,
57,39.9,gf,0.195,mm,OK,--,5:01:05 PM,7/3/2025,
58,39.9,gf,0.200,mm,OK,--,5:01:05 PM,7/3/2025,
59,39.9,gf,0.200,mm,OK,--,5:01:05 PM,7/3/2025,
60,39.9,gf,0.205,mm,OK,--,5:01:05 PM,7/3/2025,
61,39.9,gf,0.210,mm,OK,--,5:01:05 PM,7/3/2025,
62,39.8,gf,0.210,mm,OK,--,5:01:06 PM,7/3/2025,
63,39.9,gf,0.215,mm,OK,--,5:01:06 PM,7/3/2025,
64,39.8,gf,0.220,mm,OK,--,5:01:06 PM,7/3/2025,
65,39.9,gf,0.220,mm,OK,--,5:01:06 PM,7/3/2025,
66,40.0,gf,0.225,mm,OK,--,5:01:06 PM,7/3/2025,
67,39.7,gf,0.230,mm,OK,--,5:01:06 PM,7/3/2025,
68,39.7,gf,0.235,mm,OK,--,5:01:06 PM,7/3/2025,
69,39.5,gf,0.240,mm,OK,--,5:01:06 PM,7/3/2025,
70,39.3,gf,0.245,mm,OK,--,5:01:06 PM,7/3/2025,
71,39.4,gf,0.250,mm,OK,--,5:01:06 PM,7/3/2025,
72,39.4,gf,0.250,mm,OK,--,5:01:07 PM,7/3/2025,
73,39.5,gf,0.255,mm,OK,--,5:01:07 PM,7/3/2025,
74,39.3,gf,0.260,mm,OK,--,5:01:07 PM,7/3/2025,
75,39.3,gf,0.265,mm,OK,--,5:01:07 PM,7/3/2025,
76,39.5,gf,0.270,mm,OK,--,5:01:07 PM,7/3/2025,
77,39.4,gf,0.275,mm,OK,--,5:01:07 PM,7/3/2025,
78,39.6,gf,0.275,mm,OK,--,5:01:07 PM,7/3/2025,
79,39.6,gf,0.280,mm,OK,--,5:01:07 PM,7/3/2025,
80,39.7,gf,0.280,mm,OK,--,5:01:07 PM,7/3/2025,
81,39.6,gf,0.285,mm,OK,--,5:01:07 PM,7/3/2025,
82,39.5,gf,0.290,mm,OK,--,5:01:08 PM,7/3/2025,
83,39.6,gf,0.290,mm,OK,--,5:01:08 PM,7/3/2025,
84,39.6,gf,0.295,mm,OK,--,5:01:08 PM,7/3/2025,
85,39.7,gf,0.300,mm,OK,--,5:01:08 PM,7/3/2025,
86,39.7,gf,0.305,mm,OK,--,5:01:08 PM,7/3/2025,
87,39.7,gf,0.310,mm,OK,--,5:01:08 PM,7/3/2025,
88,39.7,gf,0.315,mm,OK,--,5:01:08 PM,7/3/2025,
89,39.7,gf,0.320,mm,OK,--,5:01:08 PM,7/3/2025,
90,39.8,gf,0.320,mm,OK,--,5:01:08 PM,7/3/2025,
91,39.7,gf,0.325,mm,OK,--,5:01:08 PM,7/3/2025,
92,39.6,gf,0.330,mm,OK,--,5:01:09 PM,7/3/2025,
93,39.6,gf,0.330,mm,OK,--,5:01:09 PM,7/3/2025,
94,39.6,gf,0.335,mm,OK,--,5:01:09 PM,7/3/2025,
95,39.7,gf,0.340,mm,OK,--,5:01:09 PM,7/3/2025,
96,39.6,gf,0.345,mm,OK,--,5:01:09 PM,7/3/2025,
97,39.7,gf,0.350,mm,OK,--,5:01:09 PM,7/3/2025,
98,39.7,gf,0.355,mm,OK,--,5:01:09 PM,7/3/2025,
99,39.9,gf,0.355,mm,OK,--,5:01:09 PM,7/3/2025,
100,40.0,gf,0.360,mm,OK,--,5:01:09 PM,7/3/2025,
101,40.1,gf,0.360,mm,OK,--,5:01:09 PM,7/3/2025,
102,40.2,gf,0.365,mm,OK,--,5:01:10 PM,7/3/2025,
103,40.1,gf,0.370,mm,OK,--,5:01:10 PM,7/3/2025,
104,40.0,gf,0.370,mm,OK,--,5:01:10 PM,7/3/2025,
105,40.0,gf,0.375,mm,OK,--,5:01:10 PM,7/3/2025,
106,40.0,gf,0.380,mm,OK,--,5:01:10 PM,7/3/2025,
107,40.1,gf,0.385,mm,OK,--,5:01:10 PM,7/3/2025,
108,40.0,gf,0.385,mm,OK,--,5:01:10 PM,7/3/2025,
109,39.9,gf,0.390,mm,OK,--,5:01:10 PM,7/3/2025,
110,40.0,gf,0.395,mm,OK,--,5:01:10 PM,7/3/2025,
111,40.0,gf,0.400,mm,OK,--,5:01:10 PM,7/3/2025,
112,39.9,gf,0.405,mm,OK,--,5:01:11 PM,7/3/2025,
113,39.9,gf,0.410,mm,OK,--,5:01:11 PM,7/3/2025,
114,40.0,gf,0.415,mm,OK,--,5:01:11 PM,7/3/2025,
115,40.1,gf,0.415,mm,OK,--,5:01:11 PM,7/3/2025,
116,40.1,gf,0.420,mm,OK,--,5:01:11 PM,7/3/2025,
117,40.1,gf,0.425,mm,OK,--,5:01:11 PM,7/3/2025,
118,40.2,gf,0.425,mm,OK,--,5:01:11 PM,7/3/2025,
119,40.3,gf,0.430,mm,OK,--,5:01:11 PM,7/3/2025,
120,40.3,gf,0.435,mm,OK,--,5:01:11 PM,7/3/2025,
121,40.3,gf,0.440,mm,OK,--,5:01:11 PM,7/3/2025,
122,40.3,gf,0.440,mm,OK,--,5:01:12 PM,7/3/2025,
123,40.4,gf,0.445,mm,OK,--,5:01:12 PM,7/3/2025,
124,40.6,gf,0.450,mm,OK,--,5:01:12 PM,7/3/2025,
125,40.8,gf,0.455,mm,OK,--,5:01:12 PM,7/3/2025,
126,40.6,gf,0.455,mm,OK,--,5:01:12 PM,7/3/2025,
127,40.5,gf,0.460,mm,OK,--,5:01:12 PM,7/3/2025,
128,40.6,gf,0.465,mm,OK,--,5:01:12 PM,7/3/2025,
129,40.7,gf,0.470,mm,OK,--,5:01:12 PM,7/3/2025,
130,40.7,gf,0.470,mm,OK,--,5:01:12 PM,7/3/2025,
131,40.8,gf,0.475,mm,OK,--,5:01:12 PM,7/3/2025,
132,40.8,gf,0.480,mm,OK,--,5:01:13 PM,7/3/2025,
133,40.8,gf,0.485,mm,OK,--,5:01:13 PM,7/3/2025,
134,40.8,gf,0.490,mm,OK,--,5:01:13 PM,7/3/2025,
135,40.9,gf,0.495,mm,OK,--,5:01:13 PM,7/3/2025,
136,41.1,gf,0.500,mm,OK,--,5:01:13 PM,7/3/2025,
137,41.1,gf,0.505,mm,OK,--,5:01:13 PM,7/3/2025,
138,41.3,gf,0.510,mm,OK,--,5:01:13 PM,7/3/2025,
139,41.5,gf,0.520,mm,OK,--,5:01:13 PM,7/3/2025,
140,41.5,gf,0.525,mm,OK,--,5:01:13 PM,7/3/2025,
141,41.3,gf,0.530,mm,OK,--,5:01:13 PM,7/3/2025,
142,41.3,gf,0.540,mm,OK,--,5:01:14 PM,7/3/2025,
143,41.4,gf,0.545,mm,OK,--,5:01:14 PM,7/3/2025,
144,41.4,gf,0.555,mm,OK,--,5:01:14 PM,7/3/2025,
145,41.7,gf,0.560,mm,OK,--,5:01:14 PM,7/3/2025,
146,41.7,gf,0.570,mm,OK,--,5:01:14 PM,7/3/2025,
147,42.0,gf,0.580,mm,OK,--,5:01:14 PM,7/3/2025,
148,42.2,gf,0.590,mm,OK,--,5:01:14 PM,7/3/2025,
149,42.6,gf,0.605,mm,OK,--,5:01:14 PM,7/3/2025,
150,43.1,gf,0.615,mm,OK,--,5:01:14 PM,7/3/2025,
151,43.3,gf,0.625,mm,OK,--,5:01:14 PM,7/3/2025,
152,43.7,gf,0.640,mm,OK,--,5:01:15 PM,7/3/2025,
153,44.0,gf,0.645,mm,OK,--,5:01:15 PM,7/3/2025,
154,44.2,gf,0.655,mm,OK,--,5:01:15 PM,7/3/2025,
155,44.6,gf,0.660,mm,OK,--,5:01:15 PM,7/3/2025,
156,44.6,gf,0.670,mm,OK,--,5:01:15 PM,7/3/2025,
157,44.7,gf,0.675,mm,OK,--,5:01:15 PM,7/3/2025,
158,45.0,gf,0.680,mm,OK,--,5:01:15 PM,7/3/2025,
159,45.2,gf,0.685,mm,OK,--,5:01:15 PM,7/3/2025,
160,45.3,gf,0.695,mm,OK,--,5:01:15 PM,7/3/2025,
161,45.3,gf,0.700,mm,OK,--,5:01:15 PM,7/3/2025,
162,45.3,gf,0.700,mm,OK,--,5:01:16 PM,7/3/2025,
163,45.3,gf,0.705,mm,OK,--,5:01:16 PM,7/3/2025,
164,45.4,gf,0.710,mm,OK,--,5:01:16 PM,7/3/2025,
165,45.6,gf,0.710,mm,OK,--,5:01:16 PM,7/3/2025,
166,45.6,gf,0.715,mm,OK,--,5:01:16 PM,7/3/2025,
167,45.8,gf,0.720,mm,OK,--,5:01:16 PM,7/3/2025,
168,46.0,gf,0.720,mm,OK,--,5:01:16 PM,7/3/2025,
169,46.1,gf,0.725,mm,OK,--,5:01:16 PM,7/3/2025,
170,46.4,gf,0.725,mm,OK,--,5:01:16 PM,7/3/2025,
171,46.6,gf,0.730,mm,OK,--,5:01:16 PM,7/3/2025,
172,46.8,gf,0.730,mm,OK,--,5:01:17 PM,7/3/2025,
173,46.9,gf,0.735,mm,OK,--,5:01:17 PM,7/3/2025,
174,47.0,gf,0.740,mm,OK,--,5:01:17 PM,7/3/2025,
175,47.2,gf,0.740,mm,OK,--,5:01:17 PM,7/3/2025,
176,47.2,gf,0.745,mm,OK,--,5:01:17 PM,7/3/2025,
177,47.3,gf,0.745,mm,OK,--,5:01:17 PM,7/3/2025,
178,47.5,gf,0.750,mm,OK,--,5:01:17 PM,7/3/2025,
179,47.5,gf,0.750,mm,OK,--,5:01:17 PM,7/3/2025,
180,47.7,gf,0.755,mm,OK,--,5:01:17 PM,7/3/2025,
181,47.8,gf,0.755,mm,OK,--,5:01:17 PM,7/3/2025,
182,48.1,gf,0.760,mm,OK,--,5:01:18 PM,7/3/2025,
183,48.2,gf,0.765,mm,OK,--,5:01:18 PM,7/3/2025,
184,48.2,gf,0.765,mm,OK,--,5:01:18 PM,7/3/2025,
185,48.1,gf,0.770,mm,OK,--,5:01:18 PM,7/3/2025,
186,48.2,gf,0.770,mm,OK,--,5:01:18 PM,7/3/2025,
187,48.3,gf,0.770,mm,OK,--,5:01:18 PM,7/3/2025,
188,48.4,gf,0.775,mm,OK,--,5:01:18 PM,7/3/2025,
189,48.7,gf,0.775,mm,OK,--,5:01:18 PM,7/3/2025,
190,48.9,gf,0.780,mm,OK,--,5:01:18 PM,7/3/2025,
191,49.0,gf,0.785,mm,OK,--,5:01:18 PM,7/3/2025,
192,49.2,gf,0.795,mm,OK,--,5:01:19 PM,7/3/2025,
193,49.2,gf,0.800,mm,OK,--,5:01:19 PM,7/3/2025,
194,49.4,gf,0.805,mm,OK,--,5:01:19 PM,7/3/2025,
195,49.4,gf,0.810,mm,OK,--,5:01:19 PM,7/3/2025,
196,49.3,gf,0.810,mm,OK,--,5:01:19 PM,7/3/2025,
197,49.5,gf,0.815,mm,OK,--,5:01:19 PM,7/3/2025,
198,49.6,gf,0.820,mm,OK,--,5:01:19 PM,7/3/2025,
199,49.7,gf,0.820,mm,OK,--,5:01:19 PM,7/3/2025,
200,49.9,gf,0.825,mm,OK,--,5:01:19 PM,7/3/2025,
201,49.9,gf,0.825,mm,OK,--,5:01:19 PM,7/3/2025,
202,50.0,gf,0.830,mm,OK,--,5:01:20 PM,7/3/2025,
203,50.2,gf,0.835,mm,OK,--,5:01:20 PM,7/3/2025,
204,50.3,gf,0.835,mm,OK,--,5:01:20 PM,7/3/2025,
205,50.4,gf,0.840,mm,OK,--,5:01:20 PM,7/3/2025,
206,50.5,gf,0.845,mm,OK,--,5:01:20 PM,7/3/2025,
207,50.5,gf,0.850,mm,OK,--,5:01:20 PM,7/3/2025,
208,50.5,gf,0.850,mm,OK,--,5:01:20 PM,7/3/2025,
209,50.6,gf,0.855,mm,OK,--,5:01:20 PM,7/3/2025,
210,50.5,gf,0.865,mm,OK,--,5:01:20 PM,7/3/2025,
211,50.7,gf,0.870,mm,OK,--,5:01:20 PM,7/3/2025,
212,50.9,gf,0.875,mm,OK,--,5:01:21 PM,7/3/2025,
213,51.0,gf,0.880,mm,OK,--,5:01:21 PM,7/3/2025,
214,51.2,gf,0.885,mm,OK,--,5:01:21 PM,7/3/2025,
215,51.3,gf,0.890,mm,OK,--,5:01:21 PM,7/3/2025,
216,51.5,gf,0.895,mm,OK,--,5:01:21 PM,7/3/2025,
217,51.6,gf,0.900,mm,OK,--,5:01:21 PM,7/3/2025,
218,51.6,gf,0.905,mm,OK,--,5:01:21 PM,7/3/2025,
219,51.6,gf,0.910,mm,OK,--,5:01:21 PM,7/3/2025,
220,51.7,gf,0.910,mm,OK,--,5:01:21 PM,7/3/2025,
221,51.7,gf,0.915,mm,OK,--,5:01:21 PM,7/3/2025,
222,51.7,gf,0.920,mm,OK,--,5:01:22 PM,7/3/2025,
223,52.0,gf,0.925,mm,OK,--,5:01:22 PM,7/3/2025,
224,52.2,gf,0.935,mm,OK,--,5:01:22 PM,7/3/2025,
225,52.3,gf,0.940,mm,OK,--,5:01:22 PM,7/3/2025,
226,52.3,gf,0.945,mm,OK,--,5:01:22 PM,7/3/2025,
227,52.4,gf,0.955,mm,OK,--,5:01:22 PM,7/3/2025,
228,52.4,gf,0.960,mm,OK,--,5:01:22 PM,7/3/2025,
229,52.5,gf,0.965,mm,OK,--,5:01:22 PM,7/3/2025,
230,52.7,gf,0.975,mm,OK,--,5:01:22 PM,7/3/2025,
231,53.0,gf,0.980,mm,OK,--,5:01:22 PM,7/3/2025,
232,53.1,gf,0.985,mm,OK,--,5:01:23 PM,7/3/2025,
233,53.4,gf,0.990,mm,OK,--,5:01:23 PM,7/3/2025,
234,53.5,gf,0.995,mm,OK,--,5:01:23 PM,7/3/2025,
235,53.4,gf,1.000,mm,OK,--,5:01:23 PM,7/3/2025,
236,53.4,gf,1.010,mm,OK,--,5:01:23 PM,7/3/2025,
237,53.3,gf,1.015,mm,OK,--,5:01:23 PM,7/3/2025,
238,53.2,gf,1.020,mm,OK,--,5:01:23 PM,7/3/2025,
239,53.1,gf,1.025,mm,OK,--,5:01:23 PM,7/3/2025,
240,53.0,gf,1.030,mm,OK,--,5:01:23 PM,7/3/2025,
241,53.1,gf,1.030,mm,OK,--,5:01:23 PM,7/3/2025,
242,53.2,gf,1.035,mm,OK,--,5:01:24 PM,7/3/2025,
243,53.3,gf,1.040,mm,OK,--,5:01:24 PM,7/3/2025,
244,53.3,gf,1.040,mm,OK,--,5:01:24 PM,7/3/2025,
245,53.3,gf,1.040,mm,OK,--,5:01:24 PM,7/3/2025,
246,53.4,gf,1.045,mm,OK,--,5:01:24 PM,7/3/2025,
247,53.2,gf,1.045,mm,OK,--,5:01:24 PM,7/3/2025,
248,53.1,gf,1.050,mm,OK,--,5:01:24 PM,7/3/2025,
249,53.1,gf,1.050,mm,OK,--,5:01:24 PM,7/3/2025,
250,53.2,gf,1.055,mm,OK,--,5:01:24 PM,7/3/2025,
251,53.1,gf,1.055,mm,OK,--,5:01:24 PM,7/3/2025,
252,53.1,gf,1.060,mm,OK,--,5:01:25 PM,7/3/2025,
253,53.1,gf,1.060,mm,OK,--,5:01:25 PM,7/3/2025,
254,53.1,gf,1.065,mm,OK,--,5:01:25 PM,7/3/2025,
255,53.1,gf,1.070,mm,OK,--,5:01:25 PM,7/3/2025,
256,53.1,gf,1.070,mm,OK,--,5:01:25 PM,7/3/2025,
257,53.1,gf,1.075,mm,OK,--,5:01:25 PM,7/3/2025,
258,53.0,gf,1.075,mm,OK,--,5:01:25 PM,7/3/2025,
259,53.0,gf,1.075,mm,OK,--,5:01:25 PM,7/3/2025,
260,53.0,gf,1.080,mm,OK,--,5:01:25 PM,7/3/2025,
261,53.0,gf,1.080,mm,OK,--,5:01:25 PM,7/3/2025,
262,53.0,gf,1.085,mm,OK,--,5:01:26 PM,7/3/2025,
263,53.0,gf,1.085,mm,OK,--,5:01:26 PM,7/3/2025,
264,53.0,gf,1.090,mm,OK,--,5:01:26 PM,7/3/2025,
265,53.0,gf,1.090,mm,OK,--,5:01:26 PM,7/3/2025,
266,53.0,gf,1.090,mm,OK,--,5:01:26 PM,7/3/2025,
267,53.0,gf,1.095,mm,OK,--,5:01:26 PM,7/3/2025,
268,53.0,gf,1.095,mm,OK,--,5:01:26 PM,7/3/2025,
269,53.0,gf,1.095,mm,OK,--,5:01:26 PM,7/3/2025,
270,52.9,gf,1.095,mm,OK,--,5:01:26 PM,7/3/2025,
271,52.8,gf,1.100,mm,OK,--,5:01:26 PM,7/3/2025,
272,52.6,gf,1.100,mm,OK,--,5:01:27 PM,7/3/2025,
273,52.6,gf,1.100,mm,OK,--,5:01:27 PM,7/3/2025,
274,52.6,gf,1.100,mm,OK,--,5:01:27 PM,7/3/2025,
275,52.8,gf,1.100,mm,OK,--,5:01:27 PM,7/3/2025,
276,52.6,gf,1.100,mm,OK,--,5:01:27 PM,7/3/2025,
277,52.7,gf,1.100,mm,OK,--,5:01:27 PM,7/3/2025,
278,52.7,gf,1.105,mm,OK,--,5:01:27 PM,7/3/2025,
279,52.7,gf,1.105,mm,OK,--,5:01:27 PM,7/3/2025,
280,52.6,gf,1.105,mm,OK,--,5:01:27 PM,7/3/2025,
281,52.6,gf,1.105,mm,OK,--,5:01:27 PM,7/3/2025,
282,52.5,gf,1.105,mm,OK,--,5:01:28 PM,7/3/2025,
283,52.6,gf,1.105,mm,OK,--,5:01:28 PM,7/3/2025,
284,52.6,gf,1.110,mm,OK,--,5:01:28 PM,7/3/2025,
285,52.6,gf,1.110,mm,OK,--,5:01:28 PM,7/3/2025,
286,52.6,gf,1.110,mm,OK,--,5:01:28 PM,7/3/2025,
287,52.5,gf,1.110,mm,OK,--,5:01:28 PM,7/3/2025,
288,52.5,gf,1.110,mm,OK,--,5:01:28 PM,7/3/2025,
289,52.5,gf,1.110,mm,OK,--,5:01:28 PM,7/3/2025,
290,52.5,gf,1.115,mm,OK,--,5:01:28 PM,7/3/2025,
291,52.5,gf,1.115,mm,OK,--,5:01:28 PM,7/3/2025,
292,52.5,gf,1.115,mm,OK,--,5:01:29 PM,7/3/2025,
293,52.8,gf,1.115,mm,OK,--,5:01:29 PM,7/3/2025,
294,52.8,gf,1.120,mm,OK,--,5:01:29 PM,7/3/2025,
295,52.5,gf,1.120,mm,OK,--,5:01:29 PM,7/3/2025,
296,52.7,gf,1.125,mm,OK,--,5:01:29 PM,7/3/2025,
297,52.7,gf,1.125,mm,OK,--,5:01:29 PM,7/3/2025,
298,52.7,gf,1.125,mm,OK,--,5:01:29 PM,7/3/2025,
299,52.6,gf,1.130,mm,OK,--,5:01:29 PM,7/3/2025,
300,52.5,gf,1.135,mm,OK,--,5:01:29 PM,7/3/2025,
301,52.3,gf,1.135,mm,OK,--,5:01:29 PM,7/3/2025,
302,52.4,gf,1.135,mm,OK,--,5:01:30 PM,7/3/2025,
303,52.4,gf,1.140,mm,OK,--,5:01:30 PM,7/3/2025,
304,52.3,gf,1.140,mm,OK,--,5:01:30 PM,7/3/2025,
305,52.2,gf,1.145,mm,OK,--,5:01:30 PM,7/3/2025,
306,52.1,gf,1.145,mm,OK,--,5:01:30 PM,7/3/2025,
307,52.2,gf,1.150,mm,OK,--,5:01:30 PM,7/3/2025,
308,52.2,gf,1.155,mm,OK,--,5:01:30 PM,7/3/2025,
309,52.2,gf,1.160,mm,OK,--,5:01:30 PM,7/3/2025,
310,52.1,gf,1.160,mm,OK,--,5:01:30 PM,7/3/2025,
311,51.9,gf,1.165,mm,OK,--,5:01:30 PM,7/3/2025,
312,51.9,gf,1.170,mm,OK,--,5:01:31 PM,7/3/2025,
313,51.9,gf,1.170,mm,OK,--,5:01:31 PM,7/3/2025,
314,51.8,gf,1.175,mm,OK,--,5:01:31 PM,7/3/2025,
315,51.3,gf,1.185,mm,OK,--,5:01:31 PM,7/3/2025,
316,51.0,gf,1.190,mm,OK,--,5:01:31 PM,7/3/2025,
317,50.9,gf,1.195,mm,OK,--,5:01:31 PM,7/3/2025,
318,50.7,gf,1.200,mm,OK,--,5:01:31 PM,7/3/2025,
319,50.7,gf,1.210,mm,OK,--,5:01:31 PM,7/3/2025,
320,50.7,gf,1.220,mm,OK,--,5:01:31 PM,7/3/2025,
321,50.9,gf,1.225,mm,OK,--,5:01:31 PM,7/3/2025,
322,51.0,gf,1.235,mm,OK,--,5:01:32 PM,7/3/2025,
323,50.9,gf,1.240,mm,OK,--,5:01:32 PM,7/3/2025,
324,50.6,gf,1.245,mm,OK,--,5:01:32 PM,7/3/2025,
325,50.5,gf,1.250,mm,OK,--,5:01:32 PM,7/3/2025,
326,50.5,gf,1.255,mm,OK,--,5:01:32 PM,7/3/2025,
327,50.6,gf,1.260,mm,OK,--,5:01:32 PM,7/3/2025,
328,50.9,gf,1.265,mm,OK,--,5:01:32 PM,7/3/2025,
329,50.9,gf,1.270,mm,OK,--,5:01:32 PM,7/3/2025,
330,50.7,gf,1.275,mm,OK,--,5:01:32 PM,7/3/2025,
331,50.6,gf,1.280,mm,OK,--,5:01:32 PM,7/3/2025,
332,50.4,gf,1.280,mm,OK,--,5:01:33 PM,7/3/2025,
333,50.5,gf,1.285,mm,OK,--,5:01:33 PM,7/3/2025,
334,50.4,gf,1.290,mm,OK,--,5:01:33 PM,7/3/2025,
335,50.4,gf,1.295,mm,OK,--,5:01:33 PM,7/3/2025,
336,50.2,gf,1.300,mm,OK,--,5:01:33 PM,7/3/2025,
337,50.0,gf,1.300,mm,OK,--,5:01:33 PM,7/3/2025,
338,50.0,gf,1.305,mm,OK,--,5:01:33 PM,7/3/2025,
339,49.7,gf,1.310,mm,OK,--,5:01:33 PM,7/3/2025,
340,49.6,gf,1.315,mm,OK,--,5:01:33 PM,7/3/2025,
341,49.3,gf,1.320,mm,OK,--,5:01:33 PM,7/3/2025,
342,49.1,gf,1.325,mm,OK,--,5:01:34 PM,7/3/2025,
343,48.9,gf,1.330,mm,OK,--,5:01:34 PM,7/3/2025,
344,48.5,gf,1.340,mm,OK,--,5:01:34 PM,7/3/2025,
345,48.3,gf,1.345,mm,OK,--,5:01:34 PM,7/3/2025,
346,48.1,gf,1.350,mm,OK,--,5:01:34 PM,7/3/2025,
347,47.9,gf,1.360,mm,OK,--,5:01:34 PM,7/3/2025,
348,47.9,gf,1.365,mm,OK,--,5:01:34 PM,7/3/2025,
349,48.0,gf,1.370,mm,OK,--,5:01:34 PM,7/3/2025,
350,47.7,gf,1.375,mm,OK,--,5:01:34 PM,7/3/2025,
351,47.4,gf,1.380,mm,OK,--,5:01:34 PM,7/3/2025,
352,47.3,gf,1.385,mm,OK,--,5:01:35 PM,7/3/2025,
353,47.4,gf,1.395,mm,OK,--,5:01:35 PM,7/3/2025,
354,47.2,gf,1.400,mm,OK,--,5:01:35 PM,7/3/2025,
355,47.0,gf,1.410,mm,OK,--,5:01:35 PM,7/3/2025,
356,46.9,gf,1.415,mm,OK,--,5:01:35 PM,7/3/2025,
357,46.7,gf,1.420,mm,OK,--,5:01:35 PM,7/3/2025,
358,46.6,gf,1.430,mm,OK,--,5:01:35 PM,7/3/2025,
359,46.4,gf,1.435,mm,OK,--,5:01:35 PM,7/3/2025,
360,46.4,gf,1.445,mm,OK,--,5:01:35 PM,7/3/2025,
361,46.2,gf,1.450,mm,OK,--,5:01:35 PM,7/3/2025,
362,46.0,gf,1.460,mm,OK,--,5:01:36 PM,7/3/2025,
363,45.9,gf,1.465,mm,OK,--,5:01:36 PM,7/3/2025,
364,46.0,gf,1.475,mm,OK,--,5:01:36 PM,7/3/2025,
365,46.1,gf,1.480,mm,OK,--,5:01:36 PM,7/3/2025,
366,46.2,gf,1.490,mm,OK,--,5:01:36 PM,7/3/2025,
367,46.3,gf,1.495,mm,OK,--,5:01:36 PM,7/3/2025,
368,46.4,gf,1.500,mm,OK,--,5:01:36 PM,7/3/2025,
369,46.5,gf,1.505,mm,OK,--,5:01:36 PM,7/3/2025,
370,46.6,gf,1.510,mm,OK,--,5:01:36 PM,7/3/2025,
371,46.6,gf,1.515,mm,OK,--,5:01:36 PM,7/3/2025,
372,46.7,gf,1.520,mm,OK,--,5:01:37 PM,7/3/2025,
373,46.8,gf,1.520,mm,OK,--,5:01:37 PM,7/3/2025,
374,46.8,gf,1.525,mm,OK,--,5:01:37 PM,7/3/2025,
375,46.6,gf,1.530,mm,OK,--,5:01:37 PM,7/3/2025,
376,46.6,gf,1.530,mm,OK,--,5:01:37 PM,7/3/2025,
377,47.0,gf,1.535,mm,OK,--,5:01:37 PM,7/3/2025,
378,46.4,gf,1.540,mm,OK,--,5:01:37 PM,7/3/2025,
379,46.3,gf,1.540,mm,OK,--,5:01:37 PM,7/3/2025,
380,46.6,gf,1.545,mm,OK,--,5:01:37 PM,7/3/2025,
381,46.5,gf,1.545,mm,OK,--,5:01:37 PM,7/3/2025,
382,46.2,gf,1.550,mm,OK,--,5:01:38 PM,7/3/2025,
383,46.0,gf,1.555,mm,OK,--,5:01:38 PM,7/3/2025,
384,45.9,gf,1.555,mm,OK,--,5:01:38 PM,7/3/2025,
385,45.6,gf,1.560,mm,OK,--,5:01:38 PM,7/3/2025,
386,45.7,gf,1.565,mm,OK,--,5:01:38 PM,7/3/2025,
387,45.6,gf,1.570,mm,OK,--,5:01:38 PM,7/3/2025,
388,45.6,gf,1.580,mm,OK,--,5:01:38 PM,7/3/2025,
389,45.6,gf,1.590,mm,OK,--,5:01:38 PM,7/3/2025,
390,45.8,gf,1.595,mm,OK,--,5:01:38 PM,7/3/2025,
391,45.6,gf,1.600,mm,OK,--,5:01:38 PM,7/3/2025,
392,45.6,gf,1.605,mm,OK,--,5:01:39 PM,7/3/2025,
393,45.5,gf,1.610,mm,OK,--,5:01:39 PM,7/3/2025,
394,45.7,gf,1.610,mm,OK,--,5:01:39 PM,7/3/2025,
395,45.6,gf,1.615,mm,OK,--,5:01:39 PM,7/3/2025,
396,45.5,gf,1.620,mm,OK,--,5:01:39 PM,7/3/2025,
397,45.4,gf,1.625,mm,OK,--,5:01:39 PM,7/3/2025,
398,45.3,gf,1.630,mm,OK,--,5:01:39 PM,7/3/2025,
399,45.1,gf,1.630,mm,OK,--,5:01:39 PM,7/3/2025,
400,45.0,gf,1.635,mm,OK,--,5:01:39 PM,7/3/2025,
401,44.8,gf,1.640,mm,OK,--,5:01:39 PM,7/3/2025,
402,44.8,gf,1.645,mm,OK,--,5:01:40 PM,7/3/2025,
403,44.9,gf,1.645,mm,OK,--,5:01:40 PM,7/3/2025,
404,44.9,gf,1.650,mm,OK,--,5:01:40 PM,7/3/2025,
405,44.8,gf,1.655,mm,OK,--,5:01:40 PM,7/3/2025,
406,44.6,gf,1.660,mm,OK,--,5:01:40 PM,7/3/2025,
407,44.4,gf,1.665,mm,OK,--,5:01:40 PM,7/3/2025,
408,44.1,gf,1.665,mm,OK,--,5:01:40 PM,7/3/2025,
409,44.0,gf,1.670,mm,OK,--,5:01:40 PM,7/3/2025,
410,43.9,gf,1.675,mm,OK,--,5:01:40 PM,7/3/2025,
411,43.7,gf,1.675,mm,OK,--,5:01:40 PM,7/3/2025,
412,43.6,gf,1.675,mm,OK,--,5:01:41 PM,7/3/2025,
413,43.5,gf,1.680,mm,OK,--,5:01:41 PM,7/3/2025,
414,43.5,gf,1.680,mm,OK,--,5:01:41 PM,7/3/2025,
415,43.7,gf,1.680,mm,OK,--,5:01:41 PM,7/3/2025,
416,43.8,gf,1.685,mm,OK,--,5:01:41 PM,7/3/2025,
417,43.8,gf,1.685,mm,OK,--,5:01:41 PM,7/3/2025,
418,43.8,gf,1.690,mm,OK,--,5:01:41 PM,7/3/2025,
419,43.7,gf,1.690,mm,OK,--,5:01:41 PM,7/3/2025,
420,43.5,gf,1.695,mm,OK,--,5:01:41 PM,7/3/2025,
421,43.3,gf,1.695,mm,OK,--,5:01:41 PM,7/3/2025,
422,43.3,gf,1.700,mm,OK,--,5:01:42 PM,7/3/2025,
423,43.4,gf,1.705,mm,OK,--,5:01:42 PM,7/3/2025,
424,43.4,gf,1.705,mm,OK,--,5:01:42 PM,7/3/2025,
425,43.4,gf,1.710,mm,OK,--,5:01:42 PM,7/3/2025,
426,43.4,gf,1.710,mm,OK,--,5:01:42 PM,7/3/2025,
427,43.3,gf,1.715,mm,OK,--,5:01:42 PM,7/3/2025,
428,43.4,gf,1.720,mm,OK,--,5:01:42 PM,7/3/2025,
429,43.3,gf,1.725,mm,OK,--,5:01:42 PM,7/3/2025,
430,43.3,gf,1.730,mm,OK,--,5:01:42 PM,7/3/2025,
431,43.1,gf,1.730,mm,OK,--,5:01:42 PM,7/3/2025,
432,43.0,gf,1.735,mm,OK,--,5:01:43 PM,7/3/2025,
433,42.8,gf,1.740,mm,OK,--,5:01:43 PM,7/3/2025,
434,42.7,gf,1.745,mm,OK,--,5:01:43 PM,7/3/2025,
435,42.6,gf,1.745,mm,OK,--,5:01:43 PM,7/3/2025,
436,42.6,gf,1.750,mm,OK,--,5:01:43 PM,7/3/2025,
437,42.4,gf,1.755,mm,OK,--,5:01:43 PM,7/3/2025,
438,42.3,gf,1.755,mm,OK,--,5:01:43 PM,7/3/2025,
439,42.1,gf,1.760,mm,OK,--,5:01:43 PM,7/3/2025,
440,42.1,gf,1.765,mm,OK,--,5:01:43 PM,7/3/2025,
441,42.0,gf,1.770,mm,OK,--,5:01:43 PM,7/3/2025,
442,41.9,gf,1.770,mm,OK,--,5:01:44 PM,7/3/2025,
443,41.8,gf,1.775,mm,OK,--,5:01:44 PM,7/3/2025,
444,41.7,gf,1.775,mm,OK,--,5:01:44 PM,7/3/2025,
445,41.5,gf,1.780,mm,OK,--,5:01:44 PM,7/3/2025,
446,41.5,gf,1.785,mm,OK,--,5:01:44 PM,7/3/2025,
447,41.6,gf,1.785,mm,OK,--,5:01:44 PM,7/3/2025,
448,41.6,gf,1.790,mm,OK,--,5:01:44 PM,7/3/2025,
449,41.4,gf,1.795,mm,OK,--,5:01:44 PM,7/3/2025,
450,41.3,gf,1.800,mm,OK,--,5:01:44 PM,7/3/2025,
451,41.2,gf,1.805,mm,OK,--,5:01:44 PM,7/3/2025,
452,41.0,gf,1.810,mm,OK,--,5:01:45 PM,7/3/2025,
453,41.2,gf,1.815,mm,OK,--,5:01:45 PM,7/3/2025,
454,41.1,gf,1.820,mm,OK,--,5:01:45 PM,7/3/2025,
455,41.1,gf,1.820,mm,OK,--,5:01:45 PM,7/3/2025,
456,41.0,gf,1.825,mm,OK,--,5:01:45 PM,7/3/2025,
457,41.0,gf,1.830,mm,OK,--,5:01:45 PM,7/3/2025,
458,40.8,gf,1.830,mm,OK,--,5:01:45 PM,7/3/2025,
459,40.7,gf,1.835,mm,OK,--,5:01:45 PM,7/3/2025,
460,40.6,gf,1.835,mm,OK,--,5:01:45 PM,7/3/2025,
461,40.5,gf,1.840,mm,OK,--,5:01:45 PM,7/3/2025,
462,40.4,gf,1.840,mm,OK,--,5:01:46 PM,7/3/2025,
463,40.3,gf,1.845,mm,OK,--,5:01:46 PM,7/3/2025,
464,40.3,gf,1.850,mm,OK,--,5:01:46 PM,7/3/2025,
465,40.3,gf,1.850,mm,OK,--,5:01:46 PM,7/3/2025,
466,40.2,gf,1.855,mm,OK,--,5:01:46 PM,7/3/2025,
467,40.2,gf,1.855,mm,OK,--,5:01:46 PM,7/3/2025,
468,40.3,gf,1.860,mm,OK,--,5:01:46 PM,7/3/2025,
469,40.4,gf,1.860,mm,OK,--,5:01:46 PM,7/3/2025,
470,40.5,gf,1.860,mm,OK,--,5:01:46 PM,7/3/2025,
471,40.5,gf,1.865,mm,OK,--,5:01:46 PM,7/3/2025,
472,40.4,gf,1.865,mm,OK,--,5:01:47 PM,7/3/2025,
473,40.5,gf,1.870,mm,OK,--,5:01:47 PM,7/3/2025,
474,40.5,gf,1.870,mm,OK,--,5:01:47 PM,7/3/2025,
475,40.5,gf,1.875,mm,OK,--,5:01:47 PM,7/3/2025,
476,40.5,gf,1.875,mm,OK,--,5:01:47 PM,7/3/2025,
477,40.7,gf,1.880,mm,OK,--,5:01:47 PM,7/3/2025,
478,40.7,gf,1.885,mm,OK,--,5:01:47 PM,7/3/2025,
479,40.7,gf,1.890,mm,OK,--,5:01:47 PM,7/3/2025,
480,40.7,gf,1.895,mm,OK,--,5:01:47 PM,7/3/2025,
481,40.9,gf,1.905,mm,OK,--,5:01:47 PM,7/3/2025,
482,41.2,gf,1.910,mm,OK,--,5:01:48 PM,7/3/2025,
483,41.3,gf,1.915,mm,OK,--,5:01:48 PM,7/3/2025,
484,41.3,gf,1.925,mm,OK,--,5:01:48 PM,7/3/2025,
485,41.4,gf,1.930,mm,OK,--,5:01:48 PM,7/3/2025,
486,41.4,gf,1.940,mm,OK,--,5:01:48 PM,7/3/2025,
487,41.4,gf,1.945,mm,OK,--,5:01:48 PM,7/3/2025,
488,41.7,gf,1.950,mm,OK,--,5:01:48 PM,7/3/2025,
489,41.7,gf,1.960,mm,OK,--,5:01:48 PM,7/3/2025,
490,41.8,gf,1.965,mm,OK,--,5:01:48 PM,7/3/2025,
491,41.8,gf,1.970,mm,OK,--,5:01:48 PM,7/3/2025,
492,42.0,gf,1.970,mm,OK,--,5:01:49 PM,7/3/2025,
493,42.1,gf,1.975,mm,OK,--,5:01:49 PM,7/3/2025,
494,42.1,gf,1.985,mm,OK,--,5:01:49 PM,7/3/2025,
495,42.1,gf,1.990,mm,OK,--,5:01:49 PM,7/3/2025,
496,42.2,gf,1.995,mm,OK,--,5:01:49 PM,7/3/2025,
497,42.4,gf,2.005,mm,OK,--,5:01:49 PM,7/3/2025,
498,42.5,gf,2.010,mm,OK,--,5:01:49 PM,7/3/2025,
499,42.5,gf,2.015,mm,OK,--,5:01:49 PM,7/3/2025,
500,42.6,gf,2.020,mm,OK,--,5:01:49 PM,7/3/2025,
501,42.5,gf,2.025,mm,OK,--,5:01:49 PM,7/3/2025,
502,42.3,gf,2.030,mm,OK,--,5:01:50 PM,7/3/2025,
503,42.5,gf,2.030,mm,OK,--,5:01:50 PM,7/3/2025,
504,42.5,gf,2.035,mm,OK,--,5:01:50 PM,7/3/2025,
505,42.6,gf,2.035,mm,OK,--,5:01:50 PM,7/3/2025,
506,42.6,gf,2.040,mm,OK,--,5:01:50 PM,7/3/2025,
507,42.5,gf,2.045,mm,OK,--,5:01:50 PM,7/3/2025,
508,42.7,gf,2.045,mm,OK,--,5:01:50 PM,7/3/2025,
509,42.8,gf,2.050,mm,OK,--,5:01:50 PM,7/3/2025,
510,42.7,gf,2.055,mm,OK,--,5:01:50 PM,7/3/2025,
511,42.8,gf,2.060,mm,OK,--,5:01:50 PM,7/3/2025,
512,42.7,gf,2.060,mm,OK,--,5:01:51 PM,7/3/2025,
513,42.8,gf,2.060,mm,OK,--,5:01:51 PM,7/3/2025,
514,42.9,gf,2.060,mm,OK,--,5:01:51 PM,7/3/2025,
515,43.0,gf,2.065,mm,OK,--,5:01:51 PM,7/3/2025,
516,43.1,gf,2.065,mm,OK,--,5:01:51 PM,7/3/2025,
517,43.0,gf,2.070,mm,OK,--,5:01:51 PM,7/3/2025,
518,42.7,gf,2.070,mm,OK,--,5:01:51 PM,7/3/2025,
519,42.9,gf,2.075,mm,OK,--,5:01:51 PM,7/3/2025,
520,43.1,gf,2.075,mm,OK,--,5:01:51 PM,7/3/2025,
521,43.1,gf,2.080,mm,OK,--,5:01:51 PM,7/3/2025,
522,43.2,gf,2.080,mm,OK,--,5:01:52 PM,7/3/2025,
523,43.3,gf,2.085,mm,OK,--,5:01:52 PM,7/3/2025,
524,43.4,gf,2.085,mm,OK,--,5:01:52 PM,7/3/2025,
525,43.3,gf,2.090,mm,OK,--,5:01:52 PM,7/3/2025,
526,43.5,gf,2.100,mm,OK,--,5:01:52 PM,7/3/2025,
527,43.2,gf,2.105,mm,OK,--,5:01:52 PM,7/3/2025,
528,43.5,gf,2.110,mm,OK,--,5:01:52 PM,7/3/2025,
529,43.5,gf,2.120,mm,OK,--,5:01:52 PM,7/3/2025,
530,43.6,gf,2.125,mm,OK,--,5:01:52 PM,7/3/2025,
531,43.6,gf,2.135,mm,OK,--,5:01:52 PM,7/3/2025,
532,43.7,gf,2.140,mm,OK,--,5:01:53 PM,7/3/2025,
533,43.7,gf,2.145,mm,OK,--,5:01:53 PM,7/3/2025,
534,43.7,gf,2.155,mm,OK,--,5:01:53 PM,7/3/2025,
535,43.7,gf,2.160,mm,OK,--,5:01:53 PM,7/3/2025,
536,44.0,gf,2.170,mm,OK,--,5:01:53 PM,7/3/2025,
537,44.4,gf,2.180,mm,OK,--,5:01:53 PM,7/3/2025,
538,44.6,gf,2.185,mm,OK,--,5:01:53 PM,7/3/2025,
539,44.8,gf,2.190,mm,OK,--,5:01:53 PM,7/3/2025,
540,44.8,gf,2.190,mm,OK,--,5:01:53 PM,7/3/2025,
541,44.9,gf,2.195,mm,OK,--,5:01:53 PM,7/3/2025,
542,45.2,gf,2.200,mm,OK,--,5:01:54 PM,7/3/2025,
543,45.3,gf,2.200,mm,OK,--,5:01:54 PM,7/3/2025,
544,45.5,gf,2.205,mm,OK,--,5:01:54 PM,7/3/2025,
545,45.6,gf,2.210,mm,OK,--,5:01:54 PM,7/3/2025,
546,45.8,gf,2.210,mm,OK,--,5:01:54 PM,7/3/2025,
547,45.9,gf,2.215,mm,OK,--,5:01:54 PM,7/3/2025,
548,45.9,gf,2.215,mm,OK,--,5:01:54 PM,7/3/2025,
549,46.1,gf,2.220,mm,OK,--,5:01:54 PM,7/3/2025,
550,46.1,gf,2.220,mm,OK,--,5:01:54 PM,7/3/2025,
551,46.2,gf,2.225,mm,OK,--,5:01:54 PM,7/3/2025,
552,46.3,gf,2.230,mm,OK,--,5:01:55 PM,7/3/2025,
553,46.3,gf,2.235,mm,OK,--,5:01:55 PM,7/3/2025,
554,46.4,gf,2.235,mm,OK,--,5:01:55 PM,7/3/2025,
555,46.6,gf,2.240,mm,OK,--,5:01:55 PM,7/3/2025,
556,46.8,gf,2.245,mm,OK,--,5:01:55 PM,7/3/2025,
557,47.1,gf,2.250,mm,OK,--,5:01:55 PM,7/3/2025,
558,47.3,gf,2.255,mm,OK,--,5:01:55 PM,7/3/2025,
559,47.3,gf,2.260,mm,OK,--,5:01:55 PM,7/3/2025,
560,47.5,gf,2.265,mm,OK,--,5:01:55 PM,7/3/2025,
561,47.6,gf,2.270,mm,OK,--,5:01:55 PM,7/3/2025,
562,47.6,gf,2.270,mm,OK,--,5:01:56 PM,7/3/2025,
563,47.7,gf,2.275,mm,OK,--,5:01:56 PM,7/3/2025,
564,47.9,gf,2.275,mm,OK,--,5:01:56 PM,7/3/2025,
565,48.0,gf,2.280,mm,OK,--,5:01:56 PM,7/3/2025,
566,48.2,gf,2.285,mm,OK,--,5:01:56 PM,7/3/2025,
567,48.3,gf,2.290,mm,OK,--,5:01:56 PM,7/3/2025,
568,48.4,gf,2.290,mm,OK,--,5:01:56 PM,7/3/2025,
569,48.4,gf,2.295,mm,OK,--,5:01:56 PM,7/3/2025,
570,48.5,gf,2.295,mm,OK,--,5:01:56 PM,7/3/2025,
571,48.6,gf,2.295,mm,OK,--,5:01:56 PM,7/3/2025,
572,48.7,gf,2.300,mm,OK,--,5:01:57 PM,7/3/2025,
573,48.9,gf,2.305,mm,OK,--,5:01:57 PM,7/3/2025,
574,48.9,gf,2.305,mm,OK,--,5:01:57 PM,7/3/2025,
575,49.0,gf,2.310,mm,OK,--,5:01:57 PM,7/3/2025,
576,49.1,gf,2.310,mm,OK,--,5:01:57 PM,7/3/2025,
577,49.1,gf,2.310,mm,OK,--,5:01:57 PM,7/3/2025,
578,49.2,gf,2.315,mm,OK,--,5:01:57 PM,7/3/2025,
579,49.3,gf,2.315,mm,OK,--,5:01:57 PM,7/3/2025,
580,49.3,gf,2.320,mm,OK,--,5:01:57 PM,7/3/2025,
581,49.4,gf,2.320,mm,OK,--,5:01:57 PM,7/3/2025,
582,49.5,gf,2.320,mm,OK,--,5:01:58 PM,7/3/2025,
583,49.5,gf,2.325,mm,OK,--,5:01:58 PM,7/3/2025,
584,49.7,gf,2.330,mm,OK,--,5:01:58 PM,7/3/2025,
585,49.8,gf,2.335,mm,OK,--,5:01:58 PM,7/3/2025,
586,49.9,gf,2.340,mm,OK,--,5:01:58 PM,7/3/2025,
587,50.1,gf,2.345,mm,OK,--,5:01:58 PM,7/3/2025,
588,50.2,gf,2.350,mm,OK,--,5:01:58 PM,7/3/2025,
589,50.3,gf,2.355,mm,OK,--,5:01:58 PM,7/3/2025,
590,50.4,gf,2.360,mm,OK,--,5:01:58 PM,7/3/2025,
591,50.5,gf,2.365,mm,OK,--,5:01:58 PM,7/3/2025,
592,50.6,gf,2.365,mm,OK,--,5:01:59 PM,7/3/2025,
593,50.5,gf,2.370,mm,OK,--,5:01:59 PM,7/3/2025,
594,50.6,gf,2.375,mm,OK,--,5:01:59 PM,7/3/2025,
595,50.7,gf,2.375,mm,OK,--,5:01:59 PM,7/3/2025,
596,50.6,gf,2.380,mm,OK,--,5:01:59 PM,7/3/2025,
597,50.7,gf,2.380,mm,OK,--,5:01:59 PM,7/3/2025,
598,50.7,gf,2.385,mm,OK,--,5:01:59 PM,7/3/2025,
599,50.8,gf,2.385,mm,OK,--,5:01:59 PM,7/3/2025,
600,50.7,gf,2.390,mm,OK,--,5:01:59 PM,7/3/2025,
601,50.8,gf,2.390,mm,OK,--,5:01:59 PM,7/3/2025,
602,50.8,gf,2.395,mm,OK,--,5:02:00 PM,7/3/2025,
603,50.8,gf,2.395,mm,OK,--,5:02:00 PM,7/3/2025,
604,50.8,gf,2.400,mm,OK,--,5:02:00 PM,7/3/2025,
605,50.8,gf,2.405,mm,OK,--,5:02:00 PM,7/3/2025,
606,50.8,gf,2.405,mm,OK,--,5:02:00 PM,7/3/2025,
607,50.9,gf,2.410,mm,OK,--,5:02:00 PM,7/3/2025,
608,50.9,gf,2.410,mm,OK,--,5:02:00 PM,7/3/2025,
609,50.9,gf,2.415,mm,OK,--,5:02:00 PM,7/3/2025,
610,50.9,gf,2.420,mm,OK,--,5:02:00 PM,7/3/2025,
611,50.9,gf,2.420,mm,OK,--,5:02:00 PM,7/3/2025,
612,51.0,gf,2.425,mm,OK,--,5:02:01 PM,7/3/2025,
613,51.0,gf,2.425,mm,OK,--,5:02:01 PM,7/3/2025,
614,51.0,gf,2.430,mm,OK,--,5:02:01 PM,7/3/2025,
615,51.0,gf,2.430,mm,OK,--,5:02:01 PM,7/3/2025,
616,51.0,gf,2.435,mm,OK,--,5:02:01 PM,7/3/2025,
617,51.0,gf,2.440,mm,OK,--,5:02:01 PM,7/3/2025,
618,51.1,gf,2.440,mm,OK,--,5:02:01 PM,7/3/2025,
619,51.1,gf,2.445,mm,OK,--,5:02:01 PM,7/3/2025,
620,51.1,gf,2.450,mm,OK,--,5:02:01 PM,7/3/2025,
621,51.1,gf,2.455,mm,OK,--,5:02:01 PM,7/3/2025,
622,51.1,gf,2.455,mm,OK,--,5:02:02 PM,7/3/2025,
623,51.1,gf,2.460,mm,OK,--,5:02:02 PM,7/3/2025,
624,51.2,gf,2.465,mm,OK,--,5:02:02 PM,7/3/2025,
625,51.2,gf,2.465,mm,OK,--,5:02:02 PM,7/3/2025,
626,51.2,gf,2.470,mm,OK,--,5:02:02 PM,7/3/2025,
627,51.2,gf,2.470,mm,OK,--,5:02:02 PM,7/3/2025,
628,51.2,gf,2.475,mm,OK,--,5:02:02 PM,7/3/2025,
629,51.3,gf,2.480,mm,OK,--,5:02:02 PM,7/3/2025,
630,51.3,gf,2.480,mm,OK,--,5:02:02 PM,7/3/2025,
631,51.3,gf,2.485,mm,OK,--,5:02:02 PM,7/3/2025,
632,51.3,gf,2.485,mm,OK,--,5:02:03 PM,7/3/2025,
633,51.3,gf,2.490,mm,OK,--,5:02:03 PM,7/3/2025,
634,51.3,gf,2.490,mm,OK,--,5:02:03 PM,7/3/2025,
635,51.4,gf,2.495,mm,OK,--,5:02:03 PM,7/3/2025,
636,51.4,gf,2.495,mm,OK,--,5:02:03 PM,7/3/2025,
637,51.4,gf,2.500,mm,OK,--,5:02:03 PM,7/3/2025,
638,51.4,gf,2.500,mm,OK,--,5:02:03 PM,7/3/2025,
639,51.4,gf,2.500,mm,OK,--,5:02:03 PM,7/3/2025,
640,51.4,gf,2.505,mm,OK,--,5:02:03 PM,7/3/2025,
641,51.4,gf,2.510,mm,OK,--,5:02:03 PM,7/3/2025,
642,51.5,gf,2.510,mm,OK,--,5:02:04 PM,7/3/2025,
643,51.5,gf,2.515,mm,OK,--,5:02:04 PM,7/3/2025,
644,51.5,gf,2.515,mm,OK,--,5:02:04 PM,7/3/2025,
645,51.5,gf,2.520,mm,OK,--,5:02:04 PM,7/3/2025,
646,51.5,gf,2.525,mm,OK,--,5:02:04 PM,7/3/2025,
647,51.6,gf,2.525,mm,OK,--,5:02:04 PM,7/3/2025,
648,51.6,gf,2.530,mm,OK,--,5:02:04 PM,7/3/2025,
649,51.6,gf,2.530,mm,OK,--,5:02:04 PM,7/3/2025,
650,51.6,gf,2.535,mm,OK,--,5:02:04 PM,7/3/2025,
651,51.7,gf,2.535,mm,OK,--,5:02:04 PM,7/3/2025,
652,51.7,gf,2.540,mm,OK,--,5:02:05 PM,7/3/2025,
653,51.7,gf,2.545,mm,OK,--,5:02:05 PM,7/3/2025,
654,51.7,gf,2.550,mm,OK,--,5:02:05 PM,7/3/2025,
655,51.8,gf,2.555,mm,OK,--,5:02:05 PM,7/3/2025,
656,51.8,gf,2.560,mm,OK,--,5:02:05 PM,7/3/2025,
657,51.8,gf,2.565,mm,OK,--,5:02:05 PM,7/3/2025,
658,51.9,gf,2.570,mm,OK,--,5:02:05 PM,7/3/2025,
659,51.9,gf,2.575,mm,OK,--,5:02:05 PM,7/3/2025,
660,52.0,gf,2.580,mm,OK,--,5:02:05 PM,7/3/2025,
661,52.0,gf,2.585,mm,OK,--,5:02:05 PM,7/3/2025,
662,52.0,gf,2.590,mm,OK,--,5:02:06 PM,7/3/2025,
663,52.0,gf,2.595,mm,OK,--,5:02:06 PM,7/3/2025,
664,52.1,gf,2.600,mm,OK,--,5:02:06 PM,7/3/2025,
665,52.2,gf,2.600,mm,OK,--,5:02:06 PM,7/3/2025,
666,52.1,gf,2.605,mm,OK,--,5:02:06 PM,7/3/2025,
667,52.1,gf,2.610,mm,OK,--,5:02:06 PM,7/3/2025,
668,52.2,gf,2.615,mm,OK,--,5:02:06 PM,7/3/2025,
669,52.2,gf,2.620,mm,OK,--,5:02:06 PM,7/3/2025,
670,52.2,gf,2.620,mm,OK,--,5:02:06 PM,7/3/2025,
671,52.3,gf,2.625,mm,OK,--,5:02:06 PM,7/3/2025,
672,52.3,gf,2.630,mm,OK,--,5:02:07 PM,7/3/2025,
673,52.3,gf,2.635,mm,OK,--,5:02:07 PM,7/3/2025,
674,52.4,gf,2.645,mm,OK,--,5:02:07 PM,7/3/2025,
675,52.4,gf,2.650,mm,OK,--,5:02:07 PM,7/3/2025,
676,52.5,gf,2.655,mm,OK,--,5:02:07 PM,7/3/2025,
677,52.5,gf,2.665,mm,OK,--,5:02:07 PM,7/3/2025,
678,52.5,gf,2.665,mm,OK,--,5:02:07 PM,7/3/2025,
679,52.6,gf,2.670,mm,OK,--,5:02:07 PM,7/3/2025,
680,52.6,gf,2.675,mm,OK,--,5:02:07 PM,7/3/2025,
681,52.6,gf,2.680,mm,OK,--,5:02:07 PM,7/3/2025,
682,52.7,gf,2.685,mm,OK,--,5:02:08 PM,7/3/2025,
683,52.7,gf,2.690,mm,OK,--,5:02:08 PM,7/3/2025,
684,52.7,gf,2.690,mm,OK,--,5:02:08 PM,7/3/2025,
685,52.7,gf,2.695,mm,OK,--,5:02:08 PM,7/3/2025,
686,52.7,gf,2.700,mm,OK,--,5:02:08 PM,7/3/2025,
687,52.8,gf,2.705,mm,OK,--,5:02:08 PM,7/3/2025,
688,52.8,gf,2.710,mm,OK,--,5:02:08 PM,7/3/2025,
689,52.9,gf,2.715,mm,OK,--,5:02:08 PM,7/3/2025,
690,52.9,gf,2.720,mm,OK,--,5:02:08 PM,7/3/2025,
691,52.9,gf,2.730,mm,OK,--,5:02:08 PM,7/3/2025,
692,53.0,gf,2.730,mm,OK,--,5:02:09 PM,7/3/2025,
693,53.0,gf,2.735,mm,OK,--,5:02:09 PM,7/3/2025,
694,53.1,gf,2.740,mm,OK,--,5:02:09 PM,7/3/2025,
695,53.1,gf,2.745,mm,OK,--,5:02:09 PM,7/3/2025,
696,53.1,gf,2.750,mm,OK,--,5:02:09 PM,7/3/2025,
697,53.1,gf,2.755,mm,OK,--,5:02:09 PM,7/3/2025,
698,53.2,gf,2.760,mm,OK,--,5:02:09 PM,7/3/2025,
699,53.2,gf,2.765,mm,OK,--,5:02:09 PM,7/3/2025,
700,53.2,gf,2.770,mm,OK,--,5:02:09 PM,7/3/2025,
701,53.3,gf,2.770,mm,OK,--,5:02:09 PM,7/3/2025,
702,53.2,gf,2.775,mm,OK,--,5:02:10 PM,7/3/2025,
703,53.3,gf,2.780,mm,OK,--,5:02:10 PM,7/3/2025,
704,53.3,gf,2.785,mm,OK,--,5:02:10 PM,7/3/2025,
705,53.4,gf,2.785,mm,OK,--,5:02:10 PM,7/3/2025,
706,53.4,gf,2.790,mm,OK,--,5:02:10 PM,7/3/2025,
707,53.4,gf,2.795,mm,OK,--,5:02:10 PM,7/3/2025,
708,53.4,gf,2.800,mm,OK,--,5:02:10 PM,7/3/2025,
709,53.4,gf,2.800,mm,OK,--,5:02:10 PM,7/3/2025,
710,53.4,gf,2.805,mm,OK,--,5:02:10 PM,7/3/2025,
711,53.5,gf,2.810,mm,OK,--,5:02:10 PM,7/3/2025,
712,53.5,gf,2.815,mm,OK,--,5:02:11 PM,7/3/2025,
713,53.5,gf,2.815,mm,OK,--,5:02:11 PM,7/3/2025,
714,53.5,gf,2.820,mm,OK,--,5:02:11 PM,7/3/2025,
715,53.6,gf,2.820,mm,OK,--,5:02:11 PM,7/3/2025,
716,53.6,gf,2.825,mm,OK,--,5:02:11 PM,7/3/2025,
717,53.6,gf,2.830,mm,OK,--,5:02:11 PM,7/3/2025,
718,53.7,gf,2.830,mm,OK,--,5:02:11 PM,7/3/2025,
719,53.6,gf,2.835,mm,OK,--,5:02:11 PM,7/3/2025,
720,53.7,gf,2.835,mm,OK,--,5:02:11 PM,7/3/2025,
721,53.7,gf,2.840,mm,OK,--,5:02:11 PM,7/3/2025,
722,53.7,gf,2.845,mm,OK,--,5:02:12 PM,7/3/2025,
723,53.8,gf,2.845,mm,OK,--,5:02:12 PM,7/3/2025,
724,53.8,gf,2.850,mm,OK,--,5:02:12 PM,7/3/2025,
725,53.8,gf,2.855,mm,OK,--,5:02:12 PM,7/3/2025,
726,53.8,gf,2.860,mm,OK,--,5:02:12 PM,7/3/2025,
727,53.9,gf,2.865,mm,OK,--,5:02:12 PM,7/3/2025,
728,53.9,gf,2.870,mm,OK,--,5:02:12 PM,7/3/2025,
729,53.9,gf,2.875,mm,OK,--,5:02:12 PM,7/3/2025,
730,53.9,gf,2.880,mm,OK,--,5:02:12 PM,7/3/2025,
731,54.0,gf,2.885,mm,OK,--,5:02:12 PM,7/3/2025,
732,54.0,gf,2.890,mm,OK,--,5:02:13 PM,7/3/2025,
733,54.1,gf,2.895,mm,OK,--,5:02:13 PM,7/3/2025,
734,54.1,gf,2.900,mm,OK,--,5:02:13 PM,7/3/2025,
735,54.2,gf,2.910,mm,OK,--,5:02:13 PM,7/3/2025,
736,54.2,gf,2.920,mm,OK,--,5:02:13 PM,7/3/2025,
737,54.3,gf,2.935,mm,OK,--,5:02:13 PM,7/3/2025,
738,54.4,gf,2.950,mm,OK,--,5:02:13 PM,7/3/2025,
739,54.5,gf,2.955,mm,OK,--,5:02:13 PM,7/3/2025,
740,54.5,gf,2.960,mm,OK,--,5:02:13 PM,7/3/2025,
741,54.5,gf,2.965,mm,OK,--,5:02:13 PM,7/3/2025,
742,54.6,gf,2.975,mm,OK,--,5:02:14 PM,7/3/2025,
743,54.6,gf,2.975,mm,OK,--,5:02:14 PM,7/3/2025,
744,54.6,gf,2.980,mm,OK,--,5:02:14 PM,7/3/2025,
745,54.7,gf,2.985,mm,OK,--,5:02:14 PM,7/3/2025,
746,54.7,gf,2.990,mm,OK,--,5:02:14 PM,7/3/2025,
747,54.7,gf,2.990,mm,OK,--,5:02:14 PM,7/3/2025,
748,54.8,gf,2.995,mm,OK,--,5:02:14 PM,7/3/2025,
749,54.7,gf,3.000,mm,OK,--,5:02:14 PM,7/3/2025,
750,54.8,gf,3.000,mm,OK,--,5:02:14 PM,7/3/2025,
751,54.8,gf,3.005,mm,OK,--,5:02:14 PM,7/3/2025,
752,54.9,gf,3.010,mm,OK,--,5:02:15 PM,7/3/2025,
753,54.9,gf,3.015,mm,OK,--,5:02:15 PM,7/3/2025,
754,54.9,gf,3.015,mm,OK,--,5:02:15 PM,7/3/2025,
755,54.9,gf,3.020,mm,OK,--,5:02:15 PM,7/3/2025,
756,54.9,gf,3.020,mm,OK,--,5:02:15 PM,7/3/2025,
757,54.9,gf,3.025,mm,OK,--,5:02:15 PM,7/3/2025,
758,55.0,gf,3.025,mm,OK,--,5:02:15 PM,7/3/2025,
759,55.0,gf,3.030,mm,OK,--,5:02:15 PM,7/3/2025,
760,55.0,gf,3.030,mm,OK,--,5:02:15 PM,7/3/2025,
761,55.0,gf,3.035,mm,OK,--,5:02:15 PM,7/3/2025,
762,55.1,gf,3.040,mm,OK,--,5:02:16 PM,7/3/2025,
763,55.1,gf,3.040,mm,OK,--,5:02:16 PM,7/3/2025,
764,55.1,gf,3.045,mm,OK,--,5:02:16 PM,7/3/2025,
765,55.1,gf,3.050,mm,OK,--,5:02:16 PM,7/3/2025,
766,55.1,gf,3.050,mm,OK,--,5:02:16 PM,7/3/2025,
767,55.1,gf,3.055,mm,OK,--,5:02:16 PM,7/3/2025,
768,55.2,gf,3.060,mm,OK,--,5:02:16 PM,7/3/2025,
769,55.2,gf,3.065,mm,OK,--,5:02:16 PM,7/3/2025,
770,55.2,gf,3.070,mm,OK,--,5:02:16 PM,7/3/2025,
771,55.3,gf,3.070,mm,OK,--,5:02:16 PM,7/3/2025,
772,55.3,gf,3.075,mm,OK,--,5:02:17 PM,7/3/2025,
773,55.3,gf,3.075,mm,OK,--,5:02:17 PM,7/3/2025,
774,55.3,gf,3.080,mm,OK,--,5:02:17 PM,7/3/2025,
775,55.4,gf,3.085,mm,OK,--,5:02:17 PM,7/3/2025,
776,55.4,gf,3.090,mm,OK,--,5:02:17 PM,7/3/2025,
777,55.4,gf,3.095,mm,OK,--,5:02:17 PM,7/3/2025,
778,55.5,gf,3.095,mm,OK,--,5:02:17 PM,7/3/2025,
779,55.5,gf,3.100,mm,OK,--,5:02:17 PM,7/3/2025,
780,55.5,gf,3.110,mm,OK,--,5:02:17 PM,7/3/2025,
781,55.6,gf,3.120,mm,OK,--,5:02:17 PM,7/3/2025,
782,55.6,gf,3.130,mm,OK,--,5:02:18 PM,7/3/2025,
783,55.7,gf,3.140,mm,OK,--,5:02:18 PM,7/3/2025,
784,55.8,gf,3.145,mm,OK,--,5:02:18 PM,7/3/2025,
785,55.7,gf,3.150,mm,OK,--,5:02:18 PM,7/3/2025,
786,55.9,gf,3.155,mm,OK,--,5:02:18 PM,7/3/2025,
787,55.9,gf,3.165,mm,OK,--,5:02:18 PM,7/3/2025,
788,55.9,gf,3.175,mm,OK,--,5:02:18 PM,7/3/2025,
789,56.0,gf,3.180,mm,OK,--,5:02:18 PM,7/3/2025,
790,56.0,gf,3.185,mm,OK,--,5:02:18 PM,7/3/2025,
791,56.1,gf,3.195,mm,OK,--,5:02:18 PM,7/3/2025,
792,56.2,gf,3.200,mm,OK,--,5:02:19 PM,7/3/2025,
793,56.2,gf,3.200,mm,OK,--,5:02:19 PM,7/3/2025,
794,56.2,gf,3.205,mm,OK,--,5:02:19 PM,7/3/2025,
795,56.2,gf,3.210,mm,OK,--,5:02:19 PM,7/3/2025,
796,56.2,gf,3.210,mm,OK,--,5:02:19 PM,7/3/2025,
797,56.2,gf,3.215,mm,OK,--,5:02:19 PM,7/3/2025,
798,56.3,gf,3.215,mm,OK,--,5:02:19 PM,7/3/2025,
799,56.3,gf,3.220,mm,OK,--,5:02:19 PM,7/3/2025,
800,56.3,gf,3.220,mm,OK,--,5:02:19 PM,7/3/2025,
801,56.3,gf,3.225,mm,OK,--,5:02:19 PM,7/3/2025,
802,56.3,gf,3.225,mm,OK,--,5:02:20 PM,7/3/2025,
803,56.4,gf,3.230,mm,OK,--,5:02:20 PM,7/3/2025,
804,56.3,gf,3.230,mm,OK,--,5:02:20 PM,7/3/2025,
805,56.3,gf,3.235,mm,OK,--,5:02:20 PM,7/3/2025,
806,56.4,gf,3.235,mm,OK,--,5:02:20 PM,7/3/2025,
807,56.4,gf,3.235,mm,OK,--,5:02:20 PM,7/3/2025,
808,56.4,gf,3.240,mm,OK,--,5:02:20 PM,7/3/2025,
809,56.4,gf,3.240,mm,OK,--,5:02:20 PM,7/3/2025,
810,56.4,gf,3.245,mm,OK,--,5:02:20 PM,7/3/2025,
811,56.5,gf,3.245,mm,OK,--,5:02:20 PM,7/3/2025,
812,56.5,gf,3.250,mm,OK,--,5:02:21 PM,7/3/2025,
813,56.5,gf,3.250,mm,OK,--,5:02:21 PM,7/3/2025,
814,56.5,gf,3.250,mm,OK,--,5:02:21 PM,7/3/2025,
815,56.5,gf,3.255,mm,OK,--,5:02:21 PM,7/3/2025,
816,56.5,gf,3.255,mm,OK,--,5:02:21 PM,7/3/2025,
817,56.5,gf,3.260,mm,OK,--,5:02:21 PM,7/3/2025,
818,56.5,gf,3.265,mm,OK,--,5:02:21 PM,7/3/2025,
819,56.6,gf,3.265,mm,OK,--,5:02:21 PM,7/3/2025,
820,56.6,gf,3.270,mm,OK,--,5:02:21 PM,7/3/2025,
821,56.6,gf,3.270,mm,OK,--,5:02:21 PM,7/3/2025,
822,56.6,gf,3.275,mm,OK,--,5:02:22 PM,7/3/2025,
823,56.6,gf,3.275,mm,OK,--,5:02:22 PM,7/3/2025,
824,56.7,gf,3.280,mm,OK,--,5:02:22 PM,7/3/2025,
825,56.7,gf,3.280,mm,OK,--,5:02:22 PM,7/3/2025,
826,56.7,gf,3.285,mm,OK,--,5:02:22 PM,7/3/2025,
827,56.8,gf,3.285,mm,OK,--,5:02:22 PM,7/3/2025,
828,56.7,gf,3.285,mm,OK,--,5:02:22 PM,7/3/2025,
829,56.7,gf,3.290,mm,OK,--,5:02:22 PM,7/3/2025,
830,56.7,gf,3.290,mm,OK,--,5:02:22 PM,7/3/2025,
831,56.8,gf,3.295,mm,OK,--,5:02:22 PM,7/3/2025,
832,56.8,gf,3.295,mm,OK,--,5:02:23 PM,7/3/2025,
833,56.8,gf,3.295,mm,OK,--,5:02:23 PM,7/3/2025,
834,56.8,gf,3.300,mm,OK,--,5:02:23 PM,7/3/2025,
835,56.8,gf,3.300,mm,OK,--,5:02:23 PM,7/3/2025,
836,56.8,gf,3.305,mm,OK,--,5:02:23 PM,7/3/2025,
837,56.9,gf,3.305,mm,OK,--,5:02:23 PM,7/3/2025,
838,56.9,gf,3.305,mm,OK,--,5:02:23 PM,7/3/2025,
839,56.9,gf,3.310,mm,OK,--,5:02:23 PM,7/3/2025,
840,56.9,gf,3.310,mm,OK,--,5:02:23 PM,7/3/2025,
841,56.9,gf,3.310,mm,OK,--,5:02:23 PM,7/3/2025,
842,56.9,gf,3.310,mm,OK,--,5:02:24 PM,7/3/2025,
843,56.9,gf,3.310,mm,OK,--,5:02:24 PM,7/3/2025,
844,56.9,gf,3.310,mm,OK,--,5:02:24 PM,7/3/2025,
845,56.8,gf,3.310,mm,OK,--,5:02:24 PM,7/3/2025,
846,56.9,gf,3.315,mm,OK,--,5:02:24 PM,7/3/2025,
847,56.9,gf,3.315,mm,OK,--,5:02:24 PM,7/3/2025,
848,56.9,gf,3.315,mm,OK,--,5:02:24 PM,7/3/2025,
849,56.9,gf,3.320,mm,OK,--,5:02:24 PM,7/3/2025,
850,57.0,gf,3.325,mm,OK,--,5:02:24 PM,7/3/2025,
851,57.0,gf,3.330,mm,OK,--,5:02:24 PM,7/3/2025,
852,57.0,gf,3.335,mm,OK,--,5:02:25 PM,7/3/2025,
853,57.1,gf,3.340,mm,OK,--,5:02:25 PM,7/3/2025,
854,57.1,gf,3.345,mm,OK,--,5:02:25 PM,7/3/2025,
855,57.2,gf,3.350,mm,OK,--,5:02:25 PM,7/3/2025,
856,57.2,gf,3.355,mm,OK,--,5:02:25 PM,7/3/2025,
857,57.2,gf,3.360,mm,OK,--,5:02:25 PM,7/3/2025,
858,57.3,gf,3.365,mm,OK,--,5:02:25 PM,7/3/2025,
859,57.3,gf,3.370,mm,OK,--,5:02:25 PM,7/3/2025,
860,57.3,gf,3.375,mm,OK,--,5:02:25 PM,7/3/2025,
861,57.4,gf,3.380,mm,OK,--,5:02:25 PM,7/3/2025,
862,57.5,gf,3.385,mm,OK,--,5:02:26 PM,7/3/2025,
863,57.5,gf,3.395,mm,OK,--,5:02:26 PM,7/3/2025,
864,57.5,gf,3.400,mm,OK,--,5:02:26 PM,7/3/2025,
865,57.6,gf,3.410,mm,OK,--,5:02:26 PM,7/3/2025,
866,57.6,gf,3.420,mm,OK,--,5:02:26 PM,7/3/2025,
867,57.7,gf,3.425,mm,OK,--,5:02:26 PM,7/3/2025,
868,57.7,gf,3.430,mm,OK,--,5:02:26 PM,7/3/2025,
869,57.8,gf,3.440,mm,OK,--,5:02:26 PM,7/3/2025,
870,57.8,gf,3.445,mm,OK,--,5:02:26 PM,7/3/2025,
871,57.8,gf,3.450,mm,OK,--,5:02:26 PM,7/3/2025,
872,57.9,gf,3.460,mm,OK,--,5:02:27 PM,7/3/2025,
873,58.0,gf,3.470,mm,OK,--,5:02:27 PM,7/3/2025,
874,58.0,gf,3.475,mm,OK,--,5:02:27 PM,7/3/2025,
875,58.1,gf,3.490,mm,OK,--,5:02:27 PM,7/3/2025,
876,58.2,gf,3.500,mm,OK,--,5:02:27 PM,7/3/2025,
877,58.2,gf,3.505,mm,OK,--,5:02:27 PM,7/3/2025,
878,58.3,gf,3.520,mm,OK,--,5:02:27 PM,7/3/2025,
879,58.4,gf,3.535,mm,OK,--,5:02:27 PM,7/3/2025,
880,58.5,gf,3.545,mm,OK,--,5:02:27 PM,7/3/2025,
881,58.6,gf,3.555,mm,OK,--,5:02:27 PM,7/3/2025,
882,58.6,gf,3.560,mm,OK,--,5:02:28 PM,7/3/2025,
883,58.7,gf,3.570,mm,OK,--,5:02:28 PM,7/3/2025,
884,58.7,gf,3.575,mm,OK,--,5:02:28 PM,7/3/2025,
885,58.8,gf,3.585,mm,OK,--,5:02:28 PM,7/3/2025,
886,58.9,gf,3.605,mm,OK,--,5:02:28 PM,7/3/2025,
887,59.0,gf,3.615,mm,OK,--,5:02:28 PM,7/3/2025,
888,59.0,gf,3.625,mm,OK,--,5:02:28 PM,7/3/2025,
889,59.1,gf,3.630,mm,OK,--,5:02:28 PM,7/3/2025,
890,59.1,gf,3.640,mm,OK,--,5:02:28 PM,7/3/2025,
891,59.2,gf,3.645,mm,OK,--,5:02:28 PM,7/3/2025,
892,59.2,gf,3.650,mm,OK,--,5:02:29 PM,7/3/2025,
893,59.2,gf,3.655,mm,OK,--,5:02:29 PM,7/3/2025,
894,59.3,gf,3.660,mm,OK,--,5:02:29 PM,7/3/2025,
895,59.3,gf,3.670,mm,OK,--,5:02:29 PM,7/3/2025,
896,59.4,gf,3.675,mm,OK,--,5:02:29 PM,7/3/2025,
897,59.5,gf,3.680,mm,OK,--,5:02:29 PM,7/3/2025,
898,59.5,gf,3.690,mm,OK,--,5:02:29 PM,7/3/2025,
899,59.6,gf,3.700,mm,OK,--,5:02:29 PM,7/3/2025,
900,59.7,gf,3.710,mm,OK,--,5:02:29 PM,7/3/2025,
901,59.7,gf,3.715,mm,OK,--,5:02:29 PM,7/3/2025,
902,59.7,gf,3.720,mm,OK,--,5:02:30 PM,7/3/2025,
903,59.7,gf,3.725,mm,OK,--,5:02:30 PM,7/3/2025,
904,59.8,gf,3.730,mm,OK,--,5:02:30 PM,7/3/2025,
905,59.8,gf,3.730,mm,OK,--,5:02:30 PM,7/3/2025,
906,59.8,gf,3.735,mm,OK,--,5:02:30 PM,7/3/2025,
907,59.8,gf,3.735,mm,OK,--,5:02:30 PM,7/3/2025,
908,59.8,gf,3.740,mm,OK,--,5:02:30 PM,7/3/2025,
909,59.9,gf,3.740,mm,OK,--,5:02:30 PM,7/3/2025,
910,59.9,gf,3.745,mm,OK,--,5:02:30 PM,7/3/2025,
911,59.9,gf,3.750,mm,OK,--,5:02:30 PM,7/3/2025,
912,59.9,gf,3.750,mm,OK,--,5:02:31 PM,7/3/2025,
913,59.9,gf,3.755,mm,OK,--,5:02:31 PM,7/3/2025,
914,60.0,gf,3.760,mm,OK,--,5:02:31 PM,7/3/2025,
915,60.1,gf,3.770,mm,OK,--,5:02:31 PM,7/3/2025,
916,60.1,gf,3.775,mm,OK,--,5:02:31 PM,7/3/2025,
917,60.1,gf,3.780,mm,OK,--,5:02:31 PM,7/3/2025,
918,60.2,gf,3.790,mm,OK,--,5:02:31 PM,7/3/2025,
919,60.2,gf,3.800,mm,OK,--,5:02:31 PM,7/3/2025,
920,60.3,gf,3.805,mm,OK,--,5:02:31 PM,7/3/2025,
921,60.4,gf,3.815,mm,OK,--,5:02:31 PM,7/3/2025,
922,60.5,gf,3.830,mm,OK,--,5:02:32 PM,7/3/2025,
923,60.6,gf,3.835,mm,OK,--,5:02:32 PM,7/3/2025,
924,60.6,gf,3.840,mm,OK,--,5:02:32 PM,7/3/2025,
925,60.6,gf,3.850,mm,OK,--,5:02:32 PM,7/3/2025,
926,60.6,gf,3.855,mm,OK,--,5:02:32 PM,7/3/2025,
927,60.7,gf,3.860,mm,OK,--,5:02:32 PM,7/3/2025,
928,60.7,gf,3.865,mm,OK,--,5:02:32 PM,7/3/2025,
929,60.8,gf,3.865,mm,OK,--,5:02:32 PM,7/3/2025,
930,60.8,gf,3.870,mm,OK,--,5:02:32 PM,7/3/2025,
931,60.8,gf,3.875,mm,OK,--,5:02:32 PM,7/3/2025,
932,60.9,gf,3.880,mm,OK,--,5:02:33 PM,7/3/2025,
933,60.9,gf,3.885,mm,OK,--,5:02:33 PM,7/3/2025,
934,60.9,gf,3.890,mm,OK,--,5:02:33 PM,7/3/2025,
935,61.0,gf,3.900,mm,OK,--,5:02:33 PM,7/3/2025,
936,61.0,gf,3.905,mm,OK,--,5:02:33 PM,7/3/2025,
937,61.0,gf,3.910,mm,OK,--,5:02:33 PM,7/3/2025,
938,61.1,gf,3.915,mm,OK,--,5:02:33 PM,7/3/2025,
939,61.2,gf,3.920,mm,OK,--,5:02:33 PM,7/3/2025,
940,61.2,gf,3.925,mm,OK,--,5:02:33 PM,7/3/2025,
941,61.2,gf,3.930,mm,OK,--,5:02:33 PM,7/3/2025,
942,61.3,gf,3.930,mm,OK,--,5:02:34 PM,7/3/2025,
943,61.2,gf,3.935,mm,OK,--,5:02:34 PM,7/3/2025,
944,61.3,gf,3.940,mm,OK,--,5:02:34 PM,7/3/2025,
945,61.3,gf,3.945,mm,OK,--,5:02:34 PM,7/3/2025,
946,61.3,gf,3.945,mm,OK,--,5:02:34 PM,7/3/2025,
947,61.3,gf,3.950,mm,OK,--,5:02:34 PM,7/3/2025,
948,61.4,gf,3.950,mm,OK,--,5:02:34 PM,7/3/2025,
949,61.4,gf,3.955,mm,OK,--,5:02:34 PM,7/3/2025,
950,61.4,gf,3.955,mm,OK,--,5:02:34 PM,7/3/2025,
951,61.4,gf,3.960,mm,OK,--,5:02:34 PM,7/3/2025,
952,61.4,gf,3.965,mm,OK,--,5:02:35 PM,7/3/2025,
953,61.5,gf,3.970,mm,OK,--,5:02:35 PM,7/3/2025,
954,61.5,gf,3.970,mm,OK,--,5:02:35 PM,7/3/2025,
955,61.5,gf,3.975,mm,OK,--,5:02:35 PM,7/3/2025,
956,61.6,gf,3.980,mm,OK,--,5:02:35 PM,7/3/2025,
957,61.6,gf,3.985,mm,OK,--,5:02:35 PM,7/3/2025,
958,61.6,gf,3.990,mm,OK,--,5:02:35 PM,7/3/2025,
959,61.7,gf,3.995,mm,OK,--,5:02:35 PM,7/3/2025,
960,61.7,gf,4.000,mm,OK,--,5:02:35 PM,7/3/2025,
961,61.7,gf,4.005,mm,OK,--,5:02:35 PM,7/3/2025,
962,61.8,gf,4.005,mm,OK,--,5:02:36 PM,7/3/2025,
963,61.8,gf,4.010,mm,OK,--,5:02:36 PM,7/3/2025,
964,61.8,gf,4.015,mm,OK,--,5:02:36 PM,7/3/2025,
965,61.9,gf,4.015,mm,OK,--,5:02:36 PM,7/3/2025,
966,61.8,gf,4.020,mm,OK,--,5:02:36 PM,7/3/2025,
967,61.8,gf,4.020,mm,OK,--,5:02:36 PM,7/3/2025,
968,61.9,gf,4.025,mm,OK,--,5:02:36 PM,7/3/2025,
969,61.9,gf,4.030,mm,OK,--,5:02:36 PM,7/3/2025,
970,61.9,gf,4.030,mm,OK,--,5:02:36 PM,7/3/2025,
971,62.0,gf,4.035,mm,OK,--,5:02:36 PM,7/3/2025,
972,62.0,gf,4.035,mm,OK,--,5:02:37 PM,7/3/2025,
973,62.0,gf,4.040,mm,OK,--,5:02:37 PM,7/3/2025,
974,62.0,gf,4.045,mm,OK,--,5:02:37 PM,7/3/2025,
975,62.0,gf,4.045,mm,OK,--,5:02:37 PM,7/3/2025,
976,62.1,gf,4.050,mm,OK,--,5:02:37 PM,7/3/2025,
977,62.1,gf,4.050,mm,OK,--,5:02:37 PM,7/3/2025,
978,62.1,gf,4.055,mm,OK,--,5:02:37 PM,7/3/2025,
979,62.2,gf,4.060,mm,OK,--,5:02:37 PM,7/3/2025,
980,62.2,gf,4.065,mm,OK,--,5:02:37 PM,7/3/2025,
981,62.2,gf,4.070,mm,OK,--,5:02:37 PM,7/3/2025,
982,62.2,gf,4.075,mm,OK,--,5:02:38 PM,7/3/2025,
983,62.3,gf,4.075,mm,OK,--,5:02:38 PM,7/3/2025,
984,62.3,gf,4.085,mm,OK,--,5:02:38 PM,7/3/2025,
985,62.3,gf,4.090,mm,OK,--,5:02:38 PM,7/3/2025,
986,62.4,gf,4.095,mm,OK,--,5:02:38 PM,7/3/2025,
987,62.4,gf,4.100,mm,OK,--,5:02:38 PM,7/3/2025,
988,62.5,gf,4.105,mm,OK,--,5:02:38 PM,7/3/2025,
989,62.5,gf,4.115,mm,OK,--,5:02:38 PM,7/3/2025,
990,62.6,gf,4.120,mm,OK,--,5:02:38 PM,7/3/2025,
991,62.6,gf,4.125,mm,OK,--,5:02:38 PM,7/3/2025,
992,63.7,gf,4.130,mm,OK,--,5:02:39 PM,7/3/2025,
993,66.0,gf,4.135,mm,OK,--,5:02:39 PM,7/3/2025,
994,69.3,gf,4.140,mm,OK,--,5:02:39 PM,7/3/2025,
995,72.6,gf,4.145,mm,OK,--,5:02:39 PM,7/3/2025,
996,75.7,gf,4.150,mm,OK,--,5:02:39 PM,7/3/2025,
997,78.3,gf,4.150,mm,OK,--,5:02:39 PM,7/3/2025,
998,81.0,gf,4.155,mm,OK,--,5:02:39 PM,7/3/2025,
999,83.2,gf,4.155,mm,OK,--,5:02:39 PM,7/3/2025,
1000,85.4,gf,4.160,mm,OK,--,5:02:39 PM,7/3/2025,
1001,87.9,gf,4.160,mm,OK,--,5:02:39 PM,7/3/2025,
1002,90.2,gf,4.165,mm,OK,--,5:02:40 PM,7/3/2025,
1003,92.2,gf,4.165,mm,OK,--,5:02:40 PM,7/3/2025,
1004,94.3,gf,4.170,mm,OK,--,5:02:40 PM,7/3/2025,
1005,96.8,gf,4.170,mm,OK,--,5:02:40 PM,7/3/2025,
1006,99.3,gf,4.175,mm,OK,--,5:02:40 PM,7/3/2025,
1007,101.5,gf,4.180,mm,OK,--,5:02:40 PM,7/3/2025,
1008,103.9,gf,4.180,mm,OK,--,5:02:40 PM,7/3/2025,
1009,105.9,gf,4.185,mm,OK,--,5:02:40 PM,7/3/2025,
1010,107.6,gf,4.185,mm,OK,--,5:02:40 PM,7/3/2025,
1011,109.8,gf,4.185,mm,OK,--,5:02:40 PM,7/3/2025,
1012,112.7,gf,4.190,mm,OK,--,5:02:41 PM,7/3/2025,
1013,115.6,gf,4.195,mm,OK,--,5:02:41 PM,7/3/2025,
1014,118.3,gf,4.200,mm,OK,--,5:02:41 PM,7/3/2025,
1015,121.1,gf,4.200,mm,OK,--,5:02:41 PM,7/3/2025,
1016,124.2,gf,4.205,mm,OK,--,5:02:41 PM,7/3/2025,
1017,127.6,gf,4.210,mm,OK,--,5:02:41 PM,7/3/2025,
1018,131.0,gf,4.210,mm,OK,--,5:02:41 PM,7/3/2025,
1019,134.3,gf,4.215,mm,OK,--,5:02:41 PM,7/3/2025,
1020,138.0,gf,4.220,mm,OK,--,5:02:41 PM,7/3/2025,
1021,141.7,gf,4.225,mm,OK,--,5:02:41 PM,7/3/2025,
1022,145.5,gf,4.230,mm,OK,--,5:02:42 PM,7/3/2025,
1023,149.2,gf,4.235,mm,OK,--,5:02:42 PM,7/3/2025,
1024,152.6,gf,4.235,mm,OK,--,5:02:42 PM,7/3/2025,
1025,155.8,gf,4.240,mm,OK,--,5:02:42 PM,7/3/2025,
1026,158.5,gf,4.245,mm,OK,--,5:02:42 PM,7/3/2025,
1027,161.0,gf,4.245,mm,OK,--,5:02:42 PM,7/3/2025,
1028,164.7,gf,4.250,mm,OK,--,5:02:42 PM,7/3/2025,
1029,168.0,gf,4.255,mm,OK,--,5:02:42 PM,7/3/2025,
1030,151.5,gf,4.260,mm,OK,--,5:02:42 PM,7/3/2025,
1031,156.6,gf,4.265,mm,OK,--,5:02:42 PM,7/3/2025,
1032,161.2,gf,4.270,mm,OK,--,5:02:43 PM,7/3/2025,
1033,164.5,gf,4.275,mm,OK,--,5:02:43 PM,7/3/2025,
1034,167.6,gf,4.275,mm,OK,--,5:02:43 PM,7/3/2025,
1035,170.9,gf,4.280,mm,OK,--,5:02:43 PM,7/3/2025,
1036,174.1,gf,4.285,mm,OK,--,5:02:43 PM,7/3/2025,
1037,177.1,gf,4.285,mm,OK,--,5:02:43 PM,7/3/2025,
1038,179.6,gf,4.290,mm,OK,--,5:02:43 PM,7/3/2025,
1039,181.7,gf,4.290,mm,OK,--,5:02:43 PM,7/3/2025,
1040,183.9,gf,4.295,mm,OK,--,5:02:43 PM,7/3/2025,
1041,186.0,gf,4.295,mm,OK,--,5:02:43 PM,7/3/2025,
1042,187.9,gf,4.295,mm,OK,--,5:02:44 PM,7/3/2025,
1043,189.9,gf,4.300,mm,OK,--,5:02:44 PM,7/3/2025,
1044,192.0,gf,4.300,mm,OK,--,5:02:44 PM,7/3/2025,
1045,193.9,gf,4.305,mm,OK,--,5:02:44 PM,7/3/2025,
1046,194.8,gf,4.305,mm,OK,--,5:02:44 PM,7/3/2025,
1047,195.0,gf,4.305,mm,OK,--,5:02:44 PM,7/3/2025,
1048,194.8,gf,4.305,mm,OK,--,5:02:44 PM,7/3/2025,
1049,194.7,gf,4.305,mm,OK,--,5:02:44 PM,7/3/2025,
1050,194.5,gf,4.305,mm,OK,--,5:02:44 PM,7/3/2025,
1051,194.5,gf,4.305,mm,OK,--,5:02:44 PM,7/3/2025,
1052,194.5,gf,4.305,mm,OK,--,5:02:45 PM,7/3/2025,
1053,194.4,gf,4.305,mm,OK,--,5:02:45 PM,7/3/2025,
1054,194.4,gf,4.305,mm,OK,--,5:02:45 PM,7/3/2025,
1055,194.4,gf,4.305,mm,OK,--,5:02:45 PM,7/3/2025,
1056,194.3,gf,4.305,mm,OK,--,5:02:45 PM,7/3/2025,
1057,194.3,gf,4.305,mm,OK,--,5:02:45 PM,7/3/2025,
1058,194.3,gf,4.305,mm,OK,--,5:02:45 PM,7/3/2025,
1059,194.3,gf,4.305,mm,OK,--,5:02:45 PM,7/3/2025,
1060,194.2,gf,4.305,mm,OK,--,5:02:45 PM,7/3/2025,
1061,194.1,gf,4.305,mm,OK,--,5:02:45 PM,7/3/2025,
1062,193.9,gf,4.305,mm,OK,--,5:02:46 PM,7/3/2025,
1063,193.6,gf,4.305,mm,OK,--,5:02:46 PM,7/3/2025,
1064,193.4,gf,4.305,mm,OK,--,5:02:46 PM,7/3/2025,
1065,193.3,gf,4.305,mm,OK,--,5:02:46 PM,7/3/2025,
1066,193.1,gf,4.305,mm,OK,--,5:02:46 PM,7/3/2025,
1067,192.4,gf,4.305,mm,OK,--,5:02:46 PM,7/3/2025,
1068,191.9,gf,4.305,mm,OK,--,5:02:46 PM,7/3/2025,
1069,191.8,gf,4.305,mm,OK,--,5:02:46 PM,7/3/2025,
1070,191.0,gf,4.305,mm,OK,--,5:02:46 PM,7/3/2025,
1071,190.3,gf,4.300,mm,OK,--,5:02:46 PM,7/3/2025,
1072,189.8,gf,4.300,mm,OK,--,5:02:47 PM,7/3/2025,
1073,189.5,gf,4.300,mm,OK,--,5:02:47 PM,7/3/2025,
1074,189.2,gf,4.300,mm,OK,--,5:02:47 PM,7/3/2025,
1075,188.8,gf,4.300,mm,OK,--,5:02:47 PM,7/3/2025,
1076,188.6,gf,4.300,mm,OK,--,5:02:47 PM,7/3/2025,
1077,188.4,gf,4.300,mm,OK,--,5:02:47 PM,7/3/2025,
1078,187.9,gf,4.300,mm,OK,--,5:02:47 PM,7/3/2025,
1079,187.0,gf,4.300,mm,OK,--,5:02:47 PM,7/3/2025,
1080,186.1,gf,4.300,mm,OK,--,5:02:47 PM,7/3/2025,
1081,185.3,gf,4.300,mm,OK,--,5:02:47 PM,7/3/2025,
1082,184.4,gf,4.295,mm,OK,--,5:02:48 PM,7/3/2025,
1083,183.1,gf,4.295,mm,OK,--,5:02:48 PM,7/3/2025,
1084,182.4,gf,4.295,mm,OK,--,5:02:48 PM,7/3/2025,
1085,181.5,gf,4.295,mm,OK,--,5:02:48 PM,7/3/2025,
1086,180.1,gf,4.295,mm,OK,--,5:02:48 PM,7/3/2025,
1087,178.8,gf,4.290,mm,OK,--,5:02:48 PM,7/3/2025,
1088,177.7,gf,4.290,mm,OK,--,5:02:48 PM,7/3/2025,
1089,176.6,gf,4.290,mm,OK,--,5:02:48 PM,7/3/2025,
1090,175.8,gf,4.290,mm,OK,--,5:02:48 PM,7/3/2025,
1091,174.9,gf,4.290,mm,OK,--,5:02:48 PM,7/3/2025,
1092,174.3,gf,4.285,mm,OK,--,5:02:49 PM,7/3/2025,
1093,173.6,gf,4.285,mm,OK,--,5:02:49 PM,7/3/2025,
1094,173.0,gf,4.285,mm,OK,--,5:02:49 PM,7/3/2025,
1095,172.5,gf,4.285,mm,OK,--,5:02:49 PM,7/3/2025,
1096,172.2,gf,4.285,mm,OK,--,5:02:49 PM,7/3/2025,
1097,171.8,gf,4.285,mm,OK,--,5:02:49 PM,7/3/2025,
1098,171.3,gf,4.285,mm,OK,--,5:02:49 PM,7/3/2025,
1099,170.7,gf,4.285,mm,OK,--,5:02:49 PM,7/3/2025,
1100,170.2,gf,4.285,mm,OK,--,5:02:49 PM,7/3/2025,
1101,169.8,gf,4.285,mm,OK,--,5:02:49 PM,7/3/2025,
1102,169.5,gf,4.280,mm,OK,--,5:02:50 PM,7/3/2025,
1103,169.3,gf,4.280,mm,OK,--,5:02:50 PM,7/3/2025,
1104,169.1,gf,4.280,mm,OK,--,5:02:50 PM,7/3/2025,
1105,168.8,gf,4.280,mm,OK,--,5:02:50 PM,7/3/2025,
1106,168.6,gf,4.280,mm,OK,--,5:02:50 PM,7/3/2025,
1107,168.4,gf,4.280,mm,OK,--,5:02:50 PM,7/3/2025,
1108,168.2,gf,4.280,mm,OK,--,5:02:50 PM,7/3/2025,
1109,167.9,gf,4.280,mm,OK,--,5:02:50 PM,7/3/2025,
1110,167.6,gf,4.280,mm,OK,--,5:02:50 PM,7/3/2025,
1111,167.1,gf,4.280,mm,OK,--,5:02:50 PM,7/3/2025,
1112,166.8,gf,4.280,mm,OK,--,5:02:51 PM,7/3/2025,
1113,166.5,gf,4.280,mm,OK,--,5:02:51 PM,7/3/2025,
1114,166.0,gf,4.280,mm,OK,--,5:02:51 PM,7/3/2025,
1115,165.6,gf,4.280,mm,OK,--,5:02:51 PM,7/3/2025,
1116,165.1,gf,4.280,mm,OK,--,5:02:51 PM,7/3/2025,
1117,164.5,gf,4.280,mm,OK,--,5:02:51 PM,7/3/2025,
1118,164.0,gf,4.275,mm,OK,--,5:02:51 PM,7/3/2025,
1119,163.6,gf,4.275,mm,OK,--,5:02:51 PM,7/3/2025,
1120,163.3,gf,4.275,mm,OK,--,5:02:51 PM,7/3/2025,
1121,163.1,gf,4.275,mm,OK,--,5:02:51 PM,7/3/2025,
1122,162.9,gf,4.275,mm,OK,--,5:02:52 PM,7/3/2025,
1123,162.7,gf,4.275,mm,OK,--,5:02:52 PM,7/3/2025,
1124,162.4,gf,4.275,mm,OK,--,5:02:52 PM,7/3/2025,
1125,162.1,gf,4.275,mm,OK,--,5:02:52 PM,7/3/2025,
1126,161.8,gf,4.275,mm,OK,--,5:02:52 PM,7/3/2025,
1127,161.4,gf,4.275,mm,OK,--,5:02:52 PM,7/3/2025,
1128,160.5,gf,4.275,mm,OK,--,5:02:52 PM,7/3/2025,
1129,159.6,gf,4.275,mm,OK,--,5:02:52 PM,7/3/2025,
1130,158.8,gf,4.270,mm,OK,--,5:02:52 PM,7/3/2025,
1131,158.0,gf,4.270,mm,OK,--,5:02:52 PM,7/3/2025,
1132,157.5,gf,4.270,mm,OK,--,5:02:53 PM,7/3/2025,
1133,157.1,gf,4.270,mm,OK,--,5:02:53 PM,7/3/2025,
1134,156.7,gf,4.270,mm,OK,--,5:02:53 PM,7/3/2025,
1135,156.4,gf,4.270,mm,OK,--,5:02:53 PM,7/3/2025,
1136,156.0,gf,4.270,mm,OK,--,5:02:53 PM,7/3/2025,
1137,155.8,gf,4.270,mm,OK,--,5:02:53 PM,7/3/2025,
1138,155.5,gf,4.270,mm,OK,--,5:02:53 PM,7/3/2025,
1139,155.3,gf,4.270,mm,OK,--,5:02:53 PM,7/3/2025,
1140,155.0,gf,4.270,mm,OK,--,5:02:53 PM,7/3/2025,
1141,154.8,gf,4.270,mm,OK,--,5:02:53 PM,7/3/2025,
1142,154.5,gf,4.270,mm,OK,--,5:02:54 PM,7/3/2025,
1143,154.4,gf,4.265,mm,OK,--,5:02:54 PM,7/3/2025,
1144,154.1,gf,4.265,mm,OK,--,5:02:54 PM,7/3/2025,
1145,153.7,gf,4.265,mm,OK,--,5:02:54 PM,7/3/2025,
1146,153.3,gf,4.265,mm,OK,--,5:02:54 PM,7/3/2025,
1147,152.9,gf,4.265,mm,OK,--,5:02:54 PM,7/3/2025,
1148,152.4,gf,4.265,mm,OK,--,5:02:54 PM,7/3/2025,
1149,151.7,gf,4.265,mm,OK,--,5:02:54 PM,7/3/2025,
1150,151.2,gf,4.265,mm,OK,--,5:02:54 PM,7/3/2025,
1151,150.5,gf,4.265,mm,OK,--,5:02:54 PM,7/3/2025,
1152,150.0,gf,4.265,mm,OK,--,5:02:55 PM,7/3/2025,
1153,149.2,gf,4.265,mm,OK,--,5:02:55 PM,7/3/2025,
1154,148.4,gf,4.260,mm,OK,--,5:02:55 PM,7/3/2025,
1155,147.7,gf,4.260,mm,OK,--,5:02:55 PM,7/3/2025,
1156,146.4,gf,4.260,mm,OK,--,5:02:55 PM,7/3/2025,
1157,145.5,gf,4.260,mm,OK,--,5:02:55 PM,7/3/2025,
1158,144.7,gf,4.260,mm,OK,--,5:02:55 PM,7/3/2025,
1159,143.6,gf,4.255,mm,OK,--,5:02:55 PM,7/3/2025,
1160,142.8,gf,4.255,mm,OK,--,5:02:55 PM,7/3/2025,
1161,141.8,gf,4.255,mm,OK,--,5:02:55 PM,7/3/2025,
1162,140.8,gf,4.255,mm,OK,--,5:02:56 PM,7/3/2025,
1163,139.8,gf,4.255,mm,OK,--,5:02:56 PM,7/3/2025,
1164,138.7,gf,4.250,mm,OK,--,5:02:56 PM,7/3/2025,
1165,137.6,gf,4.250,mm,OK,--,5:02:56 PM,7/3/2025,
1166,136.7,gf,4.250,mm,OK,--,5:02:56 PM,7/3/2025,
1167,135.6,gf,4.250,mm,OK,--,5:02:56 PM,7/3/2025,
1168,134.8,gf,4.250,mm,OK,--,5:02:56 PM,7/3/2025,
1169,133.9,gf,4.245,mm,OK,--,5:02:56 PM,7/3/2025,
1170,132.9,gf,4.245,mm,OK,--,5:02:56 PM,7/3/2025,
1171,132.1,gf,4.245,mm,OK,--,5:02:56 PM,7/3/2025,
1172,131.2,gf,4.245,mm,OK,--,5:02:57 PM,7/3/2025,
1173,130.6,gf,4.245,mm,OK,--,5:02:57 PM,7/3/2025,
1174,129.8,gf,4.245,mm,OK,--,5:02:57 PM,7/3/2025,
1175,129.0,gf,4.245,mm,OK,--,5:02:57 PM,7/3/2025,
1176,127.8,gf,4.240,mm,OK,--,5:02:57 PM,7/3/2025,
1177,125.9,gf,4.240,mm,OK,--,5:02:57 PM,7/3/2025,
1178,124.6,gf,4.240,mm,OK,--,5:02:57 PM,7/3/2025,
1179,123.6,gf,4.235,mm,OK,--,5:02:57 PM,7/3/2025,
1180,122.6,gf,4.235,mm,OK,--,5:02:57 PM,7/3/2025,
1181,119.9,gf,4.235,mm,OK,--,5:02:57 PM,7/3/2025,
1182,117.8,gf,4.230,mm,OK,--,5:02:58 PM,7/3/2025,
1183,116.6,gf,4.230,mm,OK,--,5:02:58 PM,7/3/2025,
1184,115.6,gf,4.230,mm,OK,--,5:02:58 PM,7/3/2025,
1185,114.5,gf,4.225,mm,OK,--,5:02:58 PM,7/3/2025,
1186,113.6,gf,4.225,mm,OK,--,5:02:58 PM,7/3/2025,
1187,113.0,gf,4.225,mm,OK,--,5:02:58 PM,7/3/2025,
1188,112.1,gf,4.225,mm,OK,--,5:02:58 PM,7/3/2025,
1189,111.4,gf,4.225,mm,OK,--,5:02:58 PM,7/3/2025,
1190,110.6,gf,4.225,mm,OK,--,5:02:58 PM,7/3/2025,
1191,109.9,gf,4.220,mm,OK,--,5:02:58 PM,7/3/2025,
1192,109.1,gf,4.220,mm,OK,--,5:02:59 PM,7/3/2025,
1193,107.9,gf,4.220,mm,OK,--,5:02:59 PM,7/3/2025,
1194,106.7,gf,4.220,mm,OK,--,5:02:59 PM,7/3/2025,
1195,105.5,gf,4.215,mm,OK,--,5:02:59 PM,7/3/2025,
1196,104.2,gf,4.215,mm,OK,--,5:02:59 PM,7/3/2025,
1197,103.0,gf,4.215,mm,OK,--,5:02:59 PM,7/3/2025,
1198,101.7,gf,4.215,mm,OK,--,5:02:59 PM,7/3/2025,
1199,100.9,gf,4.210,mm,OK,--,5:02:59 PM,7/3/2025,
1200,100.3,gf,4.210,mm,OK,--,5:02:59 PM,7/3/2025,
1201,99.8,gf,4.210,mm,OK,--,5:02:59 PM,7/3/2025,
1202,99.2,gf,4.210,mm,OK,--,5:03:00 PM,7/3/2025,
1203,98.4,gf,4.210,mm,OK,--,5:03:00 PM,7/3/2025,
1204,97.8,gf,4.210,mm,OK,--,5:03:00 PM,7/3/2025,
1205,96.7,gf,4.205,mm,OK,--,5:03:00 PM,7/3/2025,
1206,95.7,gf,4.205,mm,OK,--,5:03:00 PM,7/3/2025,
1207,94.8,gf,4.205,mm,OK,--,5:03:00 PM,7/3/2025,
1208,94.0,gf,4.205,mm,OK,--,5:03:00 PM,7/3/2025,
1209,93.1,gf,4.205,mm,OK,--,5:03:00 PM,7/3/2025,
1210,92.2,gf,4.200,mm,OK,--,5:03:00 PM,7/3/2025,
1211,91.2,gf,4.200,mm,OK,--,5:03:00 PM,7/3/2025,
1212,90.0,gf,4.200,mm,OK,--,5:03:01 PM,7/3/2025,
1213,88.9,gf,4.200,mm,OK,--,5:03:01 PM,7/3/2025,
1214,87.6,gf,4.195,mm,OK,--,5:03:01 PM,7/3/2025,
1215,86.2,gf,4.195,mm,OK,--,5:03:01 PM,7/3/2025,
1216,85.0,gf,4.195,mm,OK,--,5:03:01 PM,7/3/2025,
1217,83.9,gf,4.190,mm,OK,--,5:03:01 PM,7/3/2025,
1218,82.8,gf,4.190,mm,OK,--,5:03:01 PM,7/3/2025,
1219,81.6,gf,4.190,mm,OK,--,5:03:01 PM,7/3/2025,
1220,79.9,gf,4.190,mm,OK,--,5:03:01 PM,7/3/2025,
1221,78.0,gf,4.185,mm,OK,--,5:03:01 PM,7/3/2025,
1222,76.3,gf,4.185,mm,OK,--,5:03:02 PM,7/3/2025,
1223,78.9,gf,4.180,mm,OK,--,5:03:02 PM,7/3/2025,
1224,81.8,gf,4.180,mm,OK,--,5:03:02 PM,7/3/2025,
1225,80.0,gf,4.175,mm,OK,--,5:03:02 PM,7/3/2025,
1226,78.4,gf,4.175,mm,OK,--,5:03:02 PM,7/3/2025,
1227,77.2,gf,4.170,mm,OK,--,5:03:02 PM,7/3/2025,
1228,75.4,gf,4.170,mm,OK,--,5:03:02 PM,7/3/2025,
1229,73.8,gf,4.170,mm,OK,--,5:03:02 PM,7/3/2025,
1230,72.1,gf,4.165,mm,OK,--,5:03:02 PM,7/3/2025,
1231,69.1,gf,4.160,mm,OK,--,5:03:02 PM,7/3/2025,
1232,66.1,gf,4.160,mm,OK,--,5:03:03 PM,7/3/2025,
1233,63.8,gf,4.155,mm,OK,--,5:03:03 PM,7/3/2025,
1234,62.4,gf,4.155,mm,OK,--,5:03:03 PM,7/3/2025,
1235,61.6,gf,4.150,mm,OK,--,5:03:03 PM,7/3/2025,
1236,61.6,gf,4.145,mm,OK,--,5:03:03 PM,7/3/2025,
1237,61.5,gf,4.145,mm,OK,--,5:03:03 PM,7/3/2025,
1238,61.5,gf,4.140,mm,OK,--,5:03:03 PM,7/3/2025,
1239,61.4,gf,4.140,mm,OK,--,5:03:03 PM,7/3/2025,
1240,61.5,gf,4.135,mm,OK,--,5:03:03 PM,7/3/2025,
1241,61.4,gf,4.135,mm,OK,--,5:03:03 PM,7/3/2025,
1242,61.4,gf,4.130,mm,OK,--,5:03:04 PM,7/3/2025,
1243,61.3,gf,4.125,mm,OK,--,5:03:04 PM,7/3/2025,
1244,61.4,gf,4.120,mm,OK,--,5:03:04 PM,7/3/2025,
1245,61.4,gf,4.110,mm,OK,--,5:03:04 PM,7/3/2025,
1246,61.5,gf,4.110,mm,OK,--,5:03:04 PM,7/3/2025,
1247,61.5,gf,4.105,mm,OK,--,5:03:04 PM,7/3/2025,
1248,61.5,gf,4.100,mm,OK,--,5:03:04 PM,7/3/2025,
1249,61.4,gf,4.095,mm,OK,--,5:03:04 PM,7/3/2025,
1250,61.2,gf,4.085,mm,OK,--,5:03:04 PM,7/3/2025,
1251,61.1,gf,4.080,mm,OK,--,5:03:04 PM,7/3/2025,
1252,61.0,gf,4.075,mm,OK,--,5:03:05 PM,7/3/2025,
1253,61.0,gf,4.070,mm,OK,--,5:03:05 PM,7/3/2025,
1254,61.0,gf,4.070,mm,OK,--,5:03:05 PM,7/3/2025,
1255,60.9,gf,4.065,mm,OK,--,5:03:05 PM,7/3/2025,
1256,60.9,gf,4.060,mm,OK,--,5:03:05 PM,7/3/2025,
1257,60.9,gf,4.060,mm,OK,--,5:03:05 PM,7/3/2025,
1258,60.8,gf,4.055,mm,OK,--,5:03:05 PM,7/3/2025,
1259,60.8,gf,4.055,mm,OK,--,5:03:05 PM,7/3/2025,
1260,60.7,gf,4.055,mm,OK,--,5:03:05 PM,7/3/2025,
1261,60.7,gf,4.050,mm,OK,--,5:03:05 PM,7/3/2025,
1262,60.6,gf,4.050,mm,OK,--,5:03:06 PM,7/3/2025,
1263,60.6,gf,4.050,mm,OK,--,5:03:06 PM,7/3/2025,
1264,60.5,gf,4.050,mm,OK,--,5:03:06 PM,7/3/2025,
1265,60.5,gf,4.045,mm,OK,--,5:03:06 PM,7/3/2025,
1266,60.4,gf,4.045,mm,OK,--,5:03:06 PM,7/3/2025,
1267,60.4,gf,4.045,mm,OK,--,5:03:06 PM,7/3/2025,
1268,60.5,gf,4.040,mm,OK,--,5:03:06 PM,7/3/2025,
1269,60.4,gf,4.040,mm,OK,--,5:03:06 PM,7/3/2025,
1270,60.4,gf,4.035,mm,OK,--,5:03:06 PM,7/3/2025,
1271,60.4,gf,4.030,mm,OK,--,5:03:06 PM,7/3/2025,
1272,60.4,gf,4.025,mm,OK,--,5:03:07 PM,7/3/2025,
1273,60.5,gf,4.015,mm,OK,--,5:03:07 PM,7/3/2025,
1274,60.4,gf,4.010,mm,OK,--,5:03:07 PM,7/3/2025,
1275,60.4,gf,4.005,mm,OK,--,5:03:07 PM,7/3/2025,
1276,60.4,gf,4.005,mm,OK,--,5:03:07 PM,7/3/2025,
1277,60.4,gf,4.000,mm,OK,--,5:03:07 PM,7/3/2025,
1278,60.5,gf,3.995,mm,OK,--,5:03:07 PM,7/3/2025,
1279,60.5,gf,3.990,mm,OK,--,5:03:07 PM,7/3/2025,
1280,60.5,gf,3.985,mm,OK,--,5:03:07 PM,7/3/2025,
1281,60.5,gf,3.980,mm,OK,--,5:03:07 PM,7/3/2025,
1282,60.4,gf,3.975,mm,OK,--,5:03:08 PM,7/3/2025,
1283,60.4,gf,3.965,mm,OK,--,5:03:08 PM,7/3/2025,
1284,60.3,gf,3.960,mm,OK,--,5:03:08 PM,7/3/2025,
1285,60.1,gf,3.955,mm,OK,--,5:03:08 PM,7/3/2025,
1286,60.1,gf,3.945,mm,OK,--,5:03:08 PM,7/3/2025,
1287,60.0,gf,3.935,mm,OK,--,5:03:08 PM,7/3/2025,
1288,59.8,gf,3.930,mm,OK,--,5:03:08 PM,7/3/2025,
1289,59.7,gf,3.920,mm,OK,--,5:03:08 PM,7/3/2025,
1290,59.6,gf,3.910,mm,OK,--,5:03:08 PM,7/3/2025,
1291,59.6,gf,3.905,mm,OK,--,5:03:08 PM,7/3/2025,
1292,59.5,gf,3.895,mm,OK,--,5:03:09 PM,7/3/2025,
1293,59.5,gf,3.885,mm,OK,--,5:03:09 PM,7/3/2025,
1294,59.6,gf,3.880,mm,OK,--,5:03:09 PM,7/3/2025,
1295,59.6,gf,3.870,mm,OK,--,5:03:09 PM,7/3/2025,
1296,59.6,gf,3.860,mm,OK,--,5:03:09 PM,7/3/2025,
1297,59.5,gf,3.855,mm,OK,--,5:03:09 PM,7/3/2025,
1298,59.5,gf,3.850,mm,OK,--,5:03:09 PM,7/3/2025,
1299,59.4,gf,3.845,mm,OK,--,5:03:09 PM,7/3/2025,
1300,59.3,gf,3.840,mm,OK,--,5:03:09 PM,7/3/2025,
1301,59.2,gf,3.835,mm,OK,--,5:03:09 PM,7/3/2025,
1302,59.2,gf,3.830,mm,OK,--,5:03:10 PM,7/3/2025,
1303,59.2,gf,3.820,mm,OK,--,5:03:10 PM,7/3/2025,
1304,59.2,gf,3.810,mm,OK,--,5:03:10 PM,7/3/2025,
1305,59.1,gf,3.805,mm,OK,--,5:03:10 PM,7/3/2025,
1306,59.1,gf,3.805,mm,OK,--,5:03:10 PM,7/3/2025,
1307,59.1,gf,3.800,mm,OK,--,5:03:10 PM,7/3/2025,
1308,59.1,gf,3.795,mm,OK,--,5:03:10 PM,7/3/2025,
1309,59.1,gf,3.790,mm,OK,--,5:03:10 PM,7/3/2025,
1310,59.1,gf,3.785,mm,OK,--,5:03:10 PM,7/3/2025,
1311,59.0,gf,3.780,mm,OK,--,5:03:10 PM,7/3/2025,
1312,59.0,gf,3.775,mm,OK,--,5:03:11 PM,7/3/2025,
1313,58.9,gf,3.770,mm,OK,--,5:03:11 PM,7/3/2025,
1314,59.0,gf,3.765,mm,OK,--,5:03:11 PM,7/3/2025,
1315,58.9,gf,3.760,mm,OK,--,5:03:11 PM,7/3/2025,
1316,58.7,gf,3.755,mm,OK,--,5:03:11 PM,7/3/2025,
1317,58.7,gf,3.745,mm,OK,--,5:03:11 PM,7/3/2025,
1318,58.7,gf,3.740,mm,OK,--,5:03:11 PM,7/3/2025,
1319,58.5,gf,3.730,mm,OK,--,5:03:11 PM,7/3/2025,
1320,58.4,gf,3.725,mm,OK,--,5:03:11 PM,7/3/2025,
1321,58.3,gf,3.720,mm,OK,--,5:03:11 PM,7/3/2025,
1322,58.3,gf,3.715,mm,OK,--,5:03:12 PM,7/3/2025,
1323,58.3,gf,3.705,mm,OK,--,5:03:12 PM,7/3/2025,
1324,58.2,gf,3.700,mm,OK,--,5:03:12 PM,7/3/2025,
1325,58.1,gf,3.690,mm,OK,--,5:03:12 PM,7/3/2025,
1326,58.1,gf,3.680,mm,OK,--,5:03:12 PM,7/3/2025,
1327,58.0,gf,3.675,mm,OK,--,5:03:12 PM,7/3/2025,
1328,57.9,gf,3.665,mm,OK,--,5:03:12 PM,7/3/2025,
1329,57.9,gf,3.660,mm,OK,--,5:03:12 PM,7/3/2025,
1330,57.9,gf,3.650,mm,OK,--,5:03:12 PM,7/3/2025,
1331,57.8,gf,3.645,mm,OK,--,5:03:12 PM,7/3/2025,
1332,57.8,gf,3.640,mm,OK,--,5:03:13 PM,7/3/2025,
1333,57.7,gf,3.630,mm,OK,--,5:03:13 PM,7/3/2025,
1334,57.7,gf,3.620,mm,OK,--,5:03:13 PM,7/3/2025,
1335,57.7,gf,3.610,mm,OK,--,5:03:13 PM,7/3/2025,
1336,57.6,gf,3.605,mm,OK,--,5:03:13 PM,7/3/2025,
1337,57.6,gf,3.595,mm,OK,--,5:03:13 PM,7/3/2025,
1338,57.5,gf,3.590,mm,OK,--,5:03:13 PM,7/3/2025,
1339,57.4,gf,3.580,mm,OK,--,5:03:13 PM,7/3/2025,
1340,57.3,gf,3.575,mm,OK,--,5:03:13 PM,7/3/2025,
1341,57.3,gf,3.570,mm,OK,--,5:03:13 PM,7/3/2025,
1342,57.3,gf,3.560,mm,OK,--,5:03:14 PM,7/3/2025,
1343,57.3,gf,3.555,mm,OK,--,5:03:14 PM,7/3/2025,
1344,57.1,gf,3.545,mm,OK,--,5:03:14 PM,7/3/2025,
1345,57.1,gf,3.540,mm,OK,--,5:03:14 PM,7/3/2025,
1346,57.1,gf,3.535,mm,OK,--,5:03:14 PM,7/3/2025,
1347,57.1,gf,3.525,mm,OK,--,5:03:14 PM,7/3/2025,
1348,57.1,gf,3.520,mm,OK,--,5:03:14 PM,7/3/2025,
1349,57.1,gf,3.515,mm,OK,--,5:03:14 PM,7/3/2025,
1350,57.0,gf,3.505,mm,OK,--,5:03:14 PM,7/3/2025,
1351,57.1,gf,3.495,mm,OK,--,5:03:14 PM,7/3/2025,
1352,57.1,gf,3.490,mm,OK,--,5:03:15 PM,7/3/2025,
1353,57.0,gf,3.485,mm,OK,--,5:03:15 PM,7/3/2025,
1354,57.0,gf,3.480,mm,OK,--,5:03:15 PM,7/3/2025,
1355,56.9,gf,3.470,mm,OK,--,5:03:15 PM,7/3/2025,
1356,56.7,gf,3.465,mm,OK,--,5:03:15 PM,7/3/2025,
1357,56.7,gf,3.455,mm,OK,--,5:03:15 PM,7/3/2025,
1358,56.7,gf,3.450,mm,OK,--,5:03:15 PM,7/3/2025,
1359,56.7,gf,3.445,mm,OK,--,5:03:15 PM,7/3/2025,
1360,56.6,gf,3.440,mm,OK,--,5:03:15 PM,7/3/2025,
1361,56.6,gf,3.435,mm,OK,--,5:03:15 PM,7/3/2025,
1362,56.6,gf,3.435,mm,OK,--,5:03:16 PM,7/3/2025,
1363,56.6,gf,3.430,mm,OK,--,5:03:16 PM,7/3/2025,
1364,56.6,gf,3.425,mm,OK,--,5:03:16 PM,7/3/2025,
1365,56.6,gf,3.425,mm,OK,--,5:03:16 PM,7/3/2025,
1366,56.6,gf,3.420,mm,OK,--,5:03:16 PM,7/3/2025,
1367,56.6,gf,3.420,mm,OK,--,5:03:16 PM,7/3/2025,
1368,56.6,gf,3.415,mm,OK,--,5:03:16 PM,7/3/2025,
1369,56.6,gf,3.415,mm,OK,--,5:03:16 PM,7/3/2025,
1370,56.5,gf,3.410,mm,OK,--,5:03:16 PM,7/3/2025,
1371,56.5,gf,3.405,mm,OK,--,5:03:16 PM,7/3/2025,
1372,56.4,gf,3.400,mm,OK,--,5:03:17 PM,7/3/2025,
1373,56.3,gf,3.390,mm,OK,--,5:03:17 PM,7/3/2025,
1374,56.2,gf,3.385,mm,OK,--,5:03:17 PM,7/3/2025,
1375,56.1,gf,3.380,mm,OK,--,5:03:17 PM,7/3/2025,
1376,56.1,gf,3.370,mm,OK,--,5:03:17 PM,7/3/2025,
1377,56.1,gf,3.365,mm,OK,--,5:03:17 PM,7/3/2025,
1378,56.1,gf,3.365,mm,OK,--,5:03:17 PM,7/3/2025,
1379,56.0,gf,3.360,mm,OK,--,5:03:17 PM,7/3/2025,
1380,56.0,gf,3.355,mm,OK,--,5:03:17 PM,7/3/2025,
1381,56.0,gf,3.350,mm,OK,--,5:03:17 PM,7/3/2025,
1382,55.9,gf,3.345,mm,OK,--,5:03:18 PM,7/3/2025,
1383,55.9,gf,3.335,mm,OK,--,5:03:18 PM,7/3/2025,
1384,55.9,gf,3.330,mm,OK,--,5:03:18 PM,7/3/2025,
1385,55.8,gf,3.325,mm,OK,--,5:03:18 PM,7/3/2025,
1386,55.6,gf,3.315,mm,OK,--,5:03:18 PM,7/3/2025,
1387,55.6,gf,3.305,mm,OK,--,5:03:18 PM,7/3/2025,
1388,55.6,gf,3.300,mm,OK,--,5:03:18 PM,7/3/2025,
1389,55.5,gf,3.295,mm,OK,--,5:03:18 PM,7/3/2025,
1390,55.5,gf,3.290,mm,OK,--,5:03:18 PM,7/3/2025,
1391,55.4,gf,3.280,mm,OK,--,5:03:18 PM,7/3/2025,
1392,55.4,gf,3.275,mm,OK,--,5:03:19 PM,7/3/2025,
1393,55.4,gf,3.275,mm,OK,--,5:03:19 PM,7/3/2025,
1394,55.3,gf,3.270,mm,OK,--,5:03:19 PM,7/3/2025,
1395,55.3,gf,3.265,mm,OK,--,5:03:19 PM,7/3/2025,
1396,55.3,gf,3.265,mm,OK,--,5:03:19 PM,7/3/2025,
1397,55.3,gf,3.260,mm,OK,--,5:03:19 PM,7/3/2025,
1398,55.3,gf,3.260,mm,OK,--,5:03:19 PM,7/3/2025,
1399,55.3,gf,3.255,mm,OK,--,5:03:19 PM,7/3/2025,
1400,55.3,gf,3.250,mm,OK,--,5:03:19 PM,7/3/2025,
1401,55.3,gf,3.250,mm,OK,--,5:03:19 PM,7/3/2025,
1402,55.3,gf,3.245,mm,OK,--,5:03:20 PM,7/3/2025,
1403,55.2,gf,3.245,mm,OK,--,5:03:20 PM,7/3/2025,
1404,55.2,gf,3.240,mm,OK,--,5:03:20 PM,7/3/2025,
1405,55.2,gf,3.235,mm,OK,--,5:03:20 PM,7/3/2025,
1406,55.2,gf,3.230,mm,OK,--,5:03:20 PM,7/3/2025,
1407,55.1,gf,3.230,mm,OK,--,5:03:20 PM,7/3/2025,
1408,55.1,gf,3.225,mm,OK,--,5:03:20 PM,7/3/2025,
1409,55.1,gf,3.220,mm,OK,--,5:03:20 PM,7/3/2025,
1410,55.1,gf,3.215,mm,OK,--,5:03:20 PM,7/3/2025,
1411,55.1,gf,3.210,mm,OK,--,5:03:20 PM,7/3/2025,
1412,55.1,gf,3.205,mm,OK,--,5:03:21 PM,7/3/2025,
1413,55.0,gf,3.200,mm,OK,--,5:03:21 PM,7/3/2025,
1414,55.0,gf,3.200,mm,OK,--,5:03:21 PM,7/3/2025,
1415,54.9,gf,3.195,mm,OK,--,5:03:21 PM,7/3/2025,
1416,54.8,gf,3.190,mm,OK,--,5:03:21 PM,7/3/2025,
1417,54.8,gf,3.185,mm,OK,--,5:03:21 PM,7/3/2025,
1418,54.7,gf,3.180,mm,OK,--,5:03:21 PM,7/3/2025,
1419,54.7,gf,3.175,mm,OK,--,5:03:21 PM,7/3/2025,
1420,54.6,gf,3.170,mm,OK,--,5:03:21 PM,7/3/2025,
1421,54.6,gf,3.165,mm,OK,--,5:03:21 PM,7/3/2025,
1422,54.6,gf,3.155,mm,OK,--,5:03:22 PM,7/3/2025,
1423,54.5,gf,3.150,mm,OK,--,5:03:22 PM,7/3/2025,
1424,54.5,gf,3.145,mm,OK,--,5:03:22 PM,7/3/2025,
1425,54.5,gf,3.135,mm,OK,--,5:03:22 PM,7/3/2025,
1426,54.4,gf,3.130,mm,OK,--,5:03:22 PM,7/3/2025,
1427,54.4,gf,3.125,mm,OK,--,5:03:22 PM,7/3/2025,
1428,54.4,gf,3.120,mm,OK,--,5:03:22 PM,7/3/2025,
1429,54.4,gf,3.115,mm,OK,--,5:03:22 PM,7/3/2025,
1430,54.4,gf,3.115,mm,OK,--,5:03:22 PM,7/3/2025,
1431,54.4,gf,3.110,mm,OK,--,5:03:22 PM,7/3/2025,
1432,54.4,gf,3.110,mm,OK,--,5:03:23 PM,7/3/2025,
1433,54.3,gf,3.100,mm,OK,--,5:03:23 PM,7/3/2025,
1434,54.3,gf,3.095,mm,OK,--,5:03:23 PM,7/3/2025,
1435,54.2,gf,3.085,mm,OK,--,5:03:23 PM,7/3/2025,
1436,54.2,gf,3.080,mm,OK,--,5:03:23 PM,7/3/2025,
1437,54.1,gf,3.075,mm,OK,--,5:03:23 PM,7/3/2025,
1438,54.1,gf,3.070,mm,OK,--,5:03:23 PM,7/3/2025,
1439,54.0,gf,3.065,mm,OK,--,5:03:23 PM,7/3/2025,
1440,54.0,gf,3.060,mm,OK,--,5:03:23 PM,7/3/2025,
1441,54.0,gf,3.060,mm,OK,--,5:03:23 PM,7/3/2025,
1442,53.9,gf,3.055,mm,OK,--,5:03:24 PM,7/3/2025,
1443,53.9,gf,3.055,mm,OK,--,5:03:24 PM,7/3/2025,
1444,53.8,gf,3.050,mm,OK,--,5:03:24 PM,7/3/2025,
1445,53.9,gf,3.050,mm,OK,--,5:03:24 PM,7/3/2025,
1446,53.9,gf,3.050,mm,OK,--,5:03:24 PM,7/3/2025,
1447,53.8,gf,3.045,mm,OK,--,5:03:24 PM,7/3/2025,
1448,53.8,gf,3.045,mm,OK,--,5:03:24 PM,7/3/2025,
1449,53.8,gf,3.045,mm,OK,--,5:03:24 PM,7/3/2025,
1450,53.8,gf,3.045,mm,OK,--,5:03:24 PM,7/3/2025,
1451,53.8,gf,3.045,mm,OK,--,5:03:24 PM,7/3/2025,
1452,53.8,gf,3.045,mm,OK,--,5:03:25 PM,7/3/2025,
1453,53.8,gf,3.040,mm,OK,--,5:03:25 PM,7/3/2025,
1454,53.8,gf,3.040,mm,OK,--,5:03:25 PM,7/3/2025,
1455,53.8,gf,3.040,mm,OK,--,5:03:25 PM,7/3/2025,
1456,53.7,gf,3.035,mm,OK,--,5:03:25 PM,7/3/2025,
1457,53.7,gf,3.035,mm,OK,--,5:03:25 PM,7/3/2025,
1458,53.7,gf,3.035,mm,OK,--,5:03:25 PM,7/3/2025,
1459,53.7,gf,3.035,mm,OK,--,5:03:25 PM,7/3/2025,
1460,53.7,gf,3.035,mm,OK,--,5:03:25 PM,7/3/2025,
1461,53.7,gf,3.030,mm,OK,--,5:03:25 PM,7/3/2025,
1462,53.7,gf,3.030,mm,OK,--,5:03:26 PM,7/3/2025,
1463,53.7,gf,3.030,mm,OK,--,5:03:26 PM,7/3/2025,
1464,53.7,gf,3.025,mm,OK,--,5:03:26 PM,7/3/2025,
1465,53.7,gf,3.025,mm,OK,--,5:03:26 PM,7/3/2025,
1466,53.6,gf,3.025,mm,OK,--,5:03:26 PM,7/3/2025,
1467,53.6,gf,3.020,mm,OK,--,5:03:26 PM,7/3/2025,
1468,53.6,gf,3.020,mm,OK,--,5:03:26 PM,7/3/2025,
1469,53.6,gf,3.020,mm,OK,--,5:03:26 PM,7/3/2025,
1470,53.6,gf,3.020,mm,OK,--,5:03:26 PM,7/3/2025,
1471,53.6,gf,3.015,mm,OK,--,5:03:26 PM,7/3/2025,
1472,53.6,gf,3.015,mm,OK,--,5:03:27 PM,7/3/2025,
1473,53.6,gf,3.015,mm,OK,--,5:03:27 PM,7/3/2025,
1474,53.6,gf,3.010,mm,OK,--,5:03:27 PM,7/3/2025,
1475,53.6,gf,3.010,mm,OK,--,5:03:27 PM,7/3/2025,
1476,53.6,gf,3.005,mm,OK,--,5:03:27 PM,7/3/2025,
1477,53.5,gf,3.000,mm,OK,--,5:03:27 PM,7/3/2025,
1478,53.5,gf,2.995,mm,OK,--,5:03:27 PM,7/3/2025,
1479,53.5,gf,2.990,mm,OK,--,5:03:27 PM,7/3/2025,
1480,53.5,gf,2.980,mm,OK,--,5:03:27 PM,7/3/2025,
1481,53.5,gf,2.975,mm,OK,--,5:03:27 PM,7/3/2025,
1482,53.4,gf,2.965,mm,OK,--,5:03:28 PM,7/3/2025,
1483,53.3,gf,2.960,mm,OK,--,5:03:28 PM,7/3/2025,
1484,53.3,gf,2.955,mm,OK,--,5:03:28 PM,7/3/2025,
1485,53.3,gf,2.955,mm,OK,--,5:03:28 PM,7/3/2025,
1486,53.3,gf,2.950,mm,OK,--,5:03:28 PM,7/3/2025,
1487,53.3,gf,2.950,mm,OK,--,5:03:28 PM,7/3/2025,
1488,53.2,gf,2.945,mm,OK,--,5:03:28 PM,7/3/2025,
1489,53.2,gf,2.940,mm,OK,--,5:03:28 PM,7/3/2025,
1490,53.2,gf,2.935,mm,OK,--,5:03:28 PM,7/3/2025,
1491,53.2,gf,2.930,mm,OK,--,5:03:28 PM,7/3/2025,
1492,53.2,gf,2.920,mm,OK,--,5:03:29 PM,7/3/2025,
1493,53.1,gf,2.920,mm,OK,--,5:03:29 PM,7/3/2025,
1494,53.1,gf,2.915,mm,OK,--,5:03:29 PM,7/3/2025,
1495,53.1,gf,2.910,mm,OK,--,5:03:29 PM,7/3/2025,
1496,53.1,gf,2.910,mm,OK,--,5:03:29 PM,7/3/2025,
1497,53.1,gf,2.905,mm,OK,--,5:03:29 PM,7/3/2025,
1498,53.0,gf,2.905,mm,OK,--,5:03:29 PM,7/3/2025,
1499,53.0,gf,2.900,mm,OK,--,5:03:29 PM,7/3/2025,
1500,52.9,gf,2.900,mm,OK,--,5:03:29 PM,7/3/2025,
1501,52.9,gf,2.895,mm,OK,--,5:03:29 PM,7/3/2025,
1502,52.9,gf,2.890,mm,OK,--,5:03:30 PM,7/3/2025,
1503,52.9,gf,2.890,mm,OK,--,5:03:30 PM,7/3/2025,
1504,52.8,gf,2.885,mm,OK,--,5:03:30 PM,7/3/2025,
1505,52.8,gf,2.880,mm,OK,--,5:03:30 PM,7/3/2025,
1506,52.8,gf,2.875,mm,OK,--,5:03:30 PM,7/3/2025,
1507,52.7,gf,2.875,mm,OK,--,5:03:30 PM,7/3/2025,
1508,52.6,gf,2.870,mm,OK,--,5:03:30 PM,7/3/2025,
1509,52.6,gf,2.865,mm,OK,--,5:03:30 PM,7/3/2025,
1510,52.6,gf,2.865,mm,OK,--,5:03:30 PM,7/3/2025,
1511,52.5,gf,2.855,mm,OK,--,5:03:30 PM,7/3/2025,
1512,52.4,gf,2.850,mm,OK,--,5:03:31 PM,7/3/2025,
1513,52.3,gf,2.845,mm,OK,--,5:03:31 PM,7/3/2025,
1514,52.2,gf,2.840,mm,OK,--,5:03:31 PM,7/3/2025,
1515,52.2,gf,2.835,mm,OK,--,5:03:31 PM,7/3/2025,
1516,52.2,gf,2.835,mm,OK,--,5:03:31 PM,7/3/2025,
1517,52.1,gf,2.830,mm,OK,--,5:03:31 PM,7/3/2025,
1518,52.1,gf,2.825,mm,OK,--,5:03:31 PM,7/3/2025,
1519,52.1,gf,2.825,mm,OK,--,5:03:31 PM,7/3/2025,
1520,52.1,gf,2.820,mm,OK,--,5:03:31 PM,7/3/2025,
1521,52.1,gf,2.815,mm,OK,--,5:03:31 PM,7/3/2025,
1522,52.0,gf,2.815,mm,OK,--,5:03:32 PM,7/3/2025,
1523,52.0,gf,2.810,mm,OK,--,5:03:32 PM,7/3/2025,
1524,51.9,gf,2.810,mm,OK,--,5:03:32 PM,7/3/2025,
1525,51.9,gf,2.810,mm,OK,--,5:03:32 PM,7/3/2025,
1526,51.9,gf,2.805,mm,OK,--,5:03:32 PM,7/3/2025,
1527,51.9,gf,2.805,mm,OK,--,5:03:32 PM,7/3/2025,
1528,51.9,gf,2.800,mm,OK,--,5:03:32 PM,7/3/2025,
1529,51.9,gf,2.795,mm,OK,--,5:03:32 PM,7/3/2025,
1530,51.8,gf,2.795,mm,OK,--,5:03:32 PM,7/3/2025,
1531,51.8,gf,2.790,mm,OK,--,5:03:32 PM,7/3/2025,
1532,51.8,gf,2.785,mm,OK,--,5:03:33 PM,7/3/2025,
1533,51.7,gf,2.780,mm,OK,--,5:03:33 PM,7/3/2025,
1534,51.7,gf,2.775,mm,OK,--,5:03:33 PM,7/3/2025,
1535,51.7,gf,2.770,mm,OK,--,5:03:33 PM,7/3/2025,
1536,51.7,gf,2.765,mm,OK,--,5:03:33 PM,7/3/2025,
1537,51.6,gf,2.765,mm,OK,--,5:03:33 PM,7/3/2025,
1538,51.6,gf,2.765,mm,OK,--,5:03:33 PM,7/3/2025,
1539,51.6,gf,2.760,mm,OK,--,5:03:33 PM,7/3/2025,
1540,51.6,gf,2.760,mm,OK,--,5:03:33 PM,7/3/2025,
1541,51.6,gf,2.760,mm,OK,--,5:03:33 PM,7/3/2025,
1542,51.5,gf,2.755,mm,OK,--,5:03:34 PM,7/3/2025,
1543,51.5,gf,2.755,mm,OK,--,5:03:34 PM,7/3/2025,
1544,51.5,gf,2.750,mm,OK,--,5:03:34 PM,7/3/2025,
1545,51.5,gf,2.745,mm,OK,--,5:03:34 PM,7/3/2025,
1546,51.4,gf,2.745,mm,OK,--,5:03:34 PM,7/3/2025,
1547,51.4,gf,2.740,mm,OK,--,5:03:34 PM,7/3/2025,
1548,51.4,gf,2.735,mm,OK,--,5:03:34 PM,7/3/2025,
1549,51.4,gf,2.730,mm,OK,--,5:03:34 PM,7/3/2025,
1550,51.4,gf,2.730,mm,OK,--,5:03:34 PM,7/3/2025,
1551,51.3,gf,2.725,mm,OK,--,5:03:34 PM,7/3/2025,
1552,51.3,gf,2.720,mm,OK,--,5:03:35 PM,7/3/2025,
1553,51.3,gf,2.715,mm,OK,--,5:03:35 PM,7/3/2025,
1554,51.2,gf,2.715,mm,OK,--,5:03:35 PM,7/3/2025,
1555,51.2,gf,2.710,mm,OK,--,5:03:35 PM,7/3/2025,
1556,51.2,gf,2.705,mm,OK,--,5:03:35 PM,7/3/2025,
1557,51.2,gf,2.705,mm,OK,--,5:03:35 PM,7/3/2025,
1558,51.2,gf,2.700,mm,OK,--,5:03:35 PM,7/3/2025,
1559,51.1,gf,2.695,mm,OK,--,5:03:35 PM,7/3/2025,
1560,51.1,gf,2.695,mm,OK,--,5:03:35 PM,7/3/2025,
1561,51.1,gf,2.695,mm,OK,--,5:03:35 PM,7/3/2025,
1562,51.1,gf,2.690,mm,OK,--,5:03:36 PM,7/3/2025,
1563,51.0,gf,2.690,mm,OK,--,5:03:36 PM,7/3/2025,
1564,51.0,gf,2.685,mm,OK,--,5:03:36 PM,7/3/2025,
1565,51.0,gf,2.685,mm,OK,--,5:03:36 PM,7/3/2025,
1566,51.0,gf,2.685,mm,OK,--,5:03:36 PM,7/3/2025,
1567,51.0,gf,2.680,mm,OK,--,5:03:36 PM,7/3/2025,
1568,51.0,gf,2.675,mm,OK,--,5:03:36 PM,7/3/2025,
1569,50.9,gf,2.670,mm,OK,--,5:03:36 PM,7/3/2025,
1570,51.0,gf,2.665,mm,OK,--,5:03:36 PM,7/3/2025,
1571,51.0,gf,2.660,mm,OK,--,5:03:36 PM,7/3/2025,
1572,51.0,gf,2.655,mm,OK,--,5:03:37 PM,7/3/2025,
1573,50.9,gf,2.645,mm,OK,--,5:03:37 PM,7/3/2025,
1574,50.8,gf,2.635,mm,OK,--,5:03:37 PM,7/3/2025,
1575,50.7,gf,2.615,mm,OK,--,5:03:37 PM,7/3/2025,
1576,50.6,gf,2.600,mm,OK,--,5:03:37 PM,7/3/2025,
1577,50.5,gf,2.585,mm,OK,--,5:03:37 PM,7/3/2025,
1578,50.4,gf,2.570,mm,OK,--,5:03:37 PM,7/3/2025,
1579,50.2,gf,2.560,mm,OK,--,5:03:37 PM,7/3/2025,
1580,50.2,gf,2.550,mm,OK,--,5:03:37 PM,7/3/2025,
1581,50.1,gf,2.545,mm,OK,--,5:03:37 PM,7/3/2025,
1582,50.1,gf,2.540,mm,OK,--,5:03:38 PM,7/3/2025,
1583,49.9,gf,2.530,mm,OK,--,5:03:38 PM,7/3/2025,
1584,49.7,gf,2.515,mm,OK,--,5:03:38 PM,7/3/2025,
1585,49.5,gf,2.500,mm,OK,--,5:03:38 PM,7/3/2025,
1586,49.5,gf,2.490,mm,OK,--,5:03:38 PM,7/3/2025,
1587,49.4,gf,2.480,mm,OK,--,5:03:38 PM,7/3/2025,
1588,49.4,gf,2.475,mm,OK,--,5:03:38 PM,7/3/2025,
1589,49.3,gf,2.470,mm,OK,--,5:03:38 PM,7/3/2025,
1590,49.2,gf,2.465,mm,OK,--,5:03:38 PM,7/3/2025,
1591,49.1,gf,2.455,mm,OK,--,5:03:38 PM,7/3/2025,
1592,49.0,gf,2.450,mm,OK,--,5:03:39 PM,7/3/2025,
1593,48.8,gf,2.445,mm,OK,--,5:03:39 PM,7/3/2025,
1594,48.8,gf,2.440,mm,OK,--,5:03:39 PM,7/3/2025,
1595,48.6,gf,2.430,mm,OK,--,5:03:39 PM,7/3/2025,
1596,48.5,gf,2.425,mm,OK,--,5:03:39 PM,7/3/2025,
1597,48.2,gf,2.420,mm,OK,--,5:03:39 PM,7/3/2025,
1598,47.8,gf,2.405,mm,OK,--,5:03:39 PM,7/3/2025,
1599,47.4,gf,2.390,mm,OK,--,5:03:39 PM,7/3/2025,
1600,46.9,gf,2.380,mm,OK,--,5:03:39 PM,7/3/2025,
1601,46.6,gf,2.370,mm,OK,--,5:03:39 PM,7/3/2025,
1602,46.2,gf,2.360,mm,OK,--,5:03:40 PM,7/3/2025,
1603,45.8,gf,2.350,mm,OK,--,5:03:40 PM,7/3/2025,
1604,45.0,gf,2.335,mm,OK,--,5:03:40 PM,7/3/2025,
1605,44.5,gf,2.325,mm,OK,--,5:03:40 PM,7/3/2025,
1606,43.9,gf,2.310,mm,OK,--,5:03:40 PM,7/3/2025,
1607,43.4,gf,2.295,mm,OK,--,5:03:40 PM,7/3/2025,
1608,43.1,gf,2.290,mm,OK,--,5:03:40 PM,7/3/2025,
1609,42.9,gf,2.285,mm,OK,--,5:03:40 PM,7/3/2025,
1610,42.7,gf,2.280,mm,OK,--,5:03:40 PM,7/3/2025,
1611,42.4,gf,2.275,mm,OK,--,5:03:40 PM,7/3/2025,
1612,41.9,gf,2.270,mm,OK,--,5:03:41 PM,7/3/2025,
1613,41.6,gf,2.260,mm,OK,--,5:03:41 PM,7/3/2025,
1614,41.0,gf,2.250,mm,OK,--,5:03:41 PM,7/3/2025,
1615,40.7,gf,2.245,mm,OK,--,5:03:41 PM,7/3/2025,
1616,40.2,gf,2.235,mm,OK,--,5:03:41 PM,7/3/2025,
1617,39.8,gf,2.225,mm,OK,--,5:03:41 PM,7/3/2025,
1618,39.0,gf,2.215,mm,OK,--,5:03:41 PM,7/3/2025,
1619,38.3,gf,2.205,mm,OK,--,5:03:41 PM,7/3/2025,
1620,37.8,gf,2.200,mm,OK,--,5:03:41 PM,7/3/2025,
1621,37.2,gf,2.190,mm,OK,--,5:03:41 PM,7/3/2025,
1622,36.8,gf,2.185,mm,OK,--,5:03:42 PM,7/3/2025,
1623,36.4,gf,2.180,mm,OK,--,5:03:42 PM,7/3/2025,
1624,36.1,gf,2.175,mm,OK,--,5:03:42 PM,7/3/2025,
1625,35.6,gf,2.170,mm,OK,--,5:03:42 PM,7/3/2025,
1626,35.1,gf,2.165,mm,OK,--,5:03:42 PM,7/3/2025,
1627,34.5,gf,2.155,mm,OK,--,5:03:42 PM,7/3/2025,
1628,33.9,gf,2.145,mm,OK,--,5:03:42 PM,7/3/2025,
1629,32.9,gf,2.130,mm,OK,--,5:03:42 PM,7/3/2025,
1630,32.0,gf,2.120,mm,OK,--,5:03:42 PM,7/3/2025,
1631,31.4,gf,2.105,mm,OK,--,5:03:42 PM,7/3/2025,
1632,30.9,gf,2.095,mm,OK,--,5:03:43 PM,7/3/2025,
1633,30.8,gf,2.085,mm,OK,--,5:03:43 PM,7/3/2025,
1634,30.6,gf,2.080,mm,OK,--,5:03:43 PM,7/3/2025,
1635,30.5,gf,2.075,mm,OK,--,5:03:43 PM,7/3/2025,
1636,30.4,gf,2.070,mm,OK,--,5:03:43 PM,7/3/2025,
1637,30.3,gf,2.065,mm,OK,--,5:03:43 PM,7/3/2025,
1638,30.3,gf,2.060,mm,OK,--,5:03:43 PM,7/3/2025,
1639,30.1,gf,2.060,mm,OK,--,5:03:43 PM,7/3/2025,
1640,30.0,gf,2.055,mm,OK,--,5:03:43 PM,7/3/2025,
1641,29.9,gf,2.050,mm,OK,--,5:03:43 PM,7/3/2025,
1642,29.8,gf,2.045,mm,OK,--,5:03:44 PM,7/3/2025,
1643,29.5,gf,2.045,mm,OK,--,5:03:44 PM,7/3/2025,
1644,29.4,gf,2.040,mm,OK,--,5:03:44 PM,7/3/2025,
1645,29.6,gf,2.035,mm,OK,--,5:03:44 PM,7/3/2025,
1646,29.5,gf,2.030,mm,OK,--,5:03:44 PM,7/3/2025,
1647,29.3,gf,2.030,mm,OK,--,5:03:44 PM,7/3/2025,
1648,29.2,gf,2.025,mm,OK,--,5:03:44 PM,7/3/2025,
1649,29.0,gf,2.020,mm,OK,--,5:03:44 PM,7/3/2025,
1650,29.1,gf,2.015,mm,OK,--,5:03:44 PM,7/3/2025,
1651,29.0,gf,2.005,mm,OK,--,5:03:44 PM,7/3/2025,
1652,28.7,gf,2.000,mm,OK,--,5:03:45 PM,7/3/2025,
1653,28.5,gf,1.995,mm,OK,--,5:03:45 PM,7/3/2025,
1654,28.3,gf,1.990,mm,OK,--,5:03:45 PM,7/3/2025,
1655,28.2,gf,1.985,mm,OK,--,5:03:45 PM,7/3/2025,
1656,27.9,gf,1.975,mm,OK,--,5:03:45 PM,7/3/2025,
1657,28.0,gf,1.970,mm,OK,--,5:03:45 PM,7/3/2025,
1658,27.9,gf,1.965,mm,OK,--,5:03:45 PM,7/3/2025,
1659,27.8,gf,1.960,mm,OK,--,5:03:45 PM,7/3/2025,
1660,27.7,gf,1.960,mm,OK,--,5:03:45 PM,7/3/2025,
1661,27.6,gf,1.955,mm,OK,--,5:03:45 PM,7/3/2025,
1662,27.7,gf,1.955,mm,OK,--,5:03:46 PM,7/3/2025,
1663,27.7,gf,1.950,mm,OK,--,5:03:46 PM,7/3/2025,
1664,27.6,gf,1.945,mm,OK,--,5:03:46 PM,7/3/2025,
1665,27.7,gf,1.945,mm,OK,--,5:03:46 PM,7/3/2025,
1666,27.7,gf,1.940,mm,OK,--,5:03:46 PM,7/3/2025,
1667,27.4,gf,1.940,mm,OK,--,5:03:46 PM,7/3/2025,
1668,27.2,gf,1.935,mm,OK,--,5:03:46 PM,7/3/2025,
1669,27.0,gf,1.930,mm,OK,--,5:03:46 PM,7/3/2025,
1670,27.3,gf,1.925,mm,OK,--,5:03:46 PM,7/3/2025,
1671,27.3,gf,1.925,mm,OK,--,5:03:46 PM,7/3/2025,
1672,27.4,gf,1.920,mm,OK,--,5:03:47 PM,7/3/2025,
1673,27.3,gf,1.920,mm,OK,--,5:03:47 PM,7/3/2025,
1674,27.5,gf,1.920,mm,OK,--,5:03:47 PM,7/3/2025,
1675,27.2,gf,1.920,mm,OK,--,5:03:47 PM,7/3/2025,
1676,27.4,gf,1.920,mm,OK,--,5:03:47 PM,7/3/2025,
1677,27.3,gf,1.915,mm,OK,--,5:03:47 PM,7/3/2025,
1678,27.1,gf,1.915,mm,OK,--,5:03:47 PM,7/3/2025,
1679,27.2,gf,1.915,mm,OK,--,5:03:47 PM,7/3/2025,
1680,27.0,gf,1.910,mm,OK,--,5:03:47 PM,7/3/2025,
1681,26.9,gf,1.910,mm,OK,--,5:03:47 PM,7/3/2025,
1682,27.0,gf,1.900,mm,OK,--,5:03:48 PM,7/3/2025,
1683,27.4,gf,1.895,mm,OK,--,5:03:48 PM,7/3/2025,
1684,27.5,gf,1.890,mm,OK,--,5:03:48 PM,7/3/2025,
1685,27.5,gf,1.885,mm,OK,--,5:03:48 PM,7/3/2025,
1686,27.4,gf,1.885,mm,OK,--,5:03:48 PM,7/3/2025,
1687,27.2,gf,1.880,mm,OK,--,5:03:48 PM,7/3/2025,
1688,27.3,gf,1.875,mm,OK,--,5:03:48 PM,7/3/2025,
1689,26.7,gf,1.865,mm,OK,--,5:03:48 PM,7/3/2025,
1690,26.7,gf,1.860,mm,OK,--,5:03:48 PM,7/3/2025,
1691,26.8,gf,1.850,mm,OK,--,5:03:48 PM,7/3/2025,
1692,26.6,gf,1.845,mm,OK,--,5:03:49 PM,7/3/2025,
1693,26.2,gf,1.835,mm,OK,--,5:03:49 PM,7/3/2025,
1694,26.2,gf,1.810,mm,OK,--,5:03:49 PM,7/3/2025,
1695,25.9,gf,1.785,mm,OK,--,5:03:49 PM,7/3/2025,
1696,26.1,gf,1.770,mm,OK,--,5:03:49 PM,7/3/2025,
1697,26.1,gf,1.760,mm,OK,--,5:03:49 PM,7/3/2025,
1698,25.7,gf,1.750,mm,OK,--,5:03:49 PM,7/3/2025,
1699,25.7,gf,1.740,mm,OK,--,5:03:49 PM,7/3/2025,
1700,25.8,gf,1.725,mm,OK,--,5:03:49 PM,7/3/2025,
1701,25.5,gf,1.715,mm,OK,--,5:03:49 PM,7/3/2025,
1702,25.5,gf,1.695,mm,OK,--,5:03:50 PM,7/3/2025,
1703,25.6,gf,1.680,mm,OK,--,5:03:50 PM,7/3/2025,
1704,26.1,gf,1.660,mm,OK,--,5:03:50 PM,7/3/2025,
1705,25.9,gf,1.655,mm,OK,--,5:03:50 PM,7/3/2025,
1706,25.9,gf,1.645,mm,OK,--,5:03:50 PM,7/3/2025,
1707,25.9,gf,1.640,mm,OK,--,5:03:50 PM,7/3/2025,
1708,25.8,gf,1.635,mm,OK,--,5:03:50 PM,7/3/2025,
1709,26.4,gf,1.625,mm,OK,--,5:03:50 PM,7/3/2025,
1710,26.9,gf,1.615,mm,OK,--,5:03:50 PM,7/3/2025,
1711,27.1,gf,1.610,mm,OK,--,5:03:50 PM,7/3/2025,
1712,27.1,gf,1.605,mm,OK,--,5:03:51 PM,7/3/2025,
1713,27.3,gf,1.600,mm,OK,--,5:03:51 PM,7/3/2025,
1714,27.5,gf,1.600,mm,OK,--,5:03:51 PM,7/3/2025,
1715,27.4,gf,1.595,mm,OK,--,5:03:51 PM,7/3/2025,
1716,27.4,gf,1.590,mm,OK,--,5:03:51 PM,7/3/2025,
1717,27.3,gf,1.585,mm,OK,--,5:03:51 PM,7/3/2025,
1718,27.6,gf,1.585,mm,OK,--,5:03:51 PM,7/3/2025,
1719,27.7,gf,1.580,mm,OK,--,5:03:51 PM,7/3/2025,
1720,27.7,gf,1.575,mm,OK,--,5:03:51 PM,7/3/2025,
1721,27.5,gf,1.575,mm,OK,--,5:03:51 PM,7/3/2025,
1722,27.7,gf,1.570,mm,OK,--,5:03:52 PM,7/3/2025,
1723,27.8,gf,1.565,mm,OK,--,5:03:52 PM,7/3/2025,
1724,27.8,gf,1.555,mm,OK,--,5:03:52 PM,7/3/2025,
1725,28.2,gf,1.540,mm,OK,--,5:03:52 PM,7/3/2025,
1726,28.0,gf,1.535,mm,OK,--,5:03:52 PM,7/3/2025,
1727,27.7,gf,1.525,mm,OK,--,5:03:52 PM,7/3/2025,
1728,27.9,gf,1.520,mm,OK,--,5:03:52 PM,7/3/2025,
1729,28.0,gf,1.510,mm,OK,--,5:03:52 PM,7/3/2025,
1730,28.0,gf,1.505,mm,OK,--,5:03:52 PM,7/3/2025,
1731,28.5,gf,1.495,mm,OK,--,5:03:52 PM,7/3/2025,
1732,29.4,gf,1.485,mm,OK,--,5:03:53 PM,7/3/2025,
1733,30.1,gf,1.475,mm,OK,--,5:03:53 PM,7/3/2025,
1734,30.5,gf,1.465,mm,OK,--,5:03:53 PM,7/3/2025,
1735,31.2,gf,1.460,mm,OK,--,5:03:53 PM,7/3/2025,
1736,31.3,gf,1.455,mm,OK,--,5:03:53 PM,7/3/2025,
1737,31.7,gf,1.450,mm,OK,--,5:03:53 PM,7/3/2025,
1738,31.6,gf,1.445,mm,OK,--,5:03:53 PM,7/3/2025,
1739,31.7,gf,1.445,mm,OK,--,5:03:53 PM,7/3/2025,
1740,31.9,gf,1.440,mm,OK,--,5:03:53 PM,7/3/2025,
1741,32.0,gf,1.440,mm,OK,--,5:03:53 PM,7/3/2025,
1742,32.1,gf,1.440,mm,OK,--,5:03:54 PM,7/3/2025,
1743,32.0,gf,1.435,mm,OK,--,5:03:54 PM,7/3/2025,
1744,31.6,gf,1.435,mm,OK,--,5:03:54 PM,7/3/2025,
1745,31.8,gf,1.430,mm,OK,--,5:03:54 PM,7/3/2025,
1746,32.5,gf,1.425,mm,OK,--,5:03:54 PM,7/3/2025,
1747,32.9,gf,1.420,mm,OK,--,5:03:54 PM,7/3/2025,
1748,32.9,gf,1.415,mm,OK,--,5:03:54 PM,7/3/2025,
1749,33.2,gf,1.415,mm,OK,--,5:03:54 PM,7/3/2025,
1750,33.1,gf,1.410,mm,OK,--,5:03:54 PM,7/3/2025,
1751,32.8,gf,1.410,mm,OK,--,5:03:54 PM,7/3/2025,
1752,33.0,gf,1.405,mm,OK,--,5:03:55 PM,7/3/2025,
1753,33.2,gf,1.405,mm,OK,--,5:03:55 PM,7/3/2025,
1754,33.2,gf,1.400,mm,OK,--,5:03:55 PM,7/3/2025,
1755,33.4,gf,1.395,mm,OK,--,5:03:55 PM,7/3/2025,
1756,34.0,gf,1.385,mm,OK,--,5:03:55 PM,7/3/2025,
1757,34.2,gf,1.380,mm,OK,--,5:03:55 PM,7/3/2025,
1758,34.4,gf,1.380,mm,OK,--,5:03:55 PM,7/3/2025,
1759,34.5,gf,1.375,mm,OK,--,5:03:55 PM,7/3/2025,
1760,34.4,gf,1.375,mm,OK,--,5:03:55 PM,7/3/2025,
1761,34.4,gf,1.370,mm,OK,--,5:03:55 PM,7/3/2025,
1762,34.5,gf,1.370,mm,OK,--,5:03:56 PM,7/3/2025,
1763,34.4,gf,1.365,mm,OK,--,5:03:56 PM,7/3/2025,
1764,34.3,gf,1.360,mm,OK,--,5:03:56 PM,7/3/2025,
1765,34.5,gf,1.355,mm,OK,--,5:03:56 PM,7/3/2025,
1766,34.9,gf,1.355,mm,OK,--,5:03:56 PM,7/3/2025,
1767,34.8,gf,1.350,mm,OK,--,5:03:56 PM,7/3/2025,
1768,34.7,gf,1.350,mm,OK,--,5:03:56 PM,7/3/2025,
1769,34.7,gf,1.345,mm,OK,--,5:03:56 PM,7/3/2025,
1770,34.8,gf,1.340,mm,OK,--,5:03:56 PM,7/3/2025,
1771,35.0,gf,1.330,mm,OK,--,5:03:56 PM,7/3/2025,
1772,35.2,gf,1.325,mm,OK,--,5:03:57 PM,7/3/2025,
1773,35.2,gf,1.320,mm,OK,--,5:03:57 PM,7/3/2025,
1774,35.3,gf,1.310,mm,OK,--,5:03:57 PM,7/3/2025,
1775,35.2,gf,1.305,mm,OK,--,5:03:57 PM,7/3/2025,
1776,35.2,gf,1.300,mm,OK,--,5:03:57 PM,7/3/2025,
1777,35.1,gf,1.290,mm,OK,--,5:03:57 PM,7/3/2025,
1778,34.9,gf,1.280,mm,OK,--,5:03:57 PM,7/3/2025,
1779,35.2,gf,1.275,mm,OK,--,5:03:57 PM,7/3/2025,
1780,35.2,gf,1.270,mm,OK,--,5:03:57 PM,7/3/2025,
1781,35.4,gf,1.265,mm,OK,--,5:03:57 PM,7/3/2025,
1782,35.6,gf,1.255,mm,OK,--,5:03:58 PM,7/3/2025,
1783,35.8,gf,1.245,mm,OK,--,5:03:58 PM,7/3/2025,
1784,36.1,gf,1.235,mm,OK,--,5:03:58 PM,7/3/2025,
1785,36.2,gf,1.225,mm,OK,--,5:03:58 PM,7/3/2025,
1786,36.6,gf,1.215,mm,OK,--,5:03:58 PM,7/3/2025,
1787,36.9,gf,1.200,mm,OK,--,5:03:58 PM,7/3/2025,
1788,37.1,gf,1.190,mm,OK,--,5:03:58 PM,7/3/2025,
1789,37.2,gf,1.180,mm,OK,--,5:03:58 PM,7/3/2025,
1790,37.2,gf,1.170,mm,OK,--,5:03:58 PM,7/3/2025,
1791,37.5,gf,1.160,mm,OK,--,5:03:58 PM,7/3/2025,
1792,37.6,gf,1.150,mm,OK,--,5:03:59 PM,7/3/2025,
1793,37.6,gf,1.145,mm,OK,--,5:03:59 PM,7/3/2025,
1794,37.7,gf,1.135,mm,OK,--,5:03:59 PM,7/3/2025,
1795,37.7,gf,1.130,mm,OK,--,5:03:59 PM,7/3/2025,
1796,37.6,gf,1.125,mm,OK,--,5:03:59 PM,7/3/2025,
1797,37.6,gf,1.115,mm,OK,--,5:03:59 PM,7/3/2025,
1798,37.9,gf,1.110,mm,OK,--,5:03:59 PM,7/3/2025,
1799,37.5,gf,1.105,mm,OK,--,5:03:59 PM,7/3/2025,
1800,37.7,gf,1.100,mm,OK,--,5:03:59 PM,7/3/2025,
1801,38.0,gf,1.095,mm,OK,--,5:03:59 PM,7/3/2025,
1802,38.5,gf,1.085,mm,OK,--,5:04:00 PM,7/3/2025,
1803,38.7,gf,1.075,mm,OK,--,5:04:00 PM,7/3/2025,
1804,39.0,gf,1.065,mm,OK,--,5:04:00 PM,7/3/2025,
1805,39.3,gf,1.060,mm,OK,--,5:04:00 PM,7/3/2025,
1806,39.4,gf,1.055,mm,OK,--,5:04:00 PM,7/3/2025,
1807,39.5,gf,1.050,mm,OK,--,5:04:00 PM,7/3/2025,
1808,39.6,gf,1.045,mm,OK,--,5:04:00 PM,7/3/2025,
1809,40.1,gf,1.040,mm,OK,--,5:04:00 PM,7/3/2025,
1810,40.5,gf,1.025,mm,OK,--,5:04:00 PM,7/3/2025,
1811,40.5,gf,1.020,mm,OK,--,5:04:00 PM,7/3/2025,
1812,40.4,gf,1.010,mm,OK,--,5:04:01 PM,7/3/2025,
1813,40.5,gf,1.005,mm,OK,--,5:04:01 PM,7/3/2025,
1814,40.6,gf,0.995,mm,OK,--,5:04:01 PM,7/3/2025,
1815,41.2,gf,0.985,mm,OK,--,5:04:01 PM,7/3/2025,
1816,41.3,gf,0.975,mm,OK,--,5:04:01 PM,7/3/2025,
1817,41.4,gf,0.965,mm,OK,--,5:04:01 PM,7/3/2025,
1818,41.5,gf,0.955,mm,OK,--,5:04:01 PM,7/3/2025,
1819,41.7,gf,0.950,mm,OK,--,5:04:01 PM,7/3/2025,
1820,42.0,gf,0.945,mm,OK,--,5:04:01 PM,7/3/2025,
1821,42.1,gf,0.935,mm,OK,--,5:04:01 PM,7/3/2025,
1822,41.7,gf,0.925,mm,OK,--,5:04:02 PM,7/3/2025,
1823,41.4,gf,0.915,mm,OK,--,5:04:02 PM,7/3/2025,
1824,41.0,gf,0.905,mm,OK,--,5:04:02 PM,7/3/2025,
1825,40.9,gf,0.900,mm,OK,--,5:04:02 PM,7/3/2025,
1826,40.8,gf,0.895,mm,OK,--,5:04:02 PM,7/3/2025,
1827,40.9,gf,0.890,mm,OK,--,5:04:02 PM,7/3/2025,
1828,40.8,gf,0.885,mm,OK,--,5:04:02 PM,7/3/2025,
1829,40.4,gf,0.875,mm,OK,--,5:04:02 PM,7/3/2025,
1830,40.3,gf,0.865,mm,OK,--,5:04:02 PM,7/3/2025,
1831,40.1,gf,0.850,mm,OK,--,5:04:02 PM,7/3/2025,
1832,39.8,gf,0.840,mm,OK,--,5:04:03 PM,7/3/2025,
1833,38.9,gf,0.825,mm,OK,--,5:04:03 PM,7/3/2025,
1834,38.6,gf,0.815,mm,OK,--,5:04:03 PM,7/3/2025,
1835,38.4,gf,0.810,mm,OK,--,5:04:03 PM,7/3/2025,
1836,38.2,gf,0.805,mm,OK,--,5:04:03 PM,7/3/2025,
1837,37.9,gf,0.800,mm,OK,--,5:04:03 PM,7/3/2025,
1838,37.7,gf,0.795,mm,OK,--,5:04:03 PM,7/3/2025,
1839,37.4,gf,0.790,mm,OK,--,5:04:03 PM,7/3/2025,
1840,37.1,gf,0.785,mm,OK,--,5:04:03 PM,7/3/2025,
1841,37.0,gf,0.780,mm,OK,--,5:04:03 PM,7/3/2025,
1842,36.8,gf,0.780,mm,OK,--,5:04:04 PM,7/3/2025,
1843,36.5,gf,0.775,mm,OK,--,5:04:04 PM,7/3/2025,
1844,36.2,gf,0.770,mm,OK,--,5:04:04 PM,7/3/2025,
1845,36.1,gf,0.765,mm,OK,--,5:04:04 PM,7/3/2025,
1846,36.1,gf,0.760,mm,OK,--,5:04:04 PM,7/3/2025,
1847,35.9,gf,0.760,mm,OK,--,5:04:04 PM,7/3/2025,
1848,35.9,gf,0.760,mm,OK,--,5:04:04 PM,7/3/2025,
1849,35.8,gf,0.755,mm,OK,--,5:04:04 PM,7/3/2025,
1850,35.5,gf,0.755,mm,OK,--,5:04:04 PM,7/3/2025,
1851,35.5,gf,0.750,mm,OK,--,5:04:04 PM,7/3/2025,
1852,35.2,gf,0.750,mm,OK,--,5:04:05 PM,7/3/2025,
1853,35.1,gf,0.745,mm,OK,--,5:04:05 PM,7/3/2025,
1854,35.1,gf,0.740,mm,OK,--,5:04:05 PM,7/3/2025,
1855,34.8,gf,0.735,mm,OK,--,5:04:05 PM,7/3/2025,
1856,34.6,gf,0.730,mm,OK,--,5:04:05 PM,7/3/2025,
1857,34.6,gf,0.725,mm,OK,--,5:04:05 PM,7/3/2025,
1858,34.5,gf,0.720,mm,OK,--,5:04:05 PM,7/3/2025,
1859,34.5,gf,0.715,mm,OK,--,5:04:05 PM,7/3/2025,
1860,34.4,gf,0.715,mm,OK,--,5:04:05 PM,7/3/2025,
1861,34.4,gf,0.710,mm,OK,--,5:04:05 PM,7/3/2025,
1862,34.5,gf,0.705,mm,OK,--,5:04:06 PM,7/3/2025,
1863,34.4,gf,0.705,mm,OK,--,5:04:06 PM,7/3/2025,
1864,34.3,gf,0.705,mm,OK,--,5:04:06 PM,7/3/2025,
1865,34.2,gf,0.705,mm,OK,--,5:04:06 PM,7/3/2025,
1866,34.1,gf,0.700,mm,OK,--,5:04:06 PM,7/3/2025,
1867,34.1,gf,0.700,mm,OK,--,5:04:06 PM,7/3/2025,
1868,34.1,gf,0.700,mm,OK,--,5:04:06 PM,7/3/2025,
1869,34.1,gf,0.700,mm,OK,--,5:04:06 PM,7/3/2025,
1870,34.0,gf,0.700,mm,OK,--,5:04:06 PM,7/3/2025,
1871,34.1,gf,0.700,mm,OK,--,5:04:06 PM,7/3/2025,
1872,34.0,gf,0.700,mm,OK,--,5:04:07 PM,7/3/2025,
1873,34.0,gf,0.700,mm,OK,--,5:04:07 PM,7/3/2025,
1874,33.8,gf,0.700,mm,OK,--,5:04:07 PM,7/3/2025,
1875,33.2,gf,0.700,mm,OK,--,5:04:07 PM,7/3/2025,
1876,33.1,gf,0.695,mm,OK,--,5:04:07 PM,7/3/2025,
1877,33.4,gf,0.690,mm,OK,--,5:04:07 PM,7/3/2025,
1878,33.1,gf,0.690,mm,OK,--,5:04:07 PM,7/3/2025,
1879,33.0,gf,0.685,mm,OK,--,5:04:07 PM,7/3/2025,
1880,32.9,gf,0.680,mm,OK,--,5:04:07 PM,7/3/2025,
1881,32.6,gf,0.675,mm,OK,--,5:04:07 PM,7/3/2025,
1882,32.4,gf,0.670,mm,OK,--,5:04:08 PM,7/3/2025,
1883,32.4,gf,0.660,mm,OK,--,5:04:08 PM,7/3/2025,
1884,32.3,gf,0.650,mm,OK,--,5:04:08 PM,7/3/2025,
1885,32.1,gf,0.650,mm,OK,--,5:04:08 PM,7/3/2025,
1886,31.9,gf,0.645,mm,OK,--,5:04:08 PM,7/3/2025,
1887,31.4,gf,0.640,mm,OK,--,5:04:08 PM,7/3/2025,
1888,31.5,gf,0.635,mm,OK,--,5:04:08 PM,7/3/2025,
1889,31.2,gf,0.630,mm,OK,--,5:04:08 PM,7/3/2025,
1890,30.8,gf,0.620,mm,OK,--,5:04:08 PM,7/3/2025,
1891,30.5,gf,0.615,mm,OK,--,5:04:08 PM,7/3/2025,
1892,30.1,gf,0.610,mm,OK,--,5:04:09 PM,7/3/2025,
1893,29.8,gf,0.605,mm,OK,--,5:04:09 PM,7/3/2025,
1894,29.6,gf,0.605,mm,OK,--,5:04:09 PM,7/3/2025,
1895,29.0,gf,0.600,mm,OK,--,5:04:09 PM,7/3/2025,
1896,29.0,gf,0.595,mm,OK,--,5:04:09 PM,7/3/2025,
1897,29.0,gf,0.585,mm,OK,--,5:04:09 PM,7/3/2025,
1898,29.0,gf,0.580,mm,OK,--,5:04:09 PM,7/3/2025,
1899,28.9,gf,0.570,mm,OK,--,5:04:09 PM,7/3/2025,
1900,28.6,gf,0.565,mm,OK,--,5:04:09 PM,7/3/2025,
1901,28.8,gf,0.565,mm,OK,--,5:04:09 PM,7/3/2025,
1902,28.5,gf,0.560,mm,OK,--,5:04:10 PM,7/3/2025,
1903,28.5,gf,0.555,mm,OK,--,5:04:10 PM,7/3/2025,
1904,28.2,gf,0.545,mm,OK,--,5:04:10 PM,7/3/2025,
1905,28.2,gf,0.530,mm,OK,--,5:04:10 PM,7/3/2025,
1906,28.3,gf,0.520,mm,OK,--,5:04:10 PM,7/3/2025,
1907,28.0,gf,0.515,mm,OK,--,5:04:10 PM,7/3/2025,
1908,27.7,gf,0.510,mm,OK,--,5:04:10 PM,7/3/2025,
1909,27.5,gf,0.495,mm,OK,--,5:04:10 PM,7/3/2025,
1910,27.6,gf,0.485,mm,OK,--,5:04:10 PM,7/3/2025,
1911,27.4,gf,0.475,mm,OK,--,5:04:10 PM,7/3/2025,
1912,27.2,gf,0.465,mm,OK,--,5:04:11 PM,7/3/2025,
1913,27.1,gf,0.450,mm,OK,--,5:04:11 PM,7/3/2025,
1914,27.2,gf,0.435,mm,OK,--,5:04:11 PM,7/3/2025,
1915,27.0,gf,0.425,mm,OK,--,5:04:11 PM,7/3/2025,
1916,26.9,gf,0.420,mm,OK,--,5:04:11 PM,7/3/2025,
1917,26.7,gf,0.410,mm,OK,--,5:04:11 PM,7/3/2025,
1918,26.5,gf,0.400,mm,OK,--,5:04:11 PM,7/3/2025,
1919,26.8,gf,0.390,mm,OK,--,5:04:11 PM,7/3/2025,
1920,26.9,gf,0.380,mm,OK,--,5:04:11 PM,7/3/2025,
1921,26.9,gf,0.375,mm,OK,--,5:04:11 PM,7/3/2025,
1922,26.8,gf,0.375,mm,OK,--,5:04:12 PM,7/3/2025,
1923,26.7,gf,0.370,mm,OK,--,5:04:12 PM,7/3/2025,
1924,26.7,gf,0.370,mm,OK,--,5:04:12 PM,7/3/2025,
1925,26.4,gf,0.365,mm,OK,--,5:04:12 PM,7/3/2025,
1926,26.2,gf,0.365,mm,OK,--,5:04:12 PM,7/3/2025,
1927,26.4,gf,0.360,mm,OK,--,5:04:12 PM,7/3/2025,
1928,26.4,gf,0.360,mm,OK,--,5:04:12 PM,7/3/2025,
1929,26.4,gf,0.355,mm,OK,--,5:04:12 PM,7/3/2025,
1930,26.3,gf,0.355,mm,OK,--,5:04:12 PM,7/3/2025,
1931,26.0,gf,0.350,mm,OK,--,5:04:12 PM,7/3/2025,
1932,26.0,gf,0.350,mm,OK,--,5:04:13 PM,7/3/2025,
1933,26.0,gf,0.345,mm,OK,--,5:04:13 PM,7/3/2025,
1934,26.0,gf,0.340,mm,OK,--,5:04:13 PM,7/3/2025,
1935,26.2,gf,0.330,mm,OK,--,5:04:13 PM,7/3/2025,
1936,26.2,gf,0.325,mm,OK,--,5:04:13 PM,7/3/2025,
1937,26.2,gf,0.325,mm,OK,--,5:04:13 PM,7/3/2025,
1938,26.0,gf,0.320,mm,OK,--,5:04:13 PM,7/3/2025,
1939,26.1,gf,0.315,mm,OK,--,5:04:13 PM,7/3/2025,
1940,26.2,gf,0.310,mm,OK,--,5:04:13 PM,7/3/2025,
1941,26.4,gf,0.305,mm,OK,--,5:04:13 PM,7/3/2025,
1942,26.4,gf,0.300,mm,OK,--,5:04:14 PM,7/3/2025,
1943,26.2,gf,0.290,mm,OK,--,5:04:14 PM,7/3/2025,
1944,26.2,gf,0.285,mm,OK,--,5:04:14 PM,7/3/2025,
1945,26.2,gf,0.275,mm,OK,--,5:04:14 PM,7/3/2025,
1946,26.1,gf,0.270,mm,OK,--,5:04:14 PM,7/3/2025,
1947,25.8,gf,0.265,mm,OK,--,5:04:14 PM,7/3/2025,
1948,25.7,gf,0.255,mm,OK,--,5:04:14 PM,7/3/2025,
1949,25.5,gf,0.245,mm,OK,--,5:04:14 PM,7/3/2025,
1950,25.5,gf,0.240,mm,OK,--,5:04:14 PM,7/3/2025,
1951,25.5,gf,0.235,mm,OK,--,5:04:14 PM,7/3/2025,
1952,25.6,gf,0.225,mm,OK,--,5:04:15 PM,7/3/2025,
1953,25.5,gf,0.220,mm,OK,--,5:04:15 PM,7/3/2025,
1954,25.3,gf,0.210,mm,OK,--,5:04:15 PM,7/3/2025,
1955,25.3,gf,0.205,mm,OK,--,5:04:15 PM,7/3/2025,
1956,25.1,gf,0.200,mm,OK,--,5:04:15 PM,7/3/2025,
1957,24.5,gf,0.190,mm,OK,--,5:04:15 PM,7/3/2025,
1958,24.7,gf,0.185,mm,OK,--,5:04:15 PM,7/3/2025,
1959,24.2,gf,0.175,mm,OK,--,5:04:15 PM,7/3/2025,
1960,23.6,gf,0.160,mm,OK,--,5:04:15 PM,7/3/2025,
1961,17.4,gf,0.140,mm,OK,--,5:04:15 PM,7/3/2025,
1962,2.2,gf,0.125,mm,OK,--,5:04:16 PM,7/3/2025,
1963,0.1,gf,0.110,mm,OK,--,5:04:16 PM,7/3/2025,
1964,0.1,gf,0.100,mm,OK,--,5:04:16 PM,7/3/2025,
1965,0.1,gf,0.090,mm,OK,--,5:04:16 PM,7/3/2025,
1966,0.1,gf,0.070,mm,OK,--,5:04:16 PM,7/3/2025,
1967,0.1,gf,0.050,mm,OK,--,5:04:16 PM,7/3/2025,
1968,0.0,gf,0.035,mm,OK,--,5:04:16 PM,7/3/2025,
1969,0.0,gf,0.020,mm,OK,--,5:04:16 PM,7/3/2025,
1970,0.1,gf,0.005,mm,OK,--,5:04:16 PM,7/3/2025,
1971,0.0,gf,-0.010,mm,OK,--,5:04:16 PM,7/3/2025,
1972,0.0,gf,-0.020,mm,OK,--,5:04:17 PM,7/3/2025,
1973,0.0,gf,-0.025,mm,OK,--,5:04:17 PM,7/3/2025,
1974,0.0,gf,-0.035,mm,OK,--,5:04:17 PM,7/3/2025,
1975,0.0,gf,-0.035,mm,OK,--,5:04:17 PM,7/3/2025,
1976,0.0,gf,-0.035,mm,OK,--,5:04:17 PM,7/3/2025,
1977,0.0,gf,-0.035,mm,OK,--,5:04:17 PM,7/3/2025,
1978,0.0,gf,-0.035,mm,OK,--,5:04:17 PM,7/3/2025,
1979,0.1,gf,-0.035,mm,OK,--,5:04:17 PM,7/3/2025,
1980,0.1,gf,-0.035,mm,OK,--,5:04:17 PM,7/3/2025,
1981,-0.2,gf,-0.030,mm,OK,--,5:04:17 PM,7/3/2025,
1982,0.0,gf,-0.030,mm,OK,--,5:04:18 PM,7/3/2025,
1983,0.0,gf,-0.030,mm,OK,--,5:04:18 PM,7/3/2025,
1984,0.0,gf,-0.025,mm,OK,--,5:04:18 PM,7/3/2025,
1985,0.0,gf,-0.025,mm,OK,--,5:04:18 PM,7/3/2025,
1986,0.0,gf,-0.025,mm,OK,--,5:04:18 PM,7/3/2025,
1987,0.0,gf,-0.025,mm,OK,--,5:04:18 PM,7/3/2025,
1988,-0.1,gf,-0.025,mm,OK,--,5:04:18 PM,7/3/2025,
1989,0.0,gf,-0.020,mm,OK,--,5:04:18 PM,7/3/2025,
1990,0.0,gf,-0.020,mm,OK,--,5:04:18 PM,7/3/2025,
1991,0.0,gf,-0.020,mm,OK,--,5:04:18 PM,7/3/2025,
1992,0.0,gf,-0.020,mm,OK,--,5:04:19 PM,7/3/2025,
1993,0.0,gf,-0.020,mm,OK,--,5:04:19 PM,7/3/2025,
1994,0.0,gf,-0.020,mm,OK,--,5:04:19 PM,7/3/2025,
1995,0.0,gf,-0.020,mm,OK,--,5:04:19 PM,7/3/2025,
1996,0.0,gf,-0.015,mm,OK,--,5:04:19 PM,7/3/2025,
1997,0.0,gf,-0.015,mm,OK,--,5:04:19 PM,7/3/2025,
1998,0.0,gf,-0.015,mm,OK,--,5:04:19 PM,7/3/2025,
1999,0.1,gf,-0.015,mm,OK,--,5:04:19 PM,7/3/2025,
2000,0.0,gf,-0.015,mm,OK,--,5:04:19 PM,7/3/2025,
