Maximum,193.8,@,No.973,,,,,,
Minimum,-0.2,@,No.1960,,,,,,
Average,55.79,,,,,,,,
Data Quantity,1975,,,,,,,,
Number of NG,0,,,,,,,,
No.,Force,Unit,Displacement,Unit,Judge,Position,Time,Date,
1,0.0,gf,0.005,mm,OK,--,1:04:32 PM,3/2/2025,
2,0.0,gf,0.005,mm,OK,--,1:04:32 PM,3/2/2025,
3,0.0,gf,0.005,mm,OK,--,1:04:33 PM,3/2/2025,
4,0.0,gf,0.005,mm,OK,--,1:04:33 PM,3/2/2025,
5,0.0,gf,0.005,mm,OK,--,1:04:33 PM,3/2/2025,
6,0.0,gf,0.005,mm,OK,--,1:04:33 PM,3/2/2025,
7,0.0,gf,0.005,mm,OK,--,1:04:33 PM,3/2/2025,
8,0.0,gf,0.005,mm,OK,--,1:04:33 PM,3/2/2025,
9,0.0,gf,0.005,mm,OK,--,1:04:33 PM,3/2/2025,
10,0.0,gf,0.005,mm,OK,--,1:04:33 PM,3/2/2025,
11,0.0,gf,0.005,mm,OK,--,1:04:33 PM,3/2/2025,
12,0.0,gf,0.005,mm,OK,--,1:04:33 PM,3/2/2025,
13,0.0,gf,0.005,mm,OK,--,1:04:34 PM,3/2/2025,
14,0.0,gf,0.005,mm,OK,--,1:04:34 PM,3/2/2025,
15,0.0,gf,0.005,mm,OK,--,1:04:34 PM,3/2/2025,
16,0.0,gf,0.005,mm,OK,--,1:04:34 PM,3/2/2025,
17,0.0,gf,0.005,mm,OK,--,1:04:34 PM,3/2/2025,
18,0.0,gf,0.005,mm,OK,--,1:04:34 PM,3/2/2025,
19,0.0,gf,0.005,mm,OK,--,1:04:34 PM,3/2/2025,
20,0.0,gf,0.005,mm,OK,--,1:04:34 PM,3/2/2025,
21,0.0,gf,0.005,mm,OK,--,1:04:34 PM,3/2/2025,
22,0.0,gf,0.010,mm,OK,--,1:04:34 PM,3/2/2025,
23,0.0,gf,0.010,mm,OK,--,1:04:35 PM,3/2/2025,
24,0.0,gf,0.015,mm,OK,--,1:04:35 PM,3/2/2025,
25,0.0,gf,0.020,mm,OK,--,1:04:35 PM,3/2/2025,
26,0.0,gf,0.020,mm,OK,--,1:04:35 PM,3/2/2025,
27,0.0,gf,0.020,mm,OK,--,1:04:35 PM,3/2/2025,
28,0.0,gf,0.025,mm,OK,--,1:04:35 PM,3/2/2025,
29,0.0,gf,0.025,mm,OK,--,1:04:35 PM,3/2/2025,
30,0.0,gf,0.030,mm,OK,--,1:04:35 PM,3/2/2025,
31,0.0,gf,0.035,mm,OK,--,1:04:35 PM,3/2/2025,
32,0.0,gf,0.035,mm,OK,--,1:04:35 PM,3/2/2025,
33,0.0,gf,0.040,mm,OK,--,1:04:36 PM,3/2/2025,
34,0.0,gf,0.040,mm,OK,--,1:04:36 PM,3/2/2025,
35,0.0,gf,0.045,mm,OK,--,1:04:36 PM,3/2/2025,
36,0.0,gf,0.050,mm,OK,--,1:04:36 PM,3/2/2025,
37,0.0,gf,0.055,mm,OK,--,1:04:36 PM,3/2/2025,
38,0.0,gf,0.055,mm,OK,--,1:04:36 PM,3/2/2025,
39,0.0,gf,0.060,mm,OK,--,1:04:36 PM,3/2/2025,
40,0.0,gf,0.065,mm,OK,--,1:04:36 PM,3/2/2025,
41,0.0,gf,0.070,mm,OK,--,1:04:36 PM,3/2/2025,
42,0.0,gf,0.075,mm,OK,--,1:04:36 PM,3/2/2025,
43,0.0,gf,0.080,mm,OK,--,1:04:37 PM,3/2/2025,
44,0.0,gf,0.090,mm,OK,--,1:04:37 PM,3/2/2025,
45,0.0,gf,0.095,mm,OK,--,1:04:37 PM,3/2/2025,
46,0.0,gf,0.105,mm,OK,--,1:04:37 PM,3/2/2025,
47,0.0,gf,0.115,mm,OK,--,1:04:37 PM,3/2/2025,
48,0.0,gf,0.120,mm,OK,--,1:04:37 PM,3/2/2025,
49,0.0,gf,0.130,mm,OK,--,1:04:37 PM,3/2/2025,
50,0.0,gf,0.135,mm,OK,--,1:04:37 PM,3/2/2025,
51,0.0,gf,0.140,mm,OK,--,1:04:37 PM,3/2/2025,
52,0.0,gf,0.150,mm,OK,--,1:04:37 PM,3/2/2025,
53,0.8,gf,0.155,mm,OK,--,1:04:38 PM,3/2/2025,
54,5.9,gf,0.160,mm,OK,--,1:04:38 PM,3/2/2025,
55,11.6,gf,0.170,mm,OK,--,1:04:38 PM,3/2/2025,
56,14.9,gf,0.175,mm,OK,--,1:04:38 PM,3/2/2025,
57,18.0,gf,0.180,mm,OK,--,1:04:38 PM,3/2/2025,
58,21.3,gf,0.185,mm,OK,--,1:04:38 PM,3/2/2025,
59,26.3,gf,0.190,mm,OK,--,1:04:38 PM,3/2/2025,
60,29.5,gf,0.195,mm,OK,--,1:04:38 PM,3/2/2025,
61,30.7,gf,0.200,mm,OK,--,1:04:38 PM,3/2/2025,
62,31.1,gf,0.205,mm,OK,--,1:04:38 PM,3/2/2025,
63,31.8,gf,0.210,mm,OK,--,1:04:39 PM,3/2/2025,
64,32.4,gf,0.215,mm,OK,--,1:04:39 PM,3/2/2025,
65,34.0,gf,0.220,mm,OK,--,1:04:39 PM,3/2/2025,
66,34.6,gf,0.220,mm,OK,--,1:04:39 PM,3/2/2025,
67,34.7,gf,0.225,mm,OK,--,1:04:39 PM,3/2/2025,
68,35.3,gf,0.230,mm,OK,--,1:04:39 PM,3/2/2025,
69,35.4,gf,0.235,mm,OK,--,1:04:39 PM,3/2/2025,
70,35.9,gf,0.235,mm,OK,--,1:04:39 PM,3/2/2025,
71,35.9,gf,0.240,mm,OK,--,1:04:39 PM,3/2/2025,
72,36.0,gf,0.245,mm,OK,--,1:04:39 PM,3/2/2025,
73,36.0,gf,0.245,mm,OK,--,1:04:40 PM,3/2/2025,
74,35.6,gf,0.250,mm,OK,--,1:04:40 PM,3/2/2025,
75,35.7,gf,0.250,mm,OK,--,1:04:40 PM,3/2/2025,
76,35.8,gf,0.255,mm,OK,--,1:04:40 PM,3/2/2025,
77,37.6,gf,0.255,mm,OK,--,1:04:40 PM,3/2/2025,
78,39.9,gf,0.260,mm,OK,--,1:04:40 PM,3/2/2025,
79,41.5,gf,0.265,mm,OK,--,1:04:40 PM,3/2/2025,
80,41.7,gf,0.270,mm,OK,--,1:04:40 PM,3/2/2025,
81,41.7,gf,0.275,mm,OK,--,1:04:40 PM,3/2/2025,
82,41.7,gf,0.280,mm,OK,--,1:04:40 PM,3/2/2025,
83,41.8,gf,0.285,mm,OK,--,1:04:41 PM,3/2/2025,
84,41.8,gf,0.290,mm,OK,--,1:04:41 PM,3/2/2025,
85,41.8,gf,0.300,mm,OK,--,1:04:41 PM,3/2/2025,
86,41.9,gf,0.310,mm,OK,--,1:04:41 PM,3/2/2025,
87,42.1,gf,0.315,mm,OK,--,1:04:41 PM,3/2/2025,
88,42.4,gf,0.330,mm,OK,--,1:04:41 PM,3/2/2025,
89,42.7,gf,0.335,mm,OK,--,1:04:41 PM,3/2/2025,
90,43.0,gf,0.345,mm,OK,--,1:04:41 PM,3/2/2025,
91,43.4,gf,0.350,mm,OK,--,1:04:41 PM,3/2/2025,
92,43.9,gf,0.355,mm,OK,--,1:04:41 PM,3/2/2025,
93,44.3,gf,0.360,mm,OK,--,1:04:42 PM,3/2/2025,
94,44.6,gf,0.365,mm,OK,--,1:04:42 PM,3/2/2025,
95,44.8,gf,0.370,mm,OK,--,1:04:42 PM,3/2/2025,
96,45.0,gf,0.375,mm,OK,--,1:04:42 PM,3/2/2025,
97,45.1,gf,0.380,mm,OK,--,1:04:42 PM,3/2/2025,
98,45.3,gf,0.380,mm,OK,--,1:04:42 PM,3/2/2025,
99,45.4,gf,0.385,mm,OK,--,1:04:42 PM,3/2/2025,
100,45.5,gf,0.385,mm,OK,--,1:04:42 PM,3/2/2025,
101,45.8,gf,0.390,mm,OK,--,1:04:42 PM,3/2/2025,
102,46.0,gf,0.395,mm,OK,--,1:04:42 PM,3/2/2025,
103,46.2,gf,0.395,mm,OK,--,1:04:43 PM,3/2/2025,
104,46.5,gf,0.405,mm,OK,--,1:04:43 PM,3/2/2025,
105,46.7,gf,0.415,mm,OK,--,1:04:43 PM,3/2/2025,
106,46.7,gf,0.420,mm,OK,--,1:04:43 PM,3/2/2025,
107,46.9,gf,0.425,mm,OK,--,1:04:43 PM,3/2/2025,
108,47.1,gf,0.435,mm,OK,--,1:04:43 PM,3/2/2025,
109,47.1,gf,0.440,mm,OK,--,1:04:43 PM,3/2/2025,
110,47.2,gf,0.445,mm,OK,--,1:04:43 PM,3/2/2025,
111,47.3,gf,0.455,mm,OK,--,1:04:43 PM,3/2/2025,
112,47.5,gf,0.465,mm,OK,--,1:04:43 PM,3/2/2025,
113,47.6,gf,0.470,mm,OK,--,1:04:44 PM,3/2/2025,
114,47.8,gf,0.475,mm,OK,--,1:04:44 PM,3/2/2025,
115,47.9,gf,0.480,mm,OK,--,1:04:44 PM,3/2/2025,
116,48.0,gf,0.485,mm,OK,--,1:04:44 PM,3/2/2025,
117,48.1,gf,0.490,mm,OK,--,1:04:44 PM,3/2/2025,
118,48.2,gf,0.490,mm,OK,--,1:04:44 PM,3/2/2025,
119,48.2,gf,0.495,mm,OK,--,1:04:44 PM,3/2/2025,
120,48.2,gf,0.495,mm,OK,--,1:04:44 PM,3/2/2025,
121,48.2,gf,0.500,mm,OK,--,1:04:44 PM,3/2/2025,
122,48.2,gf,0.500,mm,OK,--,1:04:44 PM,3/2/2025,
123,48.3,gf,0.505,mm,OK,--,1:04:45 PM,3/2/2025,
124,48.3,gf,0.510,mm,OK,--,1:04:45 PM,3/2/2025,
125,48.4,gf,0.510,mm,OK,--,1:04:45 PM,3/2/2025,
126,48.4,gf,0.515,mm,OK,--,1:04:45 PM,3/2/2025,
127,48.5,gf,0.520,mm,OK,--,1:04:45 PM,3/2/2025,
128,48.5,gf,0.520,mm,OK,--,1:04:45 PM,3/2/2025,
129,48.6,gf,0.525,mm,OK,--,1:04:45 PM,3/2/2025,
130,48.7,gf,0.535,mm,OK,--,1:04:45 PM,3/2/2025,
131,48.7,gf,0.540,mm,OK,--,1:04:45 PM,3/2/2025,
132,48.7,gf,0.545,mm,OK,--,1:04:45 PM,3/2/2025,
133,48.7,gf,0.550,mm,OK,--,1:04:46 PM,3/2/2025,
134,48.8,gf,0.550,mm,OK,--,1:04:46 PM,3/2/2025,
135,48.8,gf,0.555,mm,OK,--,1:04:46 PM,3/2/2025,
136,48.8,gf,0.555,mm,OK,--,1:04:46 PM,3/2/2025,
137,48.8,gf,0.560,mm,OK,--,1:04:46 PM,3/2/2025,
138,48.8,gf,0.560,mm,OK,--,1:04:46 PM,3/2/2025,
139,48.9,gf,0.565,mm,OK,--,1:04:46 PM,3/2/2025,
140,48.9,gf,0.570,mm,OK,--,1:04:46 PM,3/2/2025,
141,48.9,gf,0.575,mm,OK,--,1:04:46 PM,3/2/2025,
142,48.8,gf,0.580,mm,OK,--,1:04:46 PM,3/2/2025,
143,48.9,gf,0.585,mm,OK,--,1:04:47 PM,3/2/2025,
144,48.9,gf,0.590,mm,OK,--,1:04:47 PM,3/2/2025,
145,48.9,gf,0.595,mm,OK,--,1:04:47 PM,3/2/2025,
146,49.0,gf,0.600,mm,OK,--,1:04:47 PM,3/2/2025,
147,49.1,gf,0.605,mm,OK,--,1:04:47 PM,3/2/2025,
148,49.1,gf,0.610,mm,OK,--,1:04:47 PM,3/2/2025,
149,49.3,gf,0.615,mm,OK,--,1:04:47 PM,3/2/2025,
150,49.5,gf,0.625,mm,OK,--,1:04:47 PM,3/2/2025,
151,49.5,gf,0.630,mm,OK,--,1:04:47 PM,3/2/2025,
152,49.7,gf,0.630,mm,OK,--,1:04:47 PM,3/2/2025,
153,49.6,gf,0.635,mm,OK,--,1:04:48 PM,3/2/2025,
154,49.7,gf,0.640,mm,OK,--,1:04:48 PM,3/2/2025,
155,49.7,gf,0.640,mm,OK,--,1:04:48 PM,3/2/2025,
156,49.7,gf,0.645,mm,OK,--,1:04:48 PM,3/2/2025,
157,49.7,gf,0.645,mm,OK,--,1:04:48 PM,3/2/2025,
158,49.8,gf,0.650,mm,OK,--,1:04:48 PM,3/2/2025,
159,50.0,gf,0.655,mm,OK,--,1:04:48 PM,3/2/2025,
160,49.9,gf,0.655,mm,OK,--,1:04:48 PM,3/2/2025,
161,49.9,gf,0.660,mm,OK,--,1:04:48 PM,3/2/2025,
162,50.0,gf,0.660,mm,OK,--,1:04:48 PM,3/2/2025,
163,50.1,gf,0.665,mm,OK,--,1:04:49 PM,3/2/2025,
164,50.0,gf,0.665,mm,OK,--,1:04:49 PM,3/2/2025,
165,50.1,gf,0.670,mm,OK,--,1:04:49 PM,3/2/2025,
166,50.1,gf,0.670,mm,OK,--,1:04:49 PM,3/2/2025,
167,50.1,gf,0.675,mm,OK,--,1:04:49 PM,3/2/2025,
168,50.2,gf,0.675,mm,OK,--,1:04:49 PM,3/2/2025,
169,50.2,gf,0.675,mm,OK,--,1:04:49 PM,3/2/2025,
170,50.2,gf,0.680,mm,OK,--,1:04:49 PM,3/2/2025,
171,50.3,gf,0.680,mm,OK,--,1:04:49 PM,3/2/2025,
172,50.4,gf,0.685,mm,OK,--,1:04:49 PM,3/2/2025,
173,50.3,gf,0.690,mm,OK,--,1:04:50 PM,3/2/2025,
174,50.3,gf,0.695,mm,OK,--,1:04:50 PM,3/2/2025,
175,50.4,gf,0.705,mm,OK,--,1:04:50 PM,3/2/2025,
176,50.4,gf,0.705,mm,OK,--,1:04:50 PM,3/2/2025,
177,50.6,gf,0.710,mm,OK,--,1:04:50 PM,3/2/2025,
178,50.7,gf,0.715,mm,OK,--,1:04:50 PM,3/2/2025,
179,50.8,gf,0.720,mm,OK,--,1:04:50 PM,3/2/2025,
180,50.8,gf,0.725,mm,OK,--,1:04:50 PM,3/2/2025,
181,50.8,gf,0.725,mm,OK,--,1:04:50 PM,3/2/2025,
182,50.9,gf,0.730,mm,OK,--,1:04:50 PM,3/2/2025,
183,51.1,gf,0.735,mm,OK,--,1:04:50 PM,3/2/2025,
184,51.2,gf,0.740,mm,OK,--,1:04:51 PM,3/2/2025,
185,51.2,gf,0.745,mm,OK,--,1:04:51 PM,3/2/2025,
186,51.3,gf,0.755,mm,OK,--,1:04:51 PM,3/2/2025,
187,51.4,gf,0.760,mm,OK,--,1:04:51 PM,3/2/2025,
188,51.4,gf,0.770,mm,OK,--,1:04:51 PM,3/2/2025,
189,51.6,gf,0.775,mm,OK,--,1:04:51 PM,3/2/2025,
190,51.5,gf,0.780,mm,OK,--,1:04:51 PM,3/2/2025,
191,51.6,gf,0.785,mm,OK,--,1:04:51 PM,3/2/2025,
192,51.7,gf,0.790,mm,OK,--,1:04:51 PM,3/2/2025,
193,51.7,gf,0.795,mm,OK,--,1:04:51 PM,3/2/2025,
194,51.9,gf,0.800,mm,OK,--,1:04:52 PM,3/2/2025,
195,52.0,gf,0.805,mm,OK,--,1:04:52 PM,3/2/2025,
196,51.9,gf,0.805,mm,OK,--,1:04:52 PM,3/2/2025,
197,51.9,gf,0.810,mm,OK,--,1:04:52 PM,3/2/2025,
198,52.0,gf,0.815,mm,OK,--,1:04:52 PM,3/2/2025,
199,52.0,gf,0.815,mm,OK,--,1:04:52 PM,3/2/2025,
200,52.1,gf,0.820,mm,OK,--,1:04:52 PM,3/2/2025,
201,52.1,gf,0.825,mm,OK,--,1:04:52 PM,3/2/2025,
202,52.1,gf,0.830,mm,OK,--,1:04:52 PM,3/2/2025,
203,52.1,gf,0.830,mm,OK,--,1:04:53 PM,3/2/2025,
204,52.3,gf,0.835,mm,OK,--,1:04:53 PM,3/2/2025,
205,52.4,gf,0.835,mm,OK,--,1:04:53 PM,3/2/2025,
206,52.5,gf,0.840,mm,OK,--,1:04:53 PM,3/2/2025,
207,52.5,gf,0.845,mm,OK,--,1:04:53 PM,3/2/2025,
208,52.5,gf,0.845,mm,OK,--,1:04:53 PM,3/2/2025,
209,52.5,gf,0.850,mm,OK,--,1:04:53 PM,3/2/2025,
210,52.4,gf,0.855,mm,OK,--,1:04:53 PM,3/2/2025,
211,52.5,gf,0.860,mm,OK,--,1:04:53 PM,3/2/2025,
212,52.4,gf,0.865,mm,OK,--,1:04:53 PM,3/2/2025,
213,52.4,gf,0.870,mm,OK,--,1:04:53 PM,3/2/2025,
214,52.6,gf,0.875,mm,OK,--,1:04:54 PM,3/2/2025,
215,52.6,gf,0.885,mm,OK,--,1:04:54 PM,3/2/2025,
216,52.7,gf,0.890,mm,OK,--,1:04:54 PM,3/2/2025,
217,52.8,gf,0.895,mm,OK,--,1:04:54 PM,3/2/2025,
218,53.1,gf,0.900,mm,OK,--,1:04:54 PM,3/2/2025,
219,53.1,gf,0.905,mm,OK,--,1:04:54 PM,3/2/2025,
220,53.1,gf,0.905,mm,OK,--,1:04:54 PM,3/2/2025,
221,53.1,gf,0.910,mm,OK,--,1:04:54 PM,3/2/2025,
222,53.2,gf,0.915,mm,OK,--,1:04:54 PM,3/2/2025,
223,53.2,gf,0.920,mm,OK,--,1:04:54 PM,3/2/2025,
224,53.2,gf,0.925,mm,OK,--,1:04:55 PM,3/2/2025,
225,53.1,gf,0.930,mm,OK,--,1:04:55 PM,3/2/2025,
226,53.1,gf,0.935,mm,OK,--,1:04:55 PM,3/2/2025,
227,53.1,gf,0.940,mm,OK,--,1:04:55 PM,3/2/2025,
228,53.1,gf,0.945,mm,OK,--,1:04:55 PM,3/2/2025,
229,53.3,gf,0.950,mm,OK,--,1:04:55 PM,3/2/2025,
230,53.4,gf,0.955,mm,OK,--,1:04:55 PM,3/2/2025,
231,53.4,gf,0.960,mm,OK,--,1:04:55 PM,3/2/2025,
232,53.6,gf,0.965,mm,OK,--,1:04:55 PM,3/2/2025,
233,53.8,gf,0.970,mm,OK,--,1:04:55 PM,3/2/2025,
234,53.8,gf,0.975,mm,OK,--,1:04:56 PM,3/2/2025,
235,53.8,gf,0.980,mm,OK,--,1:04:56 PM,3/2/2025,
236,53.8,gf,0.985,mm,OK,--,1:04:56 PM,3/2/2025,
237,53.9,gf,0.990,mm,OK,--,1:04:56 PM,3/2/2025,
238,53.8,gf,0.990,mm,OK,--,1:04:56 PM,3/2/2025,
239,53.9,gf,0.995,mm,OK,--,1:04:56 PM,3/2/2025,
240,53.8,gf,1.000,mm,OK,--,1:04:56 PM,3/2/2025,
241,53.7,gf,1.005,mm,OK,--,1:04:56 PM,3/2/2025,
242,53.7,gf,1.010,mm,OK,--,1:04:56 PM,3/2/2025,
243,53.5,gf,1.015,mm,OK,--,1:04:56 PM,3/2/2025,
244,53.6,gf,1.020,mm,OK,--,1:04:57 PM,3/2/2025,
245,53.6,gf,1.025,mm,OK,--,1:04:57 PM,3/2/2025,
246,53.6,gf,1.030,mm,OK,--,1:04:57 PM,3/2/2025,
247,53.6,gf,1.040,mm,OK,--,1:04:57 PM,3/2/2025,
248,53.5,gf,1.045,mm,OK,--,1:04:57 PM,3/2/2025,
249,53.6,gf,1.050,mm,OK,--,1:04:57 PM,3/2/2025,
250,53.6,gf,1.055,mm,OK,--,1:04:57 PM,3/2/2025,
251,53.8,gf,1.065,mm,OK,--,1:04:57 PM,3/2/2025,
252,53.7,gf,1.070,mm,OK,--,1:04:57 PM,3/2/2025,
253,53.8,gf,1.075,mm,OK,--,1:04:57 PM,3/2/2025,
254,53.9,gf,1.080,mm,OK,--,1:04:58 PM,3/2/2025,
255,54.0,gf,1.085,mm,OK,--,1:04:58 PM,3/2/2025,
256,53.9,gf,1.090,mm,OK,--,1:04:58 PM,3/2/2025,
257,53.8,gf,1.100,mm,OK,--,1:04:58 PM,3/2/2025,
258,53.8,gf,1.105,mm,OK,--,1:04:58 PM,3/2/2025,
259,53.8,gf,1.110,mm,OK,--,1:04:58 PM,3/2/2025,
260,53.8,gf,1.115,mm,OK,--,1:04:58 PM,3/2/2025,
261,53.9,gf,1.125,mm,OK,--,1:04:58 PM,3/2/2025,
262,53.8,gf,1.130,mm,OK,--,1:04:58 PM,3/2/2025,
263,53.7,gf,1.140,mm,OK,--,1:04:58 PM,3/2/2025,
264,53.8,gf,1.145,mm,OK,--,1:04:59 PM,3/2/2025,
265,53.6,gf,1.155,mm,OK,--,1:04:59 PM,3/2/2025,
266,53.6,gf,1.160,mm,OK,--,1:04:59 PM,3/2/2025,
267,53.5,gf,1.165,mm,OK,--,1:04:59 PM,3/2/2025,
268,53.6,gf,1.170,mm,OK,--,1:04:59 PM,3/2/2025,
269,53.5,gf,1.175,mm,OK,--,1:04:59 PM,3/2/2025,
270,53.4,gf,1.185,mm,OK,--,1:04:59 PM,3/2/2025,
271,53.5,gf,1.190,mm,OK,--,1:04:59 PM,3/2/2025,
272,53.5,gf,1.195,mm,OK,--,1:04:59 PM,3/2/2025,
273,53.4,gf,1.200,mm,OK,--,1:04:59 PM,3/2/2025,
274,53.2,gf,1.210,mm,OK,--,1:05:00 PM,3/2/2025,
275,53.2,gf,1.220,mm,OK,--,1:05:00 PM,3/2/2025,
276,53.1,gf,1.225,mm,OK,--,1:05:00 PM,3/2/2025,
277,52.9,gf,1.235,mm,OK,--,1:05:00 PM,3/2/2025,
278,52.8,gf,1.240,mm,OK,--,1:05:00 PM,3/2/2025,
279,52.6,gf,1.250,mm,OK,--,1:05:00 PM,3/2/2025,
280,52.6,gf,1.255,mm,OK,--,1:05:00 PM,3/2/2025,
281,52.5,gf,1.265,mm,OK,--,1:05:00 PM,3/2/2025,
282,52.5,gf,1.270,mm,OK,--,1:05:00 PM,3/2/2025,
283,52.6,gf,1.275,mm,OK,--,1:05:00 PM,3/2/2025,
284,52.5,gf,1.280,mm,OK,--,1:05:01 PM,3/2/2025,
285,52.4,gf,1.290,mm,OK,--,1:05:01 PM,3/2/2025,
286,52.2,gf,1.295,mm,OK,--,1:05:01 PM,3/2/2025,
287,52.2,gf,1.300,mm,OK,--,1:05:01 PM,3/2/2025,
288,52.3,gf,1.310,mm,OK,--,1:05:01 PM,3/2/2025,
289,52.1,gf,1.315,mm,OK,--,1:05:01 PM,3/2/2025,
290,52.1,gf,1.320,mm,OK,--,1:05:01 PM,3/2/2025,
291,52.0,gf,1.325,mm,OK,--,1:05:01 PM,3/2/2025,
292,52.1,gf,1.330,mm,OK,--,1:05:01 PM,3/2/2025,
293,52.0,gf,1.335,mm,OK,--,1:05:01 PM,3/2/2025,
294,52.0,gf,1.340,mm,OK,--,1:05:02 PM,3/2/2025,
295,52.0,gf,1.345,mm,OK,--,1:05:02 PM,3/2/2025,
296,51.9,gf,1.345,mm,OK,--,1:05:02 PM,3/2/2025,
297,51.8,gf,1.350,mm,OK,--,1:05:02 PM,3/2/2025,
298,51.8,gf,1.355,mm,OK,--,1:05:02 PM,3/2/2025,
299,51.9,gf,1.355,mm,OK,--,1:05:02 PM,3/2/2025,
300,51.9,gf,1.360,mm,OK,--,1:05:02 PM,3/2/2025,
301,51.8,gf,1.360,mm,OK,--,1:05:02 PM,3/2/2025,
302,51.7,gf,1.365,mm,OK,--,1:05:02 PM,3/2/2025,
303,51.8,gf,1.365,mm,OK,--,1:05:02 PM,3/2/2025,
304,51.7,gf,1.370,mm,OK,--,1:05:03 PM,3/2/2025,
305,51.5,gf,1.375,mm,OK,--,1:05:03 PM,3/2/2025,
306,51.5,gf,1.380,mm,OK,--,1:05:03 PM,3/2/2025,
307,51.4,gf,1.380,mm,OK,--,1:05:03 PM,3/2/2025,
308,51.4,gf,1.385,mm,OK,--,1:05:03 PM,3/2/2025,
309,51.4,gf,1.385,mm,OK,--,1:05:03 PM,3/2/2025,
310,51.5,gf,1.390,mm,OK,--,1:05:03 PM,3/2/2025,
311,51.6,gf,1.390,mm,OK,--,1:05:03 PM,3/2/2025,
312,51.6,gf,1.395,mm,OK,--,1:05:03 PM,3/2/2025,
313,51.5,gf,1.395,mm,OK,--,1:05:03 PM,3/2/2025,
314,51.4,gf,1.400,mm,OK,--,1:05:04 PM,3/2/2025,
315,51.4,gf,1.400,mm,OK,--,1:05:04 PM,3/2/2025,
316,51.4,gf,1.405,mm,OK,--,1:05:04 PM,3/2/2025,
317,51.3,gf,1.405,mm,OK,--,1:05:04 PM,3/2/2025,
318,51.1,gf,1.410,mm,OK,--,1:05:04 PM,3/2/2025,
319,51.2,gf,1.410,mm,OK,--,1:05:04 PM,3/2/2025,
320,51.1,gf,1.410,mm,OK,--,1:05:04 PM,3/2/2025,
321,51.2,gf,1.410,mm,OK,--,1:05:04 PM,3/2/2025,
322,51.2,gf,1.415,mm,OK,--,1:05:04 PM,3/2/2025,
323,51.2,gf,1.415,mm,OK,--,1:05:04 PM,3/2/2025,
324,51.2,gf,1.415,mm,OK,--,1:05:05 PM,3/2/2025,
325,51.2,gf,1.415,mm,OK,--,1:05:05 PM,3/2/2025,
326,51.1,gf,1.420,mm,OK,--,1:05:05 PM,3/2/2025,
327,51.1,gf,1.420,mm,OK,--,1:05:05 PM,3/2/2025,
328,51.2,gf,1.420,mm,OK,--,1:05:05 PM,3/2/2025,
329,51.1,gf,1.420,mm,OK,--,1:05:05 PM,3/2/2025,
330,51.0,gf,1.420,mm,OK,--,1:05:05 PM,3/2/2025,
331,51.1,gf,1.425,mm,OK,--,1:05:05 PM,3/2/2025,
332,51.1,gf,1.425,mm,OK,--,1:05:05 PM,3/2/2025,
333,51.1,gf,1.425,mm,OK,--,1:05:05 PM,3/2/2025,
334,51.1,gf,1.425,mm,OK,--,1:05:06 PM,3/2/2025,
335,51.1,gf,1.430,mm,OK,--,1:05:06 PM,3/2/2025,
336,51.2,gf,1.430,mm,OK,--,1:05:06 PM,3/2/2025,
337,51.1,gf,1.435,mm,OK,--,1:05:06 PM,3/2/2025,
338,51.1,gf,1.435,mm,OK,--,1:05:06 PM,3/2/2025,
339,51.1,gf,1.440,mm,OK,--,1:05:06 PM,3/2/2025,
340,51.1,gf,1.440,mm,OK,--,1:05:06 PM,3/2/2025,
341,51.0,gf,1.440,mm,OK,--,1:05:06 PM,3/2/2025,
342,51.1,gf,1.445,mm,OK,--,1:05:06 PM,3/2/2025,
343,51.0,gf,1.445,mm,OK,--,1:05:06 PM,3/2/2025,
344,51.0,gf,1.445,mm,OK,--,1:05:07 PM,3/2/2025,
345,51.0,gf,1.450,mm,OK,--,1:05:07 PM,3/2/2025,
346,51.1,gf,1.450,mm,OK,--,1:05:07 PM,3/2/2025,
347,51.0,gf,1.455,mm,OK,--,1:05:07 PM,3/2/2025,
348,51.0,gf,1.455,mm,OK,--,1:05:07 PM,3/2/2025,
349,51.1,gf,1.460,mm,OK,--,1:05:07 PM,3/2/2025,
350,50.9,gf,1.460,mm,OK,--,1:05:07 PM,3/2/2025,
351,50.8,gf,1.470,mm,OK,--,1:05:07 PM,3/2/2025,
352,50.7,gf,1.475,mm,OK,--,1:05:07 PM,3/2/2025,
353,50.7,gf,1.475,mm,OK,--,1:05:07 PM,3/2/2025,
354,50.7,gf,1.480,mm,OK,--,1:05:08 PM,3/2/2025,
355,50.6,gf,1.485,mm,OK,--,1:05:08 PM,3/2/2025,
356,50.7,gf,1.485,mm,OK,--,1:05:08 PM,3/2/2025,
357,50.6,gf,1.490,mm,OK,--,1:05:08 PM,3/2/2025,
358,50.6,gf,1.490,mm,OK,--,1:05:08 PM,3/2/2025,
359,50.5,gf,1.495,mm,OK,--,1:05:08 PM,3/2/2025,
360,50.5,gf,1.495,mm,OK,--,1:05:08 PM,3/2/2025,
361,50.5,gf,1.500,mm,OK,--,1:05:08 PM,3/2/2025,
362,50.5,gf,1.500,mm,OK,--,1:05:08 PM,3/2/2025,
363,50.4,gf,1.505,mm,OK,--,1:05:08 PM,3/2/2025,
364,50.4,gf,1.505,mm,OK,--,1:05:09 PM,3/2/2025,
365,50.5,gf,1.510,mm,OK,--,1:05:09 PM,3/2/2025,
366,50.4,gf,1.510,mm,OK,--,1:05:09 PM,3/2/2025,
367,50.4,gf,1.515,mm,OK,--,1:05:09 PM,3/2/2025,
368,50.4,gf,1.515,mm,OK,--,1:05:09 PM,3/2/2025,
369,50.5,gf,1.520,mm,OK,--,1:05:09 PM,3/2/2025,
370,50.5,gf,1.520,mm,OK,--,1:05:09 PM,3/2/2025,
371,50.5,gf,1.525,mm,OK,--,1:05:09 PM,3/2/2025,
372,50.5,gf,1.530,mm,OK,--,1:05:09 PM,3/2/2025,
373,50.6,gf,1.530,mm,OK,--,1:05:09 PM,3/2/2025,
374,50.6,gf,1.530,mm,OK,--,1:05:10 PM,3/2/2025,
375,50.5,gf,1.535,mm,OK,--,1:05:10 PM,3/2/2025,
376,50.5,gf,1.535,mm,OK,--,1:05:10 PM,3/2/2025,
377,50.5,gf,1.540,mm,OK,--,1:05:10 PM,3/2/2025,
378,50.3,gf,1.540,mm,OK,--,1:05:10 PM,3/2/2025,
379,50.2,gf,1.545,mm,OK,--,1:05:10 PM,3/2/2025,
380,50.1,gf,1.545,mm,OK,--,1:05:10 PM,3/2/2025,
381,50.1,gf,1.550,mm,OK,--,1:05:10 PM,3/2/2025,
382,50.1,gf,1.555,mm,OK,--,1:05:10 PM,3/2/2025,
383,50.0,gf,1.555,mm,OK,--,1:05:10 PM,3/2/2025,
384,50.0,gf,1.560,mm,OK,--,1:05:11 PM,3/2/2025,
385,49.9,gf,1.560,mm,OK,--,1:05:11 PM,3/2/2025,
386,49.9,gf,1.560,mm,OK,--,1:05:11 PM,3/2/2025,
387,50.0,gf,1.565,mm,OK,--,1:05:11 PM,3/2/2025,
388,49.9,gf,1.565,mm,OK,--,1:05:11 PM,3/2/2025,
389,49.9,gf,1.565,mm,OK,--,1:05:11 PM,3/2/2025,
390,49.9,gf,1.570,mm,OK,--,1:05:11 PM,3/2/2025,
391,50.0,gf,1.570,mm,OK,--,1:05:11 PM,3/2/2025,
392,50.0,gf,1.575,mm,OK,--,1:05:11 PM,3/2/2025,
393,50.0,gf,1.575,mm,OK,--,1:05:11 PM,3/2/2025,
394,50.0,gf,1.575,mm,OK,--,1:05:12 PM,3/2/2025,
395,50.1,gf,1.580,mm,OK,--,1:05:12 PM,3/2/2025,
396,50.1,gf,1.580,mm,OK,--,1:05:12 PM,3/2/2025,
397,50.0,gf,1.585,mm,OK,--,1:05:12 PM,3/2/2025,
398,50.0,gf,1.590,mm,OK,--,1:05:12 PM,3/2/2025,
399,49.8,gf,1.595,mm,OK,--,1:05:12 PM,3/2/2025,
400,49.6,gf,1.600,mm,OK,--,1:05:12 PM,3/2/2025,
401,49.5,gf,1.605,mm,OK,--,1:05:12 PM,3/2/2025,
402,49.4,gf,1.615,mm,OK,--,1:05:12 PM,3/2/2025,
403,49.4,gf,1.620,mm,OK,--,1:05:12 PM,3/2/2025,
404,49.3,gf,1.625,mm,OK,--,1:05:13 PM,3/2/2025,
405,49.3,gf,1.630,mm,OK,--,1:05:13 PM,3/2/2025,
406,49.3,gf,1.630,mm,OK,--,1:05:13 PM,3/2/2025,
407,49.3,gf,1.635,mm,OK,--,1:05:13 PM,3/2/2025,
408,49.4,gf,1.640,mm,OK,--,1:05:13 PM,3/2/2025,
409,49.3,gf,1.645,mm,OK,--,1:05:13 PM,3/2/2025,
410,49.4,gf,1.650,mm,OK,--,1:05:13 PM,3/2/2025,
411,49.4,gf,1.650,mm,OK,--,1:05:13 PM,3/2/2025,
412,49.4,gf,1.655,mm,OK,--,1:05:13 PM,3/2/2025,
413,49.5,gf,1.660,mm,OK,--,1:05:13 PM,3/2/2025,
414,49.6,gf,1.665,mm,OK,--,1:05:14 PM,3/2/2025,
415,49.9,gf,1.670,mm,OK,--,1:05:14 PM,3/2/2025,
416,50.1,gf,1.680,mm,OK,--,1:05:14 PM,3/2/2025,
417,50.2,gf,1.685,mm,OK,--,1:05:14 PM,3/2/2025,
418,50.3,gf,1.690,mm,OK,--,1:05:14 PM,3/2/2025,
419,50.5,gf,1.695,mm,OK,--,1:05:14 PM,3/2/2025,
420,50.5,gf,1.700,mm,OK,--,1:05:14 PM,3/2/2025,
421,50.2,gf,1.710,mm,OK,--,1:05:14 PM,3/2/2025,
422,50.0,gf,1.715,mm,OK,--,1:05:14 PM,3/2/2025,
423,49.6,gf,1.720,mm,OK,--,1:05:14 PM,3/2/2025,
424,49.2,gf,1.730,mm,OK,--,1:05:15 PM,3/2/2025,
425,49.0,gf,1.735,mm,OK,--,1:05:15 PM,3/2/2025,
426,48.9,gf,1.745,mm,OK,--,1:05:15 PM,3/2/2025,
427,48.9,gf,1.750,mm,OK,--,1:05:15 PM,3/2/2025,
428,48.8,gf,1.750,mm,OK,--,1:05:15 PM,3/2/2025,
429,48.8,gf,1.755,mm,OK,--,1:05:15 PM,3/2/2025,
430,48.8,gf,1.755,mm,OK,--,1:05:15 PM,3/2/2025,
431,48.8,gf,1.760,mm,OK,--,1:05:15 PM,3/2/2025,
432,48.7,gf,1.765,mm,OK,--,1:05:15 PM,3/2/2025,
433,48.6,gf,1.770,mm,OK,--,1:05:15 PM,3/2/2025,
434,48.6,gf,1.775,mm,OK,--,1:05:16 PM,3/2/2025,
435,48.5,gf,1.785,mm,OK,--,1:05:16 PM,3/2/2025,
436,48.4,gf,1.790,mm,OK,--,1:05:16 PM,3/2/2025,
437,48.2,gf,1.795,mm,OK,--,1:05:16 PM,3/2/2025,
438,48.0,gf,1.800,mm,OK,--,1:05:16 PM,3/2/2025,
439,47.9,gf,1.810,mm,OK,--,1:05:16 PM,3/2/2025,
440,47.8,gf,1.810,mm,OK,--,1:05:16 PM,3/2/2025,
441,47.8,gf,1.815,mm,OK,--,1:05:16 PM,3/2/2025,
442,47.7,gf,1.820,mm,OK,--,1:05:16 PM,3/2/2025,
443,47.6,gf,1.830,mm,OK,--,1:05:16 PM,3/2/2025,
444,47.6,gf,1.835,mm,OK,--,1:05:17 PM,3/2/2025,
445,47.6,gf,1.840,mm,OK,--,1:05:17 PM,3/2/2025,
446,47.6,gf,1.845,mm,OK,--,1:05:17 PM,3/2/2025,
447,47.6,gf,1.850,mm,OK,--,1:05:17 PM,3/2/2025,
448,47.5,gf,1.855,mm,OK,--,1:05:17 PM,3/2/2025,
449,47.6,gf,1.865,mm,OK,--,1:05:17 PM,3/2/2025,
450,47.6,gf,1.870,mm,OK,--,1:05:17 PM,3/2/2025,
451,47.6,gf,1.875,mm,OK,--,1:05:17 PM,3/2/2025,
452,47.8,gf,1.880,mm,OK,--,1:05:17 PM,3/2/2025,
453,47.7,gf,1.880,mm,OK,--,1:05:17 PM,3/2/2025,
454,47.7,gf,1.885,mm,OK,--,1:05:18 PM,3/2/2025,
455,47.7,gf,1.890,mm,OK,--,1:05:18 PM,3/2/2025,
456,47.6,gf,1.895,mm,OK,--,1:05:18 PM,3/2/2025,
457,47.9,gf,1.900,mm,OK,--,1:05:18 PM,3/2/2025,
458,47.8,gf,1.900,mm,OK,--,1:05:18 PM,3/2/2025,
459,47.7,gf,1.910,mm,OK,--,1:05:18 PM,3/2/2025,
460,47.7,gf,1.920,mm,OK,--,1:05:18 PM,3/2/2025,
461,47.7,gf,1.925,mm,OK,--,1:05:18 PM,3/2/2025,
462,47.7,gf,1.930,mm,OK,--,1:05:18 PM,3/2/2025,
463,47.6,gf,1.935,mm,OK,--,1:05:18 PM,3/2/2025,
464,47.7,gf,1.940,mm,OK,--,1:05:19 PM,3/2/2025,
465,47.6,gf,1.940,mm,OK,--,1:05:19 PM,3/2/2025,
466,47.6,gf,1.945,mm,OK,--,1:05:19 PM,3/2/2025,
467,47.7,gf,1.950,mm,OK,--,1:05:19 PM,3/2/2025,
468,47.6,gf,1.950,mm,OK,--,1:05:19 PM,3/2/2025,
469,47.5,gf,1.950,mm,OK,--,1:05:19 PM,3/2/2025,
470,47.5,gf,1.955,mm,OK,--,1:05:19 PM,3/2/2025,
471,47.6,gf,1.955,mm,OK,--,1:05:19 PM,3/2/2025,
472,47.6,gf,1.955,mm,OK,--,1:05:19 PM,3/2/2025,
473,47.7,gf,1.955,mm,OK,--,1:05:19 PM,3/2/2025,
474,47.8,gf,1.960,mm,OK,--,1:05:20 PM,3/2/2025,
475,47.7,gf,1.960,mm,OK,--,1:05:20 PM,3/2/2025,
476,47.6,gf,1.965,mm,OK,--,1:05:20 PM,3/2/2025,
477,47.6,gf,1.970,mm,OK,--,1:05:20 PM,3/2/2025,
478,47.6,gf,1.975,mm,OK,--,1:05:20 PM,3/2/2025,
479,47.6,gf,1.980,mm,OK,--,1:05:20 PM,3/2/2025,
480,47.6,gf,1.980,mm,OK,--,1:05:20 PM,3/2/2025,
481,47.7,gf,1.985,mm,OK,--,1:05:20 PM,3/2/2025,
482,47.7,gf,1.985,mm,OK,--,1:05:20 PM,3/2/2025,
483,47.7,gf,1.985,mm,OK,--,1:05:20 PM,3/2/2025,
484,47.7,gf,1.990,mm,OK,--,1:05:21 PM,3/2/2025,
485,47.8,gf,1.990,mm,OK,--,1:05:21 PM,3/2/2025,
486,47.8,gf,1.995,mm,OK,--,1:05:21 PM,3/2/2025,
487,47.7,gf,1.995,mm,OK,--,1:05:21 PM,3/2/2025,
488,47.8,gf,2.000,mm,OK,--,1:05:21 PM,3/2/2025,
489,47.9,gf,2.000,mm,OK,--,1:05:21 PM,3/2/2025,
490,47.9,gf,2.005,mm,OK,--,1:05:21 PM,3/2/2025,
491,47.9,gf,2.010,mm,OK,--,1:05:21 PM,3/2/2025,
492,47.9,gf,2.010,mm,OK,--,1:05:21 PM,3/2/2025,
493,47.9,gf,2.015,mm,OK,--,1:05:21 PM,3/2/2025,
494,47.9,gf,2.015,mm,OK,--,1:05:22 PM,3/2/2025,
495,47.9,gf,2.015,mm,OK,--,1:05:22 PM,3/2/2025,
496,47.9,gf,2.020,mm,OK,--,1:05:22 PM,3/2/2025,
497,48.0,gf,2.020,mm,OK,--,1:05:22 PM,3/2/2025,
498,48.0,gf,2.025,mm,OK,--,1:05:22 PM,3/2/2025,
499,48.0,gf,2.025,mm,OK,--,1:05:22 PM,3/2/2025,
500,48.0,gf,2.030,mm,OK,--,1:05:22 PM,3/2/2025,
501,48.0,gf,2.030,mm,OK,--,1:05:22 PM,3/2/2025,
502,48.0,gf,2.030,mm,OK,--,1:05:22 PM,3/2/2025,
503,47.9,gf,2.035,mm,OK,--,1:05:22 PM,3/2/2025,
504,48.0,gf,2.035,mm,OK,--,1:05:23 PM,3/2/2025,
505,48.0,gf,2.040,mm,OK,--,1:05:23 PM,3/2/2025,
506,48.0,gf,2.040,mm,OK,--,1:05:23 PM,3/2/2025,
507,48.0,gf,2.045,mm,OK,--,1:05:23 PM,3/2/2025,
508,48.0,gf,2.045,mm,OK,--,1:05:23 PM,3/2/2025,
509,48.1,gf,2.050,mm,OK,--,1:05:23 PM,3/2/2025,
510,48.1,gf,2.055,mm,OK,--,1:05:23 PM,3/2/2025,
511,48.1,gf,2.055,mm,OK,--,1:05:23 PM,3/2/2025,
512,48.0,gf,2.055,mm,OK,--,1:05:23 PM,3/2/2025,
513,48.0,gf,2.060,mm,OK,--,1:05:23 PM,3/2/2025,
514,48.0,gf,2.060,mm,OK,--,1:05:24 PM,3/2/2025,
515,48.0,gf,2.060,mm,OK,--,1:05:24 PM,3/2/2025,
516,47.9,gf,2.065,mm,OK,--,1:05:24 PM,3/2/2025,
517,47.9,gf,2.065,mm,OK,--,1:05:24 PM,3/2/2025,
518,47.9,gf,2.065,mm,OK,--,1:05:24 PM,3/2/2025,
519,47.8,gf,2.065,mm,OK,--,1:05:24 PM,3/2/2025,
520,47.9,gf,2.065,mm,OK,--,1:05:24 PM,3/2/2025,
521,48.0,gf,2.065,mm,OK,--,1:05:24 PM,3/2/2025,
522,48.0,gf,2.070,mm,OK,--,1:05:24 PM,3/2/2025,
523,48.1,gf,2.070,mm,OK,--,1:05:24 PM,3/2/2025,
524,48.0,gf,2.075,mm,OK,--,1:05:25 PM,3/2/2025,
525,48.0,gf,2.075,mm,OK,--,1:05:25 PM,3/2/2025,
526,48.0,gf,2.080,mm,OK,--,1:05:25 PM,3/2/2025,
527,48.0,gf,2.080,mm,OK,--,1:05:25 PM,3/2/2025,
528,48.0,gf,2.085,mm,OK,--,1:05:25 PM,3/2/2025,
529,48.1,gf,2.090,mm,OK,--,1:05:25 PM,3/2/2025,
530,48.1,gf,2.090,mm,OK,--,1:05:25 PM,3/2/2025,
531,48.2,gf,2.100,mm,OK,--,1:05:25 PM,3/2/2025,
532,48.2,gf,2.105,mm,OK,--,1:05:25 PM,3/2/2025,
533,48.2,gf,2.105,mm,OK,--,1:05:25 PM,3/2/2025,
534,48.2,gf,2.110,mm,OK,--,1:05:26 PM,3/2/2025,
535,48.2,gf,2.110,mm,OK,--,1:05:26 PM,3/2/2025,
536,48.2,gf,2.110,mm,OK,--,1:05:26 PM,3/2/2025,
537,48.2,gf,2.115,mm,OK,--,1:05:26 PM,3/2/2025,
538,48.2,gf,2.115,mm,OK,--,1:05:26 PM,3/2/2025,
539,48.3,gf,2.115,mm,OK,--,1:05:26 PM,3/2/2025,
540,48.4,gf,2.115,mm,OK,--,1:05:26 PM,3/2/2025,
541,48.4,gf,2.120,mm,OK,--,1:05:26 PM,3/2/2025,
542,48.5,gf,2.125,mm,OK,--,1:05:26 PM,3/2/2025,
543,48.5,gf,2.125,mm,OK,--,1:05:26 PM,3/2/2025,
544,48.6,gf,2.130,mm,OK,--,1:05:27 PM,3/2/2025,
545,48.5,gf,2.135,mm,OK,--,1:05:27 PM,3/2/2025,
546,48.5,gf,2.135,mm,OK,--,1:05:27 PM,3/2/2025,
547,48.6,gf,2.140,mm,OK,--,1:05:27 PM,3/2/2025,
548,48.6,gf,2.140,mm,OK,--,1:05:27 PM,3/2/2025,
549,48.6,gf,2.145,mm,OK,--,1:05:27 PM,3/2/2025,
550,48.6,gf,2.145,mm,OK,--,1:05:27 PM,3/2/2025,
551,48.5,gf,2.150,mm,OK,--,1:05:27 PM,3/2/2025,
552,48.6,gf,2.150,mm,OK,--,1:05:27 PM,3/2/2025,
553,48.7,gf,2.155,mm,OK,--,1:05:27 PM,3/2/2025,
554,48.7,gf,2.160,mm,OK,--,1:05:28 PM,3/2/2025,
555,48.7,gf,2.165,mm,OK,--,1:05:28 PM,3/2/2025,
556,48.7,gf,2.170,mm,OK,--,1:05:28 PM,3/2/2025,
557,48.8,gf,2.175,mm,OK,--,1:05:28 PM,3/2/2025,
558,48.8,gf,2.180,mm,OK,--,1:05:28 PM,3/2/2025,
559,48.8,gf,2.185,mm,OK,--,1:05:28 PM,3/2/2025,
560,48.9,gf,2.190,mm,OK,--,1:05:28 PM,3/2/2025,
561,48.9,gf,2.195,mm,OK,--,1:05:28 PM,3/2/2025,
562,48.9,gf,2.200,mm,OK,--,1:05:28 PM,3/2/2025,
563,48.9,gf,2.205,mm,OK,--,1:05:28 PM,3/2/2025,
564,48.9,gf,2.210,mm,OK,--,1:05:29 PM,3/2/2025,
565,48.9,gf,2.220,mm,OK,--,1:05:29 PM,3/2/2025,
566,48.9,gf,2.225,mm,OK,--,1:05:29 PM,3/2/2025,
567,49.0,gf,2.230,mm,OK,--,1:05:29 PM,3/2/2025,
568,49.1,gf,2.240,mm,OK,--,1:05:29 PM,3/2/2025,
569,49.3,gf,2.255,mm,OK,--,1:05:29 PM,3/2/2025,
570,49.3,gf,2.260,mm,OK,--,1:05:29 PM,3/2/2025,
571,49.3,gf,2.270,mm,OK,--,1:05:29 PM,3/2/2025,
572,49.3,gf,2.280,mm,OK,--,1:05:29 PM,3/2/2025,
573,49.5,gf,2.285,mm,OK,--,1:05:29 PM,3/2/2025,
574,49.4,gf,2.295,mm,OK,--,1:05:30 PM,3/2/2025,
575,49.4,gf,2.305,mm,OK,--,1:05:30 PM,3/2/2025,
576,49.6,gf,2.315,mm,OK,--,1:05:30 PM,3/2/2025,
577,49.7,gf,2.325,mm,OK,--,1:05:30 PM,3/2/2025,
578,49.8,gf,2.335,mm,OK,--,1:05:30 PM,3/2/2025,
579,50.0,gf,2.345,mm,OK,--,1:05:30 PM,3/2/2025,
580,50.0,gf,2.355,mm,OK,--,1:05:30 PM,3/2/2025,
581,50.0,gf,2.365,mm,OK,--,1:05:30 PM,3/2/2025,
582,50.1,gf,2.375,mm,OK,--,1:05:30 PM,3/2/2025,
583,50.2,gf,2.380,mm,OK,--,1:05:30 PM,3/2/2025,
584,50.2,gf,2.385,mm,OK,--,1:05:31 PM,3/2/2025,
585,50.3,gf,2.390,mm,OK,--,1:05:31 PM,3/2/2025,
586,50.3,gf,2.400,mm,OK,--,1:05:31 PM,3/2/2025,
587,50.4,gf,2.410,mm,OK,--,1:05:31 PM,3/2/2025,
588,50.3,gf,2.415,mm,OK,--,1:05:31 PM,3/2/2025,
589,50.4,gf,2.420,mm,OK,--,1:05:31 PM,3/2/2025,
590,50.5,gf,2.425,mm,OK,--,1:05:31 PM,3/2/2025,
591,50.5,gf,2.430,mm,OK,--,1:05:31 PM,3/2/2025,
592,50.7,gf,2.435,mm,OK,--,1:05:31 PM,3/2/2025,
593,50.7,gf,2.435,mm,OK,--,1:05:31 PM,3/2/2025,
594,50.7,gf,2.440,mm,OK,--,1:05:32 PM,3/2/2025,
595,50.9,gf,2.445,mm,OK,--,1:05:32 PM,3/2/2025,
596,50.9,gf,2.455,mm,OK,--,1:05:32 PM,3/2/2025,
597,51.0,gf,2.460,mm,OK,--,1:05:32 PM,3/2/2025,
598,51.1,gf,2.460,mm,OK,--,1:05:32 PM,3/2/2025,
599,51.2,gf,2.465,mm,OK,--,1:05:32 PM,3/2/2025,
600,51.2,gf,2.465,mm,OK,--,1:05:32 PM,3/2/2025,
601,51.2,gf,2.470,mm,OK,--,1:05:32 PM,3/2/2025,
602,51.3,gf,2.475,mm,OK,--,1:05:32 PM,3/2/2025,
603,51.4,gf,2.480,mm,OK,--,1:05:32 PM,3/2/2025,
604,51.4,gf,2.485,mm,OK,--,1:05:33 PM,3/2/2025,
605,51.4,gf,2.490,mm,OK,--,1:05:33 PM,3/2/2025,
606,51.4,gf,2.490,mm,OK,--,1:05:33 PM,3/2/2025,
607,51.4,gf,2.495,mm,OK,--,1:05:33 PM,3/2/2025,
608,51.4,gf,2.495,mm,OK,--,1:05:33 PM,3/2/2025,
609,51.4,gf,2.500,mm,OK,--,1:05:33 PM,3/2/2025,
610,51.4,gf,2.505,mm,OK,--,1:05:33 PM,3/2/2025,
611,51.4,gf,2.510,mm,OK,--,1:05:33 PM,3/2/2025,
612,51.4,gf,2.510,mm,OK,--,1:05:33 PM,3/2/2025,
613,51.4,gf,2.515,mm,OK,--,1:05:33 PM,3/2/2025,
614,51.5,gf,2.520,mm,OK,--,1:05:34 PM,3/2/2025,
615,51.5,gf,2.525,mm,OK,--,1:05:34 PM,3/2/2025,
616,51.5,gf,2.530,mm,OK,--,1:05:34 PM,3/2/2025,
617,51.5,gf,2.535,mm,OK,--,1:05:34 PM,3/2/2025,
618,51.5,gf,2.540,mm,OK,--,1:05:34 PM,3/2/2025,
619,51.7,gf,2.550,mm,OK,--,1:05:34 PM,3/2/2025,
620,51.9,gf,2.560,mm,OK,--,1:05:34 PM,3/2/2025,
621,51.9,gf,2.565,mm,OK,--,1:05:34 PM,3/2/2025,
622,51.9,gf,2.570,mm,OK,--,1:05:34 PM,3/2/2025,
623,51.9,gf,2.580,mm,OK,--,1:05:34 PM,3/2/2025,
624,52.1,gf,2.590,mm,OK,--,1:05:35 PM,3/2/2025,
625,52.1,gf,2.600,mm,OK,--,1:05:35 PM,3/2/2025,
626,52.2,gf,2.610,mm,OK,--,1:05:35 PM,3/2/2025,
627,52.2,gf,2.620,mm,OK,--,1:05:35 PM,3/2/2025,
628,52.2,gf,2.625,mm,OK,--,1:05:35 PM,3/2/2025,
629,52.2,gf,2.635,mm,OK,--,1:05:35 PM,3/2/2025,
630,52.2,gf,2.645,mm,OK,--,1:05:35 PM,3/2/2025,
631,52.2,gf,2.655,mm,OK,--,1:05:35 PM,3/2/2025,
632,52.2,gf,2.665,mm,OK,--,1:05:35 PM,3/2/2025,
633,52.2,gf,2.675,mm,OK,--,1:05:35 PM,3/2/2025,
634,52.2,gf,2.685,mm,OK,--,1:05:36 PM,3/2/2025,
635,52.2,gf,2.695,mm,OK,--,1:05:36 PM,3/2/2025,
636,52.3,gf,2.705,mm,OK,--,1:05:36 PM,3/2/2025,
637,52.4,gf,2.710,mm,OK,--,1:05:36 PM,3/2/2025,
638,52.3,gf,2.720,mm,OK,--,1:05:36 PM,3/2/2025,
639,52.4,gf,2.730,mm,OK,--,1:05:36 PM,3/2/2025,
640,52.5,gf,2.740,mm,OK,--,1:05:36 PM,3/2/2025,
641,52.5,gf,2.750,mm,OK,--,1:05:36 PM,3/2/2025,
642,52.5,gf,2.760,mm,OK,--,1:05:36 PM,3/2/2025,
643,52.8,gf,2.765,mm,OK,--,1:05:36 PM,3/2/2025,
644,53.2,gf,2.775,mm,OK,--,1:05:37 PM,3/2/2025,
645,53.6,gf,2.790,mm,OK,--,1:05:37 PM,3/2/2025,
646,54.0,gf,2.800,mm,OK,--,1:05:37 PM,3/2/2025,
647,54.2,gf,2.810,mm,OK,--,1:05:37 PM,3/2/2025,
648,54.4,gf,2.820,mm,OK,--,1:05:37 PM,3/2/2025,
649,54.5,gf,2.825,mm,OK,--,1:05:37 PM,3/2/2025,
650,54.6,gf,2.835,mm,OK,--,1:05:37 PM,3/2/2025,
651,54.7,gf,2.840,mm,OK,--,1:05:37 PM,3/2/2025,
652,54.7,gf,2.845,mm,OK,--,1:05:37 PM,3/2/2025,
653,54.8,gf,2.850,mm,OK,--,1:05:37 PM,3/2/2025,
654,54.9,gf,2.860,mm,OK,--,1:05:38 PM,3/2/2025,
655,54.9,gf,2.870,mm,OK,--,1:05:38 PM,3/2/2025,
656,54.9,gf,2.880,mm,OK,--,1:05:38 PM,3/2/2025,
657,54.9,gf,2.890,mm,OK,--,1:05:38 PM,3/2/2025,
658,55.0,gf,2.895,mm,OK,--,1:05:38 PM,3/2/2025,
659,55.0,gf,2.905,mm,OK,--,1:05:38 PM,3/2/2025,
660,55.1,gf,2.910,mm,OK,--,1:05:38 PM,3/2/2025,
661,55.1,gf,2.915,mm,OK,--,1:05:38 PM,3/2/2025,
662,55.2,gf,2.925,mm,OK,--,1:05:38 PM,3/2/2025,
663,55.1,gf,2.930,mm,OK,--,1:05:38 PM,3/2/2025,
664,55.1,gf,2.935,mm,OK,--,1:05:39 PM,3/2/2025,
665,55.1,gf,2.940,mm,OK,--,1:05:39 PM,3/2/2025,
666,55.1,gf,2.945,mm,OK,--,1:05:39 PM,3/2/2025,
667,55.1,gf,2.945,mm,OK,--,1:05:39 PM,3/2/2025,
668,55.2,gf,2.950,mm,OK,--,1:05:39 PM,3/2/2025,
669,55.2,gf,2.955,mm,OK,--,1:05:39 PM,3/2/2025,
670,55.2,gf,2.965,mm,OK,--,1:05:39 PM,3/2/2025,
671,55.3,gf,2.970,mm,OK,--,1:05:39 PM,3/2/2025,
672,55.3,gf,2.975,mm,OK,--,1:05:39 PM,3/2/2025,
673,55.3,gf,2.975,mm,OK,--,1:05:39 PM,3/2/2025,
674,55.4,gf,2.980,mm,OK,--,1:05:40 PM,3/2/2025,
675,55.4,gf,2.985,mm,OK,--,1:05:40 PM,3/2/2025,
676,55.5,gf,2.995,mm,OK,--,1:05:40 PM,3/2/2025,
677,55.5,gf,3.000,mm,OK,--,1:05:40 PM,3/2/2025,
678,55.5,gf,3.005,mm,OK,--,1:05:40 PM,3/2/2025,
679,55.5,gf,3.010,mm,OK,--,1:05:40 PM,3/2/2025,
680,55.5,gf,3.015,mm,OK,--,1:05:40 PM,3/2/2025,
681,55.5,gf,3.015,mm,OK,--,1:05:40 PM,3/2/2025,
682,55.6,gf,3.020,mm,OK,--,1:05:40 PM,3/2/2025,
683,55.6,gf,3.020,mm,OK,--,1:05:40 PM,3/2/2025,
684,55.7,gf,3.025,mm,OK,--,1:05:41 PM,3/2/2025,
685,55.6,gf,3.030,mm,OK,--,1:05:41 PM,3/2/2025,
686,55.7,gf,3.035,mm,OK,--,1:05:41 PM,3/2/2025,
687,55.7,gf,3.035,mm,OK,--,1:05:41 PM,3/2/2025,
688,55.7,gf,3.040,mm,OK,--,1:05:41 PM,3/2/2025,
689,55.7,gf,3.045,mm,OK,--,1:05:41 PM,3/2/2025,
690,55.7,gf,3.045,mm,OK,--,1:05:41 PM,3/2/2025,
691,55.7,gf,3.050,mm,OK,--,1:05:41 PM,3/2/2025,
692,55.7,gf,3.055,mm,OK,--,1:05:41 PM,3/2/2025,
693,55.8,gf,3.055,mm,OK,--,1:05:41 PM,3/2/2025,
694,55.8,gf,3.060,mm,OK,--,1:05:42 PM,3/2/2025,
695,55.8,gf,3.065,mm,OK,--,1:05:42 PM,3/2/2025,
696,55.8,gf,3.070,mm,OK,--,1:05:42 PM,3/2/2025,
697,55.8,gf,3.070,mm,OK,--,1:05:42 PM,3/2/2025,
698,55.8,gf,3.075,mm,OK,--,1:05:42 PM,3/2/2025,
699,55.8,gf,3.080,mm,OK,--,1:05:42 PM,3/2/2025,
700,55.9,gf,3.085,mm,OK,--,1:05:42 PM,3/2/2025,
701,56.0,gf,3.090,mm,OK,--,1:05:42 PM,3/2/2025,
702,56.0,gf,3.095,mm,OK,--,1:05:42 PM,3/2/2025,
703,56.1,gf,3.100,mm,OK,--,1:05:42 PM,3/2/2025,
704,56.1,gf,3.105,mm,OK,--,1:05:43 PM,3/2/2025,
705,56.1,gf,3.110,mm,OK,--,1:05:43 PM,3/2/2025,
706,56.1,gf,3.115,mm,OK,--,1:05:43 PM,3/2/2025,
707,56.1,gf,3.120,mm,OK,--,1:05:43 PM,3/2/2025,
708,56.0,gf,3.125,mm,OK,--,1:05:43 PM,3/2/2025,
709,56.0,gf,3.130,mm,OK,--,1:05:43 PM,3/2/2025,
710,56.1,gf,3.135,mm,OK,--,1:05:43 PM,3/2/2025,
711,56.0,gf,3.135,mm,OK,--,1:05:43 PM,3/2/2025,
712,56.0,gf,3.140,mm,OK,--,1:05:43 PM,3/2/2025,
713,56.1,gf,3.145,mm,OK,--,1:05:43 PM,3/2/2025,
714,56.1,gf,3.150,mm,OK,--,1:05:44 PM,3/2/2025,
715,56.1,gf,3.155,mm,OK,--,1:05:44 PM,3/2/2025,
716,56.1,gf,3.155,mm,OK,--,1:05:44 PM,3/2/2025,
717,56.2,gf,3.160,mm,OK,--,1:05:44 PM,3/2/2025,
718,56.2,gf,3.160,mm,OK,--,1:05:44 PM,3/2/2025,
719,56.2,gf,3.165,mm,OK,--,1:05:44 PM,3/2/2025,
720,56.2,gf,3.170,mm,OK,--,1:05:44 PM,3/2/2025,
721,56.3,gf,3.170,mm,OK,--,1:05:44 PM,3/2/2025,
722,56.3,gf,3.175,mm,OK,--,1:05:44 PM,3/2/2025,
723,56.3,gf,3.180,mm,OK,--,1:05:44 PM,3/2/2025,
724,56.3,gf,3.180,mm,OK,--,1:05:45 PM,3/2/2025,
725,56.4,gf,3.185,mm,OK,--,1:05:45 PM,3/2/2025,
726,56.4,gf,3.190,mm,OK,--,1:05:45 PM,3/2/2025,
727,56.4,gf,3.195,mm,OK,--,1:05:45 PM,3/2/2025,
728,56.4,gf,3.195,mm,OK,--,1:05:45 PM,3/2/2025,
729,56.4,gf,3.200,mm,OK,--,1:05:45 PM,3/2/2025,
730,56.4,gf,3.200,mm,OK,--,1:05:45 PM,3/2/2025,
731,56.4,gf,3.205,mm,OK,--,1:05:45 PM,3/2/2025,
732,56.4,gf,3.210,mm,OK,--,1:05:45 PM,3/2/2025,
733,56.5,gf,3.215,mm,OK,--,1:05:45 PM,3/2/2025,
734,56.5,gf,3.220,mm,OK,--,1:05:46 PM,3/2/2025,
735,56.5,gf,3.220,mm,OK,--,1:05:46 PM,3/2/2025,
736,56.5,gf,3.225,mm,OK,--,1:05:46 PM,3/2/2025,
737,56.5,gf,3.225,mm,OK,--,1:05:46 PM,3/2/2025,
738,56.6,gf,3.230,mm,OK,--,1:05:46 PM,3/2/2025,
739,56.6,gf,3.230,mm,OK,--,1:05:46 PM,3/2/2025,
740,56.6,gf,3.235,mm,OK,--,1:05:46 PM,3/2/2025,
741,56.6,gf,3.235,mm,OK,--,1:05:46 PM,3/2/2025,
742,56.6,gf,3.240,mm,OK,--,1:05:46 PM,3/2/2025,
743,56.7,gf,3.240,mm,OK,--,1:05:46 PM,3/2/2025,
744,56.7,gf,3.240,mm,OK,--,1:05:47 PM,3/2/2025,
745,56.7,gf,3.245,mm,OK,--,1:05:47 PM,3/2/2025,
746,56.7,gf,3.245,mm,OK,--,1:05:47 PM,3/2/2025,
747,56.7,gf,3.245,mm,OK,--,1:05:47 PM,3/2/2025,
748,56.7,gf,3.250,mm,OK,--,1:05:47 PM,3/2/2025,
749,56.7,gf,3.250,mm,OK,--,1:05:47 PM,3/2/2025,
750,56.8,gf,3.250,mm,OK,--,1:05:47 PM,3/2/2025,
751,56.8,gf,3.255,mm,OK,--,1:05:47 PM,3/2/2025,
752,56.8,gf,3.255,mm,OK,--,1:05:47 PM,3/2/2025,
753,56.8,gf,3.260,mm,OK,--,1:05:47 PM,3/2/2025,
754,56.8,gf,3.260,mm,OK,--,1:05:48 PM,3/2/2025,
755,56.8,gf,3.260,mm,OK,--,1:05:48 PM,3/2/2025,
756,56.8,gf,3.265,mm,OK,--,1:05:48 PM,3/2/2025,
757,56.8,gf,3.265,mm,OK,--,1:05:48 PM,3/2/2025,
758,56.8,gf,3.265,mm,OK,--,1:05:48 PM,3/2/2025,
759,56.9,gf,3.270,mm,OK,--,1:05:48 PM,3/2/2025,
760,56.9,gf,3.270,mm,OK,--,1:05:48 PM,3/2/2025,
761,56.9,gf,3.275,mm,OK,--,1:05:48 PM,3/2/2025,
762,56.9,gf,3.275,mm,OK,--,1:05:48 PM,3/2/2025,
763,56.9,gf,3.275,mm,OK,--,1:05:48 PM,3/2/2025,
764,56.9,gf,3.280,mm,OK,--,1:05:49 PM,3/2/2025,
765,56.9,gf,3.280,mm,OK,--,1:05:49 PM,3/2/2025,
766,56.9,gf,3.285,mm,OK,--,1:05:49 PM,3/2/2025,
767,57.0,gf,3.285,mm,OK,--,1:05:49 PM,3/2/2025,
768,57.0,gf,3.285,mm,OK,--,1:05:49 PM,3/2/2025,
769,57.0,gf,3.290,mm,OK,--,1:05:49 PM,3/2/2025,
770,57.0,gf,3.290,mm,OK,--,1:05:49 PM,3/2/2025,
771,57.0,gf,3.290,mm,OK,--,1:05:49 PM,3/2/2025,
772,57.0,gf,3.290,mm,OK,--,1:05:49 PM,3/2/2025,
773,57.0,gf,3.295,mm,OK,--,1:05:49 PM,3/2/2025,
774,57.0,gf,3.295,mm,OK,--,1:05:50 PM,3/2/2025,
775,57.0,gf,3.300,mm,OK,--,1:05:50 PM,3/2/2025,
776,57.0,gf,3.300,mm,OK,--,1:05:50 PM,3/2/2025,
777,57.0,gf,3.300,mm,OK,--,1:05:50 PM,3/2/2025,
778,57.0,gf,3.300,mm,OK,--,1:05:50 PM,3/2/2025,
779,57.0,gf,3.300,mm,OK,--,1:05:50 PM,3/2/2025,
780,57.0,gf,3.305,mm,OK,--,1:05:50 PM,3/2/2025,
781,57.0,gf,3.305,mm,OK,--,1:05:50 PM,3/2/2025,
782,57.0,gf,3.305,mm,OK,--,1:05:50 PM,3/2/2025,
783,57.0,gf,3.310,mm,OK,--,1:05:50 PM,3/2/2025,
784,57.0,gf,3.310,mm,OK,--,1:05:51 PM,3/2/2025,
785,57.0,gf,3.315,mm,OK,--,1:05:51 PM,3/2/2025,
786,57.0,gf,3.315,mm,OK,--,1:05:51 PM,3/2/2025,
787,57.0,gf,3.320,mm,OK,--,1:05:51 PM,3/2/2025,
788,57.0,gf,3.320,mm,OK,--,1:05:51 PM,3/2/2025,
789,57.2,gf,3.325,mm,OK,--,1:05:51 PM,3/2/2025,
790,57.2,gf,3.335,mm,OK,--,1:05:51 PM,3/2/2025,
791,57.3,gf,3.340,mm,OK,--,1:05:51 PM,3/2/2025,
792,57.3,gf,3.345,mm,OK,--,1:05:51 PM,3/2/2025,
793,57.3,gf,3.345,mm,OK,--,1:05:51 PM,3/2/2025,
794,57.3,gf,3.350,mm,OK,--,1:05:52 PM,3/2/2025,
795,57.3,gf,3.350,mm,OK,--,1:05:52 PM,3/2/2025,
796,57.3,gf,3.355,mm,OK,--,1:05:52 PM,3/2/2025,
797,57.3,gf,3.360,mm,OK,--,1:05:52 PM,3/2/2025,
798,57.3,gf,3.365,mm,OK,--,1:05:52 PM,3/2/2025,
799,57.3,gf,3.370,mm,OK,--,1:05:52 PM,3/2/2025,
800,57.3,gf,3.380,mm,OK,--,1:05:52 PM,3/2/2025,
801,57.3,gf,3.385,mm,OK,--,1:05:52 PM,3/2/2025,
802,57.4,gf,3.395,mm,OK,--,1:05:52 PM,3/2/2025,
803,57.5,gf,3.400,mm,OK,--,1:05:53 PM,3/2/2025,
804,57.6,gf,3.410,mm,OK,--,1:05:53 PM,3/2/2025,
805,57.6,gf,3.415,mm,OK,--,1:05:53 PM,3/2/2025,
806,57.7,gf,3.425,mm,OK,--,1:05:53 PM,3/2/2025,
807,57.7,gf,3.430,mm,OK,--,1:05:53 PM,3/2/2025,
808,57.8,gf,3.440,mm,OK,--,1:05:53 PM,3/2/2025,
809,57.9,gf,3.450,mm,OK,--,1:05:53 PM,3/2/2025,
810,57.9,gf,3.460,mm,OK,--,1:05:53 PM,3/2/2025,
811,57.9,gf,3.470,mm,OK,--,1:05:53 PM,3/2/2025,
812,58.0,gf,3.480,mm,OK,--,1:05:53 PM,3/2/2025,
813,58.0,gf,3.485,mm,OK,--,1:05:53 PM,3/2/2025,
814,58.1,gf,3.490,mm,OK,--,1:05:54 PM,3/2/2025,
815,58.1,gf,3.495,mm,OK,--,1:05:54 PM,3/2/2025,
816,58.1,gf,3.500,mm,OK,--,1:05:54 PM,3/2/2025,
817,58.1,gf,3.505,mm,OK,--,1:05:54 PM,3/2/2025,
818,58.2,gf,3.510,mm,OK,--,1:05:54 PM,3/2/2025,
819,58.2,gf,3.515,mm,OK,--,1:05:54 PM,3/2/2025,
820,58.2,gf,3.515,mm,OK,--,1:05:54 PM,3/2/2025,
821,58.2,gf,3.520,mm,OK,--,1:05:54 PM,3/2/2025,
822,58.3,gf,3.530,mm,OK,--,1:05:54 PM,3/2/2025,
823,58.3,gf,3.535,mm,OK,--,1:05:54 PM,3/2/2025,
824,58.4,gf,3.540,mm,OK,--,1:05:55 PM,3/2/2025,
825,58.4,gf,3.545,mm,OK,--,1:05:55 PM,3/2/2025,
826,58.5,gf,3.550,mm,OK,--,1:05:55 PM,3/2/2025,
827,58.5,gf,3.560,mm,OK,--,1:05:55 PM,3/2/2025,
828,58.5,gf,3.565,mm,OK,--,1:05:55 PM,3/2/2025,
829,58.6,gf,3.570,mm,OK,--,1:05:55 PM,3/2/2025,
830,58.6,gf,3.580,mm,OK,--,1:05:55 PM,3/2/2025,
831,58.6,gf,3.585,mm,OK,--,1:05:55 PM,3/2/2025,
832,58.6,gf,3.595,mm,OK,--,1:05:55 PM,3/2/2025,
833,58.6,gf,3.600,mm,OK,--,1:05:55 PM,3/2/2025,
834,58.6,gf,3.605,mm,OK,--,1:05:56 PM,3/2/2025,
835,58.7,gf,3.610,mm,OK,--,1:05:56 PM,3/2/2025,
836,58.7,gf,3.615,mm,OK,--,1:05:56 PM,3/2/2025,
837,58.8,gf,3.625,mm,OK,--,1:05:56 PM,3/2/2025,
838,58.9,gf,3.630,mm,OK,--,1:05:56 PM,3/2/2025,
839,58.9,gf,3.635,mm,OK,--,1:05:56 PM,3/2/2025,
840,58.9,gf,3.640,mm,OK,--,1:05:56 PM,3/2/2025,
841,58.9,gf,3.645,mm,OK,--,1:05:56 PM,3/2/2025,
842,59.0,gf,3.650,mm,OK,--,1:05:56 PM,3/2/2025,
843,59.0,gf,3.650,mm,OK,--,1:05:56 PM,3/2/2025,
844,59.0,gf,3.655,mm,OK,--,1:05:57 PM,3/2/2025,
845,59.1,gf,3.660,mm,OK,--,1:05:57 PM,3/2/2025,
846,59.1,gf,3.665,mm,OK,--,1:05:57 PM,3/2/2025,
847,59.1,gf,3.670,mm,OK,--,1:05:57 PM,3/2/2025,
848,59.2,gf,3.680,mm,OK,--,1:05:57 PM,3/2/2025,
849,59.2,gf,3.680,mm,OK,--,1:05:57 PM,3/2/2025,
850,58.9,gf,3.685,mm,OK,--,1:05:57 PM,3/2/2025,
851,59.2,gf,3.685,mm,OK,--,1:05:57 PM,3/2/2025,
852,59.3,gf,3.690,mm,OK,--,1:05:57 PM,3/2/2025,
853,59.4,gf,3.695,mm,OK,--,1:05:57 PM,3/2/2025,
854,59.4,gf,3.700,mm,OK,--,1:05:58 PM,3/2/2025,
855,59.4,gf,3.710,mm,OK,--,1:05:58 PM,3/2/2025,
856,59.4,gf,3.720,mm,OK,--,1:05:58 PM,3/2/2025,
857,59.5,gf,3.725,mm,OK,--,1:05:58 PM,3/2/2025,
858,59.5,gf,3.730,mm,OK,--,1:05:58 PM,3/2/2025,
859,59.5,gf,3.740,mm,OK,--,1:05:58 PM,3/2/2025,
860,59.5,gf,3.745,mm,OK,--,1:05:58 PM,3/2/2025,
861,59.5,gf,3.750,mm,OK,--,1:05:58 PM,3/2/2025,
862,59.6,gf,3.755,mm,OK,--,1:05:58 PM,3/2/2025,
863,59.6,gf,3.760,mm,OK,--,1:05:58 PM,3/2/2025,
864,59.6,gf,3.765,mm,OK,--,1:05:59 PM,3/2/2025,
865,59.6,gf,3.775,mm,OK,--,1:05:59 PM,3/2/2025,
866,59.6,gf,3.780,mm,OK,--,1:05:59 PM,3/2/2025,
867,59.6,gf,3.780,mm,OK,--,1:05:59 PM,3/2/2025,
868,59.6,gf,3.785,mm,OK,--,1:05:59 PM,3/2/2025,
869,59.7,gf,3.790,mm,OK,--,1:05:59 PM,3/2/2025,
870,59.7,gf,3.795,mm,OK,--,1:05:59 PM,3/2/2025,
871,59.7,gf,3.795,mm,OK,--,1:05:59 PM,3/2/2025,
872,59.7,gf,3.795,mm,OK,--,1:05:59 PM,3/2/2025,
873,59.8,gf,3.800,mm,OK,--,1:05:59 PM,3/2/2025,
874,59.8,gf,3.805,mm,OK,--,1:06:00 PM,3/2/2025,
875,59.9,gf,3.810,mm,OK,--,1:06:00 PM,3/2/2025,
876,59.9,gf,3.815,mm,OK,--,1:06:00 PM,3/2/2025,
877,59.9,gf,3.820,mm,OK,--,1:06:00 PM,3/2/2025,
878,59.9,gf,3.825,mm,OK,--,1:06:00 PM,3/2/2025,
879,60.0,gf,3.825,mm,OK,--,1:06:00 PM,3/2/2025,
880,60.0,gf,3.835,mm,OK,--,1:06:00 PM,3/2/2025,
881,60.1,gf,3.840,mm,OK,--,1:06:00 PM,3/2/2025,
882,60.1,gf,3.850,mm,OK,--,1:06:00 PM,3/2/2025,
883,60.2,gf,3.855,mm,OK,--,1:06:00 PM,3/2/2025,
884,60.2,gf,3.860,mm,OK,--,1:06:01 PM,3/2/2025,
885,60.3,gf,3.870,mm,OK,--,1:06:01 PM,3/2/2025,
886,60.3,gf,3.875,mm,OK,--,1:06:01 PM,3/2/2025,
887,60.4,gf,3.880,mm,OK,--,1:06:01 PM,3/2/2025,
888,60.4,gf,3.885,mm,OK,--,1:06:01 PM,3/2/2025,
889,60.4,gf,3.890,mm,OK,--,1:06:01 PM,3/2/2025,
890,60.5,gf,3.895,mm,OK,--,1:06:01 PM,3/2/2025,
891,60.5,gf,3.900,mm,OK,--,1:06:01 PM,3/2/2025,
892,60.6,gf,3.905,mm,OK,--,1:06:01 PM,3/2/2025,
893,60.6,gf,3.910,mm,OK,--,1:06:01 PM,3/2/2025,
894,60.5,gf,3.910,mm,OK,--,1:06:02 PM,3/2/2025,
895,60.5,gf,3.915,mm,OK,--,1:06:02 PM,3/2/2025,
896,60.6,gf,3.920,mm,OK,--,1:06:02 PM,3/2/2025,
897,60.6,gf,3.925,mm,OK,--,1:06:02 PM,3/2/2025,
898,60.6,gf,3.930,mm,OK,--,1:06:02 PM,3/2/2025,
899,60.7,gf,3.935,mm,OK,--,1:06:02 PM,3/2/2025,
900,60.7,gf,3.935,mm,OK,--,1:06:02 PM,3/2/2025,
901,60.4,gf,3.940,mm,OK,--,1:06:02 PM,3/2/2025,
902,60.4,gf,3.940,mm,OK,--,1:06:02 PM,3/2/2025,
903,60.5,gf,3.945,mm,OK,--,1:06:02 PM,3/2/2025,
904,60.5,gf,3.945,mm,OK,--,1:06:03 PM,3/2/2025,
905,60.5,gf,3.945,mm,OK,--,1:06:03 PM,3/2/2025,
906,60.5,gf,3.950,mm,OK,--,1:06:03 PM,3/2/2025,
907,61.0,gf,3.950,mm,OK,--,1:06:03 PM,3/2/2025,
908,62.7,gf,3.955,mm,OK,--,1:06:03 PM,3/2/2025,
909,64.6,gf,3.955,mm,OK,--,1:06:03 PM,3/2/2025,
910,66.6,gf,3.955,mm,OK,--,1:06:03 PM,3/2/2025,
911,68.6,gf,3.960,mm,OK,--,1:06:03 PM,3/2/2025,
912,70.2,gf,3.960,mm,OK,--,1:06:03 PM,3/2/2025,
913,71.9,gf,3.960,mm,OK,--,1:06:03 PM,3/2/2025,
914,73.7,gf,3.965,mm,OK,--,1:06:04 PM,3/2/2025,
915,75.2,gf,3.965,mm,OK,--,1:06:04 PM,3/2/2025,
916,76.9,gf,3.970,mm,OK,--,1:06:04 PM,3/2/2025,
917,79.2,gf,3.970,mm,OK,--,1:06:04 PM,3/2/2025,
918,82.1,gf,3.975,mm,OK,--,1:06:04 PM,3/2/2025,
919,85.3,gf,3.975,mm,OK,--,1:06:04 PM,3/2/2025,
920,87.8,gf,3.980,mm,OK,--,1:06:04 PM,3/2/2025,
921,90.1,gf,3.980,mm,OK,--,1:06:04 PM,3/2/2025,
922,92.7,gf,3.985,mm,OK,--,1:06:04 PM,3/2/2025,
923,95.1,gf,3.985,mm,OK,--,1:06:04 PM,3/2/2025,
924,97.9,gf,3.990,mm,OK,--,1:06:05 PM,3/2/2025,
925,100.5,gf,3.990,mm,OK,--,1:06:05 PM,3/2/2025,
926,102.9,gf,3.995,mm,OK,--,1:06:05 PM,3/2/2025,
927,105.4,gf,3.995,mm,OK,--,1:06:05 PM,3/2/2025,
928,108.8,gf,4.000,mm,OK,--,1:06:05 PM,3/2/2025,
929,112.0,gf,4.005,mm,OK,--,1:06:05 PM,3/2/2025,
930,114.8,gf,4.005,mm,OK,--,1:06:05 PM,3/2/2025,
931,118.2,gf,4.010,mm,OK,--,1:06:05 PM,3/2/2025,
932,121.0,gf,4.015,mm,OK,--,1:06:05 PM,3/2/2025,
933,123.5,gf,4.015,mm,OK,--,1:06:05 PM,3/2/2025,
934,125.4,gf,4.020,mm,OK,--,1:06:06 PM,3/2/2025,
935,127.1,gf,4.020,mm,OK,--,1:06:06 PM,3/2/2025,
936,129.1,gf,4.020,mm,OK,--,1:06:06 PM,3/2/2025,
937,131.8,gf,4.025,mm,OK,--,1:06:06 PM,3/2/2025,
938,135.3,gf,4.030,mm,OK,--,1:06:06 PM,3/2/2025,
939,138.5,gf,4.030,mm,OK,--,1:06:06 PM,3/2/2025,
940,140.3,gf,4.035,mm,OK,--,1:06:06 PM,3/2/2025,
941,142.1,gf,4.035,mm,OK,--,1:06:06 PM,3/2/2025,
942,144.1,gf,4.035,mm,OK,--,1:06:06 PM,3/2/2025,
943,146.2,gf,4.040,mm,OK,--,1:06:06 PM,3/2/2025,
944,148.1,gf,4.040,mm,OK,--,1:06:07 PM,3/2/2025,
945,150.2,gf,4.040,mm,OK,--,1:06:07 PM,3/2/2025,
946,152.5,gf,4.045,mm,OK,--,1:06:07 PM,3/2/2025,
947,155.5,gf,4.045,mm,OK,--,1:06:07 PM,3/2/2025,
948,158.3,gf,4.050,mm,OK,--,1:06:07 PM,3/2/2025,
949,160.9,gf,4.055,mm,OK,--,1:06:07 PM,3/2/2025,
950,164.1,gf,4.055,mm,OK,--,1:06:07 PM,3/2/2025,
951,167.4,gf,4.060,mm,OK,--,1:06:07 PM,3/2/2025,
952,170.3,gf,4.060,mm,OK,--,1:06:07 PM,3/2/2025,
953,172.5,gf,4.065,mm,OK,--,1:06:07 PM,3/2/2025,
954,175.1,gf,4.065,mm,OK,--,1:06:08 PM,3/2/2025,
955,177.2,gf,4.070,mm,OK,--,1:06:08 PM,3/2/2025,
956,179.2,gf,4.070,mm,OK,--,1:06:08 PM,3/2/2025,
957,181.6,gf,4.075,mm,OK,--,1:06:08 PM,3/2/2025,
958,184.0,gf,4.075,mm,OK,--,1:06:08 PM,3/2/2025,
959,185.5,gf,4.080,mm,OK,--,1:06:08 PM,3/2/2025,
960,186.7,gf,4.080,mm,OK,--,1:06:08 PM,3/2/2025,
961,187.9,gf,4.080,mm,OK,--,1:06:08 PM,3/2/2025,
962,188.6,gf,4.080,mm,OK,--,1:06:08 PM,3/2/2025,
963,188.9,gf,4.080,mm,OK,--,1:06:08 PM,3/2/2025,
964,189.3,gf,4.080,mm,OK,--,1:06:09 PM,3/2/2025,
965,190.1,gf,4.080,mm,OK,--,1:06:09 PM,3/2/2025,
966,191.0,gf,4.085,mm,OK,--,1:06:09 PM,3/2/2025,
967,191.5,gf,4.085,mm,OK,--,1:06:09 PM,3/2/2025,
968,191.9,gf,4.085,mm,OK,--,1:06:09 PM,3/2/2025,
969,192.4,gf,4.085,mm,OK,--,1:06:09 PM,3/2/2025,
970,192.9,gf,4.085,mm,OK,--,1:06:09 PM,3/2/2025,
971,193.3,gf,4.085,mm,OK,--,1:06:09 PM,3/2/2025,
972,193.5,gf,4.085,mm,OK,--,1:06:09 PM,3/2/2025,
973,193.8,gf,4.085,mm,OK,--,1:06:09 PM,3/2/2025,
974,193.6,gf,4.085,mm,OK,--,1:06:10 PM,3/2/2025,
975,193.6,gf,4.085,mm,OK,--,1:06:10 PM,3/2/2025,
976,193.6,gf,4.085,mm,OK,--,1:06:10 PM,3/2/2025,
977,193.5,gf,4.085,mm,OK,--,1:06:10 PM,3/2/2025,
978,193.5,gf,4.085,mm,OK,--,1:06:10 PM,3/2/2025,
979,193.5,gf,4.085,mm,OK,--,1:06:10 PM,3/2/2025,
980,193.5,gf,4.085,mm,OK,--,1:06:10 PM,3/2/2025,
981,193.5,gf,4.085,mm,OK,--,1:06:10 PM,3/2/2025,
982,193.4,gf,4.085,mm,OK,--,1:06:10 PM,3/2/2025,
983,193.5,gf,4.085,mm,OK,--,1:06:10 PM,3/2/2025,
984,193.2,gf,4.085,mm,OK,--,1:06:11 PM,3/2/2025,
985,193.2,gf,4.085,mm,OK,--,1:06:11 PM,3/2/2025,
986,193.1,gf,4.085,mm,OK,--,1:06:11 PM,3/2/2025,
987,193.2,gf,4.085,mm,OK,--,1:06:11 PM,3/2/2025,
988,193.3,gf,4.085,mm,OK,--,1:06:11 PM,3/2/2025,
989,193.2,gf,4.085,mm,OK,--,1:06:11 PM,3/2/2025,
990,193.1,gf,4.085,mm,OK,--,1:06:11 PM,3/2/2025,
991,192.7,gf,4.085,mm,OK,--,1:06:11 PM,3/2/2025,
992,192.3,gf,4.085,mm,OK,--,1:06:11 PM,3/2/2025,
993,192.0,gf,4.085,mm,OK,--,1:06:11 PM,3/2/2025,
994,191.5,gf,4.085,mm,OK,--,1:06:12 PM,3/2/2025,
995,190.8,gf,4.085,mm,OK,--,1:06:12 PM,3/2/2025,
996,190.1,gf,4.085,mm,OK,--,1:06:12 PM,3/2/2025,
997,189.2,gf,4.085,mm,OK,--,1:06:12 PM,3/2/2025,
998,188.2,gf,4.085,mm,OK,--,1:06:12 PM,3/2/2025,
999,186.9,gf,4.080,mm,OK,--,1:06:12 PM,3/2/2025,
1000,185.5,gf,4.080,mm,OK,--,1:06:12 PM,3/2/2025,
1001,184.8,gf,4.080,mm,OK,--,1:06:12 PM,3/2/2025,
1002,184.2,gf,4.080,mm,OK,--,1:06:12 PM,3/2/2025,
1003,183.2,gf,4.080,mm,OK,--,1:06:12 PM,3/2/2025,
1004,181.2,gf,4.075,mm,OK,--,1:06:13 PM,3/2/2025,
1005,179.4,gf,4.075,mm,OK,--,1:06:13 PM,3/2/2025,
1006,178.2,gf,4.075,mm,OK,--,1:06:13 PM,3/2/2025,
1007,177.5,gf,4.075,mm,OK,--,1:06:13 PM,3/2/2025,
1008,176.7,gf,4.070,mm,OK,--,1:06:13 PM,3/2/2025,
1009,176.3,gf,4.070,mm,OK,--,1:06:13 PM,3/2/2025,
1010,176.1,gf,4.070,mm,OK,--,1:06:13 PM,3/2/2025,
1011,176.0,gf,4.070,mm,OK,--,1:06:13 PM,3/2/2025,
1012,175.5,gf,4.070,mm,OK,--,1:06:13 PM,3/2/2025,
1013,174.4,gf,4.070,mm,OK,--,1:06:13 PM,3/2/2025,
1014,173.3,gf,4.070,mm,OK,--,1:06:14 PM,3/2/2025,
1015,173.0,gf,4.070,mm,OK,--,1:06:14 PM,3/2/2025,
1016,172.8,gf,4.070,mm,OK,--,1:06:14 PM,3/2/2025,
1017,172.5,gf,4.065,mm,OK,--,1:06:14 PM,3/2/2025,
1018,172.1,gf,4.065,mm,OK,--,1:06:14 PM,3/2/2025,
1019,171.7,gf,4.065,mm,OK,--,1:06:14 PM,3/2/2025,
1020,170.9,gf,4.065,mm,OK,--,1:06:14 PM,3/2/2025,
1021,170.1,gf,4.065,mm,OK,--,1:06:14 PM,3/2/2025,
1022,169.6,gf,4.065,mm,OK,--,1:06:14 PM,3/2/2025,
1023,169.5,gf,4.065,mm,OK,--,1:06:14 PM,3/2/2025,
1024,169.4,gf,4.065,mm,OK,--,1:06:15 PM,3/2/2025,
1025,169.2,gf,4.065,mm,OK,--,1:06:15 PM,3/2/2025,
1026,169.2,gf,4.065,mm,OK,--,1:06:15 PM,3/2/2025,
1027,168.8,gf,4.065,mm,OK,--,1:06:15 PM,3/2/2025,
1028,168.1,gf,4.065,mm,OK,--,1:06:15 PM,3/2/2025,
1029,167.3,gf,4.065,mm,OK,--,1:06:15 PM,3/2/2025,
1030,166.4,gf,4.060,mm,OK,--,1:06:15 PM,3/2/2025,
1031,165.5,gf,4.060,mm,OK,--,1:06:15 PM,3/2/2025,
1032,164.4,gf,4.060,mm,OK,--,1:06:15 PM,3/2/2025,
1033,163.6,gf,4.060,mm,OK,--,1:06:15 PM,3/2/2025,
1034,162.9,gf,4.060,mm,OK,--,1:06:16 PM,3/2/2025,
1035,162.1,gf,4.060,mm,OK,--,1:06:16 PM,3/2/2025,
1036,160.5,gf,4.055,mm,OK,--,1:06:16 PM,3/2/2025,
1037,158.8,gf,4.055,mm,OK,--,1:06:16 PM,3/2/2025,
1038,158.0,gf,4.055,mm,OK,--,1:06:16 PM,3/2/2025,
1039,157.3,gf,4.055,mm,OK,--,1:06:16 PM,3/2/2025,
1040,156.7,gf,4.050,mm,OK,--,1:06:16 PM,3/2/2025,
1041,155.4,gf,4.050,mm,OK,--,1:06:16 PM,3/2/2025,
1042,153.8,gf,4.050,mm,OK,--,1:06:16 PM,3/2/2025,
1043,152.4,gf,4.050,mm,OK,--,1:06:16 PM,3/2/2025,
1044,151.4,gf,4.045,mm,OK,--,1:06:17 PM,3/2/2025,
1045,150.7,gf,4.045,mm,OK,--,1:06:17 PM,3/2/2025,
1046,150.0,gf,4.045,mm,OK,--,1:06:17 PM,3/2/2025,
1047,149.3,gf,4.045,mm,OK,--,1:06:17 PM,3/2/2025,
1048,148.6,gf,4.045,mm,OK,--,1:06:17 PM,3/2/2025,
1049,147.9,gf,4.045,mm,OK,--,1:06:17 PM,3/2/2025,
1050,144.5,gf,4.040,mm,OK,--,1:06:17 PM,3/2/2025,
1051,141.8,gf,4.040,mm,OK,--,1:06:17 PM,3/2/2025,
1052,140.4,gf,4.035,mm,OK,--,1:06:17 PM,3/2/2025,
1053,138.8,gf,4.035,mm,OK,--,1:06:17 PM,3/2/2025,
1054,137.5,gf,4.035,mm,OK,--,1:06:18 PM,3/2/2025,
1055,136.6,gf,4.035,mm,OK,--,1:06:18 PM,3/2/2025,
1056,135.8,gf,4.030,mm,OK,--,1:06:18 PM,3/2/2025,
1057,134.3,gf,4.030,mm,OK,--,1:06:18 PM,3/2/2025,
1058,133.7,gf,4.030,mm,OK,--,1:06:18 PM,3/2/2025,
1059,133.4,gf,4.030,mm,OK,--,1:06:18 PM,3/2/2025,
1060,132.9,gf,4.030,mm,OK,--,1:06:18 PM,3/2/2025,
1061,131.7,gf,4.030,mm,OK,--,1:06:18 PM,3/2/2025,
1062,129.1,gf,4.025,mm,OK,--,1:06:18 PM,3/2/2025,
1063,126.6,gf,4.025,mm,OK,--,1:06:18 PM,3/2/2025,
1064,125.5,gf,4.020,mm,OK,--,1:06:19 PM,3/2/2025,
1065,125.1,gf,4.020,mm,OK,--,1:06:19 PM,3/2/2025,
1066,124.5,gf,4.020,mm,OK,--,1:06:19 PM,3/2/2025,
1067,123.8,gf,4.020,mm,OK,--,1:06:19 PM,3/2/2025,
1068,123.1,gf,4.020,mm,OK,--,1:06:19 PM,3/2/2025,
1069,122.3,gf,4.020,mm,OK,--,1:06:19 PM,3/2/2025,
1070,121.4,gf,4.020,mm,OK,--,1:06:19 PM,3/2/2025,
1071,120.5,gf,4.020,mm,OK,--,1:06:19 PM,3/2/2025,
1072,119.7,gf,4.015,mm,OK,--,1:06:19 PM,3/2/2025,
1073,118.5,gf,4.015,mm,OK,--,1:06:19 PM,3/2/2025,
1074,117.2,gf,4.015,mm,OK,--,1:06:20 PM,3/2/2025,
1075,116.2,gf,4.015,mm,OK,--,1:06:20 PM,3/2/2025,
1076,115.0,gf,4.010,mm,OK,--,1:06:20 PM,3/2/2025,
1077,113.9,gf,4.010,mm,OK,--,1:06:20 PM,3/2/2025,
1078,112.8,gf,4.010,mm,OK,--,1:06:20 PM,3/2/2025,
1079,111.4,gf,4.010,mm,OK,--,1:06:20 PM,3/2/2025,
1080,109.4,gf,4.005,mm,OK,--,1:06:20 PM,3/2/2025,
1081,108.3,gf,4.005,mm,OK,--,1:06:20 PM,3/2/2025,
1082,106.7,gf,4.005,mm,OK,--,1:06:20 PM,3/2/2025,
1083,104.5,gf,4.000,mm,OK,--,1:06:20 PM,3/2/2025,
1084,102.3,gf,4.000,mm,OK,--,1:06:21 PM,3/2/2025,
1085,100.2,gf,3.995,mm,OK,--,1:06:21 PM,3/2/2025,
1086,97.4,gf,3.995,mm,OK,--,1:06:21 PM,3/2/2025,
1087,94.9,gf,3.990,mm,OK,--,1:06:21 PM,3/2/2025,
1088,93.1,gf,3.990,mm,OK,--,1:06:21 PM,3/2/2025,
1089,91.4,gf,3.990,mm,OK,--,1:06:21 PM,3/2/2025,
1090,89.4,gf,3.985,mm,OK,--,1:06:21 PM,3/2/2025,
1091,86.7,gf,3.985,mm,OK,--,1:06:21 PM,3/2/2025,
1092,83.5,gf,3.980,mm,OK,--,1:06:21 PM,3/2/2025,
1093,81.1,gf,3.975,mm,OK,--,1:06:21 PM,3/2/2025,
1094,79.0,gf,3.975,mm,OK,--,1:06:22 PM,3/2/2025,
1095,76.6,gf,3.975,mm,OK,--,1:06:22 PM,3/2/2025,
1096,73.1,gf,3.970,mm,OK,--,1:06:22 PM,3/2/2025,
1097,70.5,gf,3.965,mm,OK,--,1:06:22 PM,3/2/2025,
1098,68.4,gf,3.965,mm,OK,--,1:06:22 PM,3/2/2025,
1099,66.9,gf,3.960,mm,OK,--,1:06:22 PM,3/2/2025,
1100,65.5,gf,3.960,mm,OK,--,1:06:22 PM,3/2/2025,
1101,64.4,gf,3.960,mm,OK,--,1:06:22 PM,3/2/2025,
1102,63.0,gf,3.960,mm,OK,--,1:06:22 PM,3/2/2025,
1103,61.4,gf,3.955,mm,OK,--,1:06:22 PM,3/2/2025,
1104,60.0,gf,3.955,mm,OK,--,1:06:23 PM,3/2/2025,
1105,59.8,gf,3.955,mm,OK,--,1:06:23 PM,3/2/2025,
1106,59.8,gf,3.955,mm,OK,--,1:06:23 PM,3/2/2025,
1107,59.8,gf,3.950,mm,OK,--,1:06:23 PM,3/2/2025,
1108,59.8,gf,3.950,mm,OK,--,1:06:23 PM,3/2/2025,
1109,59.8,gf,3.950,mm,OK,--,1:06:23 PM,3/2/2025,
1110,59.8,gf,3.950,mm,OK,--,1:06:23 PM,3/2/2025,
1111,59.7,gf,3.945,mm,OK,--,1:06:23 PM,3/2/2025,
1112,59.7,gf,3.945,mm,OK,--,1:06:23 PM,3/2/2025,
1113,59.7,gf,3.940,mm,OK,--,1:06:23 PM,3/2/2025,
1114,59.7,gf,3.940,mm,OK,--,1:06:24 PM,3/2/2025,
1115,59.7,gf,3.935,mm,OK,--,1:06:24 PM,3/2/2025,
1116,59.6,gf,3.930,mm,OK,--,1:06:24 PM,3/2/2025,
1117,59.6,gf,3.930,mm,OK,--,1:06:24 PM,3/2/2025,
1118,59.6,gf,3.925,mm,OK,--,1:06:24 PM,3/2/2025,
1119,59.6,gf,3.925,mm,OK,--,1:06:24 PM,3/2/2025,
1120,59.5,gf,3.920,mm,OK,--,1:06:24 PM,3/2/2025,
1121,59.5,gf,3.915,mm,OK,--,1:06:24 PM,3/2/2025,
1122,59.5,gf,3.910,mm,OK,--,1:06:24 PM,3/2/2025,
1123,59.5,gf,3.910,mm,OK,--,1:06:24 PM,3/2/2025,
1124,59.4,gf,3.905,mm,OK,--,1:06:25 PM,3/2/2025,
1125,59.4,gf,3.900,mm,OK,--,1:06:25 PM,3/2/2025,
1126,59.2,gf,3.890,mm,OK,--,1:06:25 PM,3/2/2025,
1127,59.2,gf,3.880,mm,OK,--,1:06:25 PM,3/2/2025,
1128,59.2,gf,3.870,mm,OK,--,1:06:25 PM,3/2/2025,
1129,59.1,gf,3.865,mm,OK,--,1:06:25 PM,3/2/2025,
1130,59.0,gf,3.855,mm,OK,--,1:06:25 PM,3/2/2025,
1131,59.3,gf,3.850,mm,OK,--,1:06:25 PM,3/2/2025,
1132,59.2,gf,3.840,mm,OK,--,1:06:25 PM,3/2/2025,
1133,59.1,gf,3.830,mm,OK,--,1:06:25 PM,3/2/2025,
1134,59.1,gf,3.820,mm,OK,--,1:06:26 PM,3/2/2025,
1135,59.1,gf,3.815,mm,OK,--,1:06:26 PM,3/2/2025,
1136,59.0,gf,3.810,mm,OK,--,1:06:26 PM,3/2/2025,
1137,58.9,gf,3.800,mm,OK,--,1:06:26 PM,3/2/2025,
1138,58.9,gf,3.800,mm,OK,--,1:06:26 PM,3/2/2025,
1139,58.9,gf,3.795,mm,OK,--,1:06:26 PM,3/2/2025,
1140,58.9,gf,3.795,mm,OK,--,1:06:26 PM,3/2/2025,
1141,58.8,gf,3.790,mm,OK,--,1:06:26 PM,3/2/2025,
1142,58.8,gf,3.785,mm,OK,--,1:06:26 PM,3/2/2025,
1143,58.8,gf,3.780,mm,OK,--,1:06:26 PM,3/2/2025,
1144,58.8,gf,3.775,mm,OK,--,1:06:27 PM,3/2/2025,
1145,58.8,gf,3.770,mm,OK,--,1:06:27 PM,3/2/2025,
1146,58.7,gf,3.765,mm,OK,--,1:06:27 PM,3/2/2025,
1147,58.7,gf,3.765,mm,OK,--,1:06:27 PM,3/2/2025,
1148,58.7,gf,3.760,mm,OK,--,1:06:27 PM,3/2/2025,
1149,58.7,gf,3.755,mm,OK,--,1:06:27 PM,3/2/2025,
1150,58.6,gf,3.750,mm,OK,--,1:06:27 PM,3/2/2025,
1151,58.4,gf,3.740,mm,OK,--,1:06:27 PM,3/2/2025,
1152,58.4,gf,3.735,mm,OK,--,1:06:27 PM,3/2/2025,
1153,58.4,gf,3.730,mm,OK,--,1:06:27 PM,3/2/2025,
1154,58.4,gf,3.725,mm,OK,--,1:06:28 PM,3/2/2025,
1155,58.3,gf,3.725,mm,OK,--,1:06:28 PM,3/2/2025,
1156,58.3,gf,3.720,mm,OK,--,1:06:28 PM,3/2/2025,
1157,58.3,gf,3.715,mm,OK,--,1:06:28 PM,3/2/2025,
1158,58.3,gf,3.710,mm,OK,--,1:06:28 PM,3/2/2025,
1159,58.3,gf,3.705,mm,OK,--,1:06:28 PM,3/2/2025,
1160,58.3,gf,3.705,mm,OK,--,1:06:28 PM,3/2/2025,
1161,58.3,gf,3.700,mm,OK,--,1:06:28 PM,3/2/2025,
1162,58.3,gf,3.695,mm,OK,--,1:06:28 PM,3/2/2025,
1163,58.2,gf,3.690,mm,OK,--,1:06:28 PM,3/2/2025,
1164,58.2,gf,3.685,mm,OK,--,1:06:29 PM,3/2/2025,
1165,58.2,gf,3.675,mm,OK,--,1:06:29 PM,3/2/2025,
1166,58.1,gf,3.670,mm,OK,--,1:06:29 PM,3/2/2025,
1167,58.1,gf,3.665,mm,OK,--,1:06:29 PM,3/2/2025,
1168,58.2,gf,3.660,mm,OK,--,1:06:29 PM,3/2/2025,
1169,58.2,gf,3.650,mm,OK,--,1:06:29 PM,3/2/2025,
1170,58.1,gf,3.645,mm,OK,--,1:06:29 PM,3/2/2025,
1171,58.1,gf,3.640,mm,OK,--,1:06:29 PM,3/2/2025,
1172,58.0,gf,3.625,mm,OK,--,1:06:29 PM,3/2/2025,
1173,58.0,gf,3.615,mm,OK,--,1:06:29 PM,3/2/2025,
1174,58.0,gf,3.615,mm,OK,--,1:06:30 PM,3/2/2025,
1175,57.9,gf,3.610,mm,OK,--,1:06:30 PM,3/2/2025,
1176,57.9,gf,3.605,mm,OK,--,1:06:30 PM,3/2/2025,
1177,57.8,gf,3.595,mm,OK,--,1:06:30 PM,3/2/2025,
1178,57.7,gf,3.590,mm,OK,--,1:06:30 PM,3/2/2025,
1179,57.7,gf,3.585,mm,OK,--,1:06:30 PM,3/2/2025,
1180,57.7,gf,3.580,mm,OK,--,1:06:30 PM,3/2/2025,
1181,57.6,gf,3.570,mm,OK,--,1:06:30 PM,3/2/2025,
1182,57.5,gf,3.560,mm,OK,--,1:06:30 PM,3/2/2025,
1183,57.4,gf,3.550,mm,OK,--,1:06:30 PM,3/2/2025,
1184,57.3,gf,3.540,mm,OK,--,1:06:31 PM,3/2/2025,
1185,57.3,gf,3.535,mm,OK,--,1:06:31 PM,3/2/2025,
1186,57.2,gf,3.525,mm,OK,--,1:06:31 PM,3/2/2025,
1187,57.3,gf,3.515,mm,OK,--,1:06:31 PM,3/2/2025,
1188,57.3,gf,3.510,mm,OK,--,1:06:31 PM,3/2/2025,
1189,57.2,gf,3.500,mm,OK,--,1:06:31 PM,3/2/2025,
1190,57.2,gf,3.495,mm,OK,--,1:06:31 PM,3/2/2025,
1191,57.2,gf,3.490,mm,OK,--,1:06:31 PM,3/2/2025,
1192,57.1,gf,3.485,mm,OK,--,1:06:31 PM,3/2/2025,
1193,57.1,gf,3.480,mm,OK,--,1:06:31 PM,3/2/2025,
1194,57.1,gf,3.475,mm,OK,--,1:06:32 PM,3/2/2025,
1195,57.0,gf,3.470,mm,OK,--,1:06:32 PM,3/2/2025,
1196,57.0,gf,3.465,mm,OK,--,1:06:32 PM,3/2/2025,
1197,56.9,gf,3.460,mm,OK,--,1:06:32 PM,3/2/2025,
1198,56.9,gf,3.455,mm,OK,--,1:06:32 PM,3/2/2025,
1199,56.9,gf,3.450,mm,OK,--,1:06:32 PM,3/2/2025,
1200,56.9,gf,3.450,mm,OK,--,1:06:32 PM,3/2/2025,
1201,56.9,gf,3.445,mm,OK,--,1:06:32 PM,3/2/2025,
1202,56.9,gf,3.440,mm,OK,--,1:06:32 PM,3/2/2025,
1203,56.9,gf,3.435,mm,OK,--,1:06:32 PM,3/2/2025,
1204,56.8,gf,3.425,mm,OK,--,1:06:33 PM,3/2/2025,
1205,56.8,gf,3.420,mm,OK,--,1:06:33 PM,3/2/2025,
1206,56.7,gf,3.420,mm,OK,--,1:06:33 PM,3/2/2025,
1207,56.7,gf,3.410,mm,OK,--,1:06:33 PM,3/2/2025,
1208,56.6,gf,3.405,mm,OK,--,1:06:33 PM,3/2/2025,
1209,56.6,gf,3.395,mm,OK,--,1:06:33 PM,3/2/2025,
1210,56.6,gf,3.390,mm,OK,--,1:06:33 PM,3/2/2025,
1211,56.5,gf,3.385,mm,OK,--,1:06:33 PM,3/2/2025,
1212,56.4,gf,3.375,mm,OK,--,1:06:33 PM,3/2/2025,
1213,56.4,gf,3.370,mm,OK,--,1:06:33 PM,3/2/2025,
1214,56.3,gf,3.365,mm,OK,--,1:06:34 PM,3/2/2025,
1215,56.3,gf,3.360,mm,OK,--,1:06:34 PM,3/2/2025,
1216,56.3,gf,3.355,mm,OK,--,1:06:34 PM,3/2/2025,
1217,56.2,gf,3.345,mm,OK,--,1:06:34 PM,3/2/2025,
1218,56.2,gf,3.340,mm,OK,--,1:06:34 PM,3/2/2025,
1219,56.2,gf,3.335,mm,OK,--,1:06:34 PM,3/2/2025,
1220,56.2,gf,3.330,mm,OK,--,1:06:34 PM,3/2/2025,
1221,56.2,gf,3.325,mm,OK,--,1:06:34 PM,3/2/2025,
1222,56.2,gf,3.320,mm,OK,--,1:06:34 PM,3/2/2025,
1223,56.2,gf,3.315,mm,OK,--,1:06:34 PM,3/2/2025,
1224,56.2,gf,3.310,mm,OK,--,1:06:35 PM,3/2/2025,
1225,56.2,gf,3.305,mm,OK,--,1:06:35 PM,3/2/2025,
1226,56.1,gf,3.300,mm,OK,--,1:06:35 PM,3/2/2025,
1227,56.1,gf,3.300,mm,OK,--,1:06:35 PM,3/2/2025,
1228,56.1,gf,3.295,mm,OK,--,1:06:35 PM,3/2/2025,
1229,56.0,gf,3.290,mm,OK,--,1:06:35 PM,3/2/2025,
1230,56.0,gf,3.285,mm,OK,--,1:06:35 PM,3/2/2025,
1231,56.0,gf,3.280,mm,OK,--,1:06:35 PM,3/2/2025,
1232,56.0,gf,3.275,mm,OK,--,1:06:35 PM,3/2/2025,
1233,55.9,gf,3.265,mm,OK,--,1:06:35 PM,3/2/2025,
1234,55.9,gf,3.260,mm,OK,--,1:06:36 PM,3/2/2025,
1235,55.9,gf,3.250,mm,OK,--,1:06:36 PM,3/2/2025,
1236,55.8,gf,3.245,mm,OK,--,1:06:36 PM,3/2/2025,
1237,55.7,gf,3.235,mm,OK,--,1:06:36 PM,3/2/2025,
1238,55.7,gf,3.225,mm,OK,--,1:06:36 PM,3/2/2025,
1239,55.6,gf,3.215,mm,OK,--,1:06:36 PM,3/2/2025,
1240,55.5,gf,3.205,mm,OK,--,1:06:36 PM,3/2/2025,
1241,55.5,gf,3.195,mm,OK,--,1:06:36 PM,3/2/2025,
1242,55.4,gf,3.180,mm,OK,--,1:06:36 PM,3/2/2025,
1243,55.3,gf,3.170,mm,OK,--,1:06:36 PM,3/2/2025,
1244,55.3,gf,3.160,mm,OK,--,1:06:37 PM,3/2/2025,
1245,55.1,gf,3.150,mm,OK,--,1:06:37 PM,3/2/2025,
1246,54.9,gf,3.135,mm,OK,--,1:06:37 PM,3/2/2025,
1247,55.0,gf,3.120,mm,OK,--,1:06:37 PM,3/2/2025,
1248,55.0,gf,3.110,mm,OK,--,1:06:37 PM,3/2/2025,
1249,54.9,gf,3.100,mm,OK,--,1:06:37 PM,3/2/2025,
1250,54.8,gf,3.085,mm,OK,--,1:06:37 PM,3/2/2025,
1251,54.8,gf,3.075,mm,OK,--,1:06:37 PM,3/2/2025,
1252,54.7,gf,3.070,mm,OK,--,1:06:37 PM,3/2/2025,
1253,54.8,gf,3.065,mm,OK,--,1:06:37 PM,3/2/2025,
1254,54.8,gf,3.055,mm,OK,--,1:06:38 PM,3/2/2025,
1255,54.7,gf,3.050,mm,OK,--,1:06:38 PM,3/2/2025,
1256,54.7,gf,3.040,mm,OK,--,1:06:38 PM,3/2/2025,
1257,54.6,gf,3.035,mm,OK,--,1:06:38 PM,3/2/2025,
1258,54.6,gf,3.025,mm,OK,--,1:06:38 PM,3/2/2025,
1259,54.5,gf,3.020,mm,OK,--,1:06:38 PM,3/2/2025,
1260,54.5,gf,3.010,mm,OK,--,1:06:38 PM,3/2/2025,
1261,54.5,gf,3.005,mm,OK,--,1:06:38 PM,3/2/2025,
1262,54.5,gf,3.000,mm,OK,--,1:06:38 PM,3/2/2025,
1263,54.5,gf,2.995,mm,OK,--,1:06:38 PM,3/2/2025,
1264,54.5,gf,2.990,mm,OK,--,1:06:39 PM,3/2/2025,
1265,54.4,gf,2.980,mm,OK,--,1:06:39 PM,3/2/2025,
1266,54.4,gf,2.975,mm,OK,--,1:06:39 PM,3/2/2025,
1267,54.4,gf,2.965,mm,OK,--,1:06:39 PM,3/2/2025,
1268,54.3,gf,2.960,mm,OK,--,1:06:39 PM,3/2/2025,
1269,54.3,gf,2.955,mm,OK,--,1:06:39 PM,3/2/2025,
1270,54.3,gf,2.955,mm,OK,--,1:06:39 PM,3/2/2025,
1271,54.2,gf,2.950,mm,OK,--,1:06:39 PM,3/2/2025,
1272,54.2,gf,2.945,mm,OK,--,1:06:39 PM,3/2/2025,
1273,54.2,gf,2.940,mm,OK,--,1:06:39 PM,3/2/2025,
1274,54.1,gf,2.935,mm,OK,--,1:06:40 PM,3/2/2025,
1275,54.0,gf,2.930,mm,OK,--,1:06:40 PM,3/2/2025,
1276,54.0,gf,2.925,mm,OK,--,1:06:40 PM,3/2/2025,
1277,53.9,gf,2.915,mm,OK,--,1:06:40 PM,3/2/2025,
1278,53.8,gf,2.910,mm,OK,--,1:06:40 PM,3/2/2025,
1279,53.7,gf,2.900,mm,OK,--,1:06:40 PM,3/2/2025,
1280,53.7,gf,2.895,mm,OK,--,1:06:40 PM,3/2/2025,
1281,53.8,gf,2.885,mm,OK,--,1:06:40 PM,3/2/2025,
1282,53.7,gf,2.880,mm,OK,--,1:06:40 PM,3/2/2025,
1283,53.6,gf,2.870,mm,OK,--,1:06:40 PM,3/2/2025,
1284,53.6,gf,2.860,mm,OK,--,1:06:41 PM,3/2/2025,
1285,53.5,gf,2.850,mm,OK,--,1:06:41 PM,3/2/2025,
1286,53.5,gf,2.845,mm,OK,--,1:06:41 PM,3/2/2025,
1287,53.3,gf,2.835,mm,OK,--,1:06:41 PM,3/2/2025,
1288,53.3,gf,2.830,mm,OK,--,1:06:41 PM,3/2/2025,
1289,53.2,gf,2.825,mm,OK,--,1:06:41 PM,3/2/2025,
1290,53.2,gf,2.815,mm,OK,--,1:06:41 PM,3/2/2025,
1291,53.1,gf,2.810,mm,OK,--,1:06:41 PM,3/2/2025,
1292,52.9,gf,2.805,mm,OK,--,1:06:41 PM,3/2/2025,
1293,52.7,gf,2.805,mm,OK,--,1:06:41 PM,3/2/2025,
1294,52.2,gf,2.795,mm,OK,--,1:06:42 PM,3/2/2025,
1295,51.9,gf,2.785,mm,OK,--,1:06:42 PM,3/2/2025,
1296,51.6,gf,2.780,mm,OK,--,1:06:42 PM,3/2/2025,
1297,51.3,gf,2.775,mm,OK,--,1:06:42 PM,3/2/2025,
1298,51.3,gf,2.770,mm,OK,--,1:06:42 PM,3/2/2025,
1299,51.2,gf,2.765,mm,OK,--,1:06:42 PM,3/2/2025,
1300,51.2,gf,2.755,mm,OK,--,1:06:42 PM,3/2/2025,
1301,51.1,gf,2.750,mm,OK,--,1:06:42 PM,3/2/2025,
1302,51.1,gf,2.740,mm,OK,--,1:06:42 PM,3/2/2025,
1303,51.1,gf,2.735,mm,OK,--,1:06:42 PM,3/2/2025,
1304,51.0,gf,2.720,mm,OK,--,1:06:43 PM,3/2/2025,
1305,51.0,gf,2.710,mm,OK,--,1:06:43 PM,3/2/2025,
1306,51.0,gf,2.695,mm,OK,--,1:06:43 PM,3/2/2025,
1307,50.9,gf,2.690,mm,OK,--,1:06:43 PM,3/2/2025,
1308,50.9,gf,2.680,mm,OK,--,1:06:43 PM,3/2/2025,
1309,50.9,gf,2.670,mm,OK,--,1:06:43 PM,3/2/2025,
1310,50.9,gf,2.665,mm,OK,--,1:06:43 PM,3/2/2025,
1311,50.9,gf,2.660,mm,OK,--,1:06:43 PM,3/2/2025,
1312,50.9,gf,2.660,mm,OK,--,1:06:43 PM,3/2/2025,
1313,50.9,gf,2.655,mm,OK,--,1:06:43 PM,3/2/2025,
1314,50.9,gf,2.655,mm,OK,--,1:06:44 PM,3/2/2025,
1315,50.9,gf,2.650,mm,OK,--,1:06:44 PM,3/2/2025,
1316,50.9,gf,2.650,mm,OK,--,1:06:44 PM,3/2/2025,
1317,50.9,gf,2.645,mm,OK,--,1:06:44 PM,3/2/2025,
1318,50.9,gf,2.645,mm,OK,--,1:06:44 PM,3/2/2025,
1319,50.9,gf,2.640,mm,OK,--,1:06:44 PM,3/2/2025,
1320,50.8,gf,2.640,mm,OK,--,1:06:44 PM,3/2/2025,
1321,50.8,gf,2.635,mm,OK,--,1:06:44 PM,3/2/2025,
1322,50.8,gf,2.635,mm,OK,--,1:06:44 PM,3/2/2025,
1323,50.7,gf,2.630,mm,OK,--,1:06:44 PM,3/2/2025,
1324,50.7,gf,2.630,mm,OK,--,1:06:45 PM,3/2/2025,
1325,50.8,gf,2.625,mm,OK,--,1:06:45 PM,3/2/2025,
1326,50.8,gf,2.625,mm,OK,--,1:06:45 PM,3/2/2025,
1327,50.8,gf,2.620,mm,OK,--,1:06:45 PM,3/2/2025,
1328,50.8,gf,2.620,mm,OK,--,1:06:45 PM,3/2/2025,
1329,50.8,gf,2.620,mm,OK,--,1:06:45 PM,3/2/2025,
1330,50.8,gf,2.615,mm,OK,--,1:06:45 PM,3/2/2025,
1331,50.8,gf,2.610,mm,OK,--,1:06:45 PM,3/2/2025,
1332,50.7,gf,2.610,mm,OK,--,1:06:45 PM,3/2/2025,
1333,50.7,gf,2.605,mm,OK,--,1:06:45 PM,3/2/2025,
1334,50.7,gf,2.600,mm,OK,--,1:06:46 PM,3/2/2025,
1335,50.7,gf,2.600,mm,OK,--,1:06:46 PM,3/2/2025,
1336,50.7,gf,2.595,mm,OK,--,1:06:46 PM,3/2/2025,
1337,50.7,gf,2.595,mm,OK,--,1:06:46 PM,3/2/2025,
1338,50.6,gf,2.590,mm,OK,--,1:06:46 PM,3/2/2025,
1339,50.6,gf,2.590,mm,OK,--,1:06:46 PM,3/2/2025,
1340,50.6,gf,2.590,mm,OK,--,1:06:46 PM,3/2/2025,
1341,50.6,gf,2.590,mm,OK,--,1:06:46 PM,3/2/2025,
1342,50.6,gf,2.585,mm,OK,--,1:06:46 PM,3/2/2025,
1343,50.6,gf,2.585,mm,OK,--,1:06:46 PM,3/2/2025,
1344,50.6,gf,2.585,mm,OK,--,1:06:47 PM,3/2/2025,
1345,50.6,gf,2.585,mm,OK,--,1:06:47 PM,3/2/2025,
1346,50.6,gf,2.580,mm,OK,--,1:06:47 PM,3/2/2025,
1347,50.6,gf,2.580,mm,OK,--,1:06:47 PM,3/2/2025,
1348,50.6,gf,2.580,mm,OK,--,1:06:47 PM,3/2/2025,
1349,50.6,gf,2.580,mm,OK,--,1:06:47 PM,3/2/2025,
1350,50.6,gf,2.575,mm,OK,--,1:06:47 PM,3/2/2025,
1351,50.6,gf,2.575,mm,OK,--,1:06:47 PM,3/2/2025,
1352,50.6,gf,2.575,mm,OK,--,1:06:47 PM,3/2/2025,
1353,50.6,gf,2.570,mm,OK,--,1:06:47 PM,3/2/2025,
1354,50.6,gf,2.570,mm,OK,--,1:06:48 PM,3/2/2025,
1355,50.6,gf,2.570,mm,OK,--,1:06:48 PM,3/2/2025,
1356,50.6,gf,2.565,mm,OK,--,1:06:48 PM,3/2/2025,
1357,50.5,gf,2.560,mm,OK,--,1:06:48 PM,3/2/2025,
1358,50.5,gf,2.560,mm,OK,--,1:06:48 PM,3/2/2025,
1359,50.5,gf,2.560,mm,OK,--,1:06:48 PM,3/2/2025,
1360,50.5,gf,2.560,mm,OK,--,1:06:48 PM,3/2/2025,
1361,50.4,gf,2.555,mm,OK,--,1:06:48 PM,3/2/2025,
1362,50.3,gf,2.555,mm,OK,--,1:06:48 PM,3/2/2025,
1363,50.2,gf,2.555,mm,OK,--,1:06:48 PM,3/2/2025,
1364,50.1,gf,2.550,mm,OK,--,1:06:49 PM,3/2/2025,
1365,50.0,gf,2.545,mm,OK,--,1:06:49 PM,3/2/2025,
1366,49.8,gf,2.545,mm,OK,--,1:06:49 PM,3/2/2025,
1367,49.8,gf,2.540,mm,OK,--,1:06:49 PM,3/2/2025,
1368,49.7,gf,2.540,mm,OK,--,1:06:49 PM,3/2/2025,
1369,49.6,gf,2.535,mm,OK,--,1:06:49 PM,3/2/2025,
1370,49.5,gf,2.535,mm,OK,--,1:06:49 PM,3/2/2025,
1371,49.4,gf,2.530,mm,OK,--,1:06:49 PM,3/2/2025,
1372,49.3,gf,2.530,mm,OK,--,1:06:49 PM,3/2/2025,
1373,49.2,gf,2.530,mm,OK,--,1:06:49 PM,3/2/2025,
1374,49.2,gf,2.525,mm,OK,--,1:06:50 PM,3/2/2025,
1375,49.1,gf,2.525,mm,OK,--,1:06:50 PM,3/2/2025,
1376,48.9,gf,2.520,mm,OK,--,1:06:50 PM,3/2/2025,
1377,48.8,gf,2.520,mm,OK,--,1:06:50 PM,3/2/2025,
1378,48.7,gf,2.515,mm,OK,--,1:06:50 PM,3/2/2025,
1379,48.6,gf,2.515,mm,OK,--,1:06:50 PM,3/2/2025,
1380,48.5,gf,2.510,mm,OK,--,1:06:50 PM,3/2/2025,
1381,48.3,gf,2.505,mm,OK,--,1:06:50 PM,3/2/2025,
1382,48.1,gf,2.500,mm,OK,--,1:06:50 PM,3/2/2025,
1383,47.8,gf,2.495,mm,OK,--,1:06:50 PM,3/2/2025,
1384,47.5,gf,2.490,mm,OK,--,1:06:51 PM,3/2/2025,
1385,47.4,gf,2.485,mm,OK,--,1:06:51 PM,3/2/2025,
1386,47.1,gf,2.480,mm,OK,--,1:06:51 PM,3/2/2025,
1387,47.0,gf,2.475,mm,OK,--,1:06:51 PM,3/2/2025,
1388,46.9,gf,2.470,mm,OK,--,1:06:51 PM,3/2/2025,
1389,46.7,gf,2.465,mm,OK,--,1:06:51 PM,3/2/2025,
1390,46.5,gf,2.460,mm,OK,--,1:06:51 PM,3/2/2025,
1391,46.4,gf,2.455,mm,OK,--,1:06:51 PM,3/2/2025,
1392,46.2,gf,2.450,mm,OK,--,1:06:51 PM,3/2/2025,
1393,46.0,gf,2.450,mm,OK,--,1:06:51 PM,3/2/2025,
1394,45.8,gf,2.445,mm,OK,--,1:06:52 PM,3/2/2025,
1395,45.5,gf,2.440,mm,OK,--,1:06:52 PM,3/2/2025,
1396,45.4,gf,2.435,mm,OK,--,1:06:52 PM,3/2/2025,
1397,45.3,gf,2.435,mm,OK,--,1:06:52 PM,3/2/2025,
1398,45.3,gf,2.430,mm,OK,--,1:06:52 PM,3/2/2025,
1399,45.3,gf,2.430,mm,OK,--,1:06:52 PM,3/2/2025,
1400,45.3,gf,2.425,mm,OK,--,1:06:52 PM,3/2/2025,
1401,45.2,gf,2.425,mm,OK,--,1:06:52 PM,3/2/2025,
1402,45.2,gf,2.420,mm,OK,--,1:06:52 PM,3/2/2025,
1403,45.2,gf,2.415,mm,OK,--,1:06:52 PM,3/2/2025,
1404,45.2,gf,2.415,mm,OK,--,1:06:53 PM,3/2/2025,
1405,45.1,gf,2.410,mm,OK,--,1:06:53 PM,3/2/2025,
1406,45.1,gf,2.405,mm,OK,--,1:06:53 PM,3/2/2025,
1407,45.0,gf,2.400,mm,OK,--,1:06:53 PM,3/2/2025,
1408,44.8,gf,2.400,mm,OK,--,1:06:53 PM,3/2/2025,
1409,44.8,gf,2.395,mm,OK,--,1:06:53 PM,3/2/2025,
1410,44.7,gf,2.390,mm,OK,--,1:06:53 PM,3/2/2025,
1411,44.5,gf,2.385,mm,OK,--,1:06:53 PM,3/2/2025,
1412,44.4,gf,2.380,mm,OK,--,1:06:53 PM,3/2/2025,
1413,44.4,gf,2.380,mm,OK,--,1:06:53 PM,3/2/2025,
1414,44.4,gf,2.375,mm,OK,--,1:06:54 PM,3/2/2025,
1415,44.3,gf,2.370,mm,OK,--,1:06:54 PM,3/2/2025,
1416,44.2,gf,2.365,mm,OK,--,1:06:54 PM,3/2/2025,
1417,44.3,gf,2.360,mm,OK,--,1:06:54 PM,3/2/2025,
1418,44.2,gf,2.360,mm,OK,--,1:06:54 PM,3/2/2025,
1419,44.0,gf,2.355,mm,OK,--,1:06:54 PM,3/2/2025,
1420,44.1,gf,2.350,mm,OK,--,1:06:54 PM,3/2/2025,
1421,44.1,gf,2.350,mm,OK,--,1:06:54 PM,3/2/2025,
1422,44.1,gf,2.345,mm,OK,--,1:06:54 PM,3/2/2025,
1423,44.0,gf,2.345,mm,OK,--,1:06:54 PM,3/2/2025,
1424,44.0,gf,2.340,mm,OK,--,1:06:55 PM,3/2/2025,
1425,44.0,gf,2.340,mm,OK,--,1:06:55 PM,3/2/2025,
1426,44.0,gf,2.340,mm,OK,--,1:06:55 PM,3/2/2025,
1427,43.8,gf,2.335,mm,OK,--,1:06:55 PM,3/2/2025,
1428,43.8,gf,2.330,mm,OK,--,1:06:55 PM,3/2/2025,
1429,43.8,gf,2.330,mm,OK,--,1:06:55 PM,3/2/2025,
1430,43.8,gf,2.325,mm,OK,--,1:06:55 PM,3/2/2025,
1431,43.7,gf,2.325,mm,OK,--,1:06:55 PM,3/2/2025,
1432,43.6,gf,2.320,mm,OK,--,1:06:55 PM,3/2/2025,
1433,43.6,gf,2.320,mm,OK,--,1:06:55 PM,3/2/2025,
1434,43.6,gf,2.315,mm,OK,--,1:06:56 PM,3/2/2025,
1435,43.4,gf,2.315,mm,OK,--,1:06:56 PM,3/2/2025,
1436,43.3,gf,2.310,mm,OK,--,1:06:56 PM,3/2/2025,
1437,43.3,gf,2.305,mm,OK,--,1:06:56 PM,3/2/2025,
1438,43.3,gf,2.300,mm,OK,--,1:06:56 PM,3/2/2025,
1439,43.3,gf,2.300,mm,OK,--,1:06:56 PM,3/2/2025,
1440,43.3,gf,2.295,mm,OK,--,1:06:56 PM,3/2/2025,
1441,43.2,gf,2.295,mm,OK,--,1:06:56 PM,3/2/2025,
1442,43.1,gf,2.295,mm,OK,--,1:06:56 PM,3/2/2025,
1443,43.0,gf,2.290,mm,OK,--,1:06:56 PM,3/2/2025,
1444,43.0,gf,2.290,mm,OK,--,1:06:57 PM,3/2/2025,
1445,42.9,gf,2.285,mm,OK,--,1:06:57 PM,3/2/2025,
1446,42.8,gf,2.280,mm,OK,--,1:06:57 PM,3/2/2025,
1447,42.8,gf,2.270,mm,OK,--,1:06:57 PM,3/2/2025,
1448,42.7,gf,2.265,mm,OK,--,1:06:57 PM,3/2/2025,
1449,42.8,gf,2.260,mm,OK,--,1:06:57 PM,3/2/2025,
1450,42.8,gf,2.255,mm,OK,--,1:06:57 PM,3/2/2025,
1451,42.6,gf,2.250,mm,OK,--,1:06:57 PM,3/2/2025,
1452,42.6,gf,2.245,mm,OK,--,1:06:57 PM,3/2/2025,
1453,42.7,gf,2.240,mm,OK,--,1:06:57 PM,3/2/2025,
1454,42.7,gf,2.240,mm,OK,--,1:06:58 PM,3/2/2025,
1455,42.7,gf,2.240,mm,OK,--,1:06:58 PM,3/2/2025,
1456,42.5,gf,2.235,mm,OK,--,1:06:58 PM,3/2/2025,
1457,42.5,gf,2.235,mm,OK,--,1:06:58 PM,3/2/2025,
1458,42.5,gf,2.230,mm,OK,--,1:06:58 PM,3/2/2025,
1459,42.5,gf,2.225,mm,OK,--,1:06:58 PM,3/2/2025,
1460,42.5,gf,2.225,mm,OK,--,1:06:58 PM,3/2/2025,
1461,42.4,gf,2.225,mm,OK,--,1:06:58 PM,3/2/2025,
1462,42.3,gf,2.220,mm,OK,--,1:06:58 PM,3/2/2025,
1463,42.2,gf,2.215,mm,OK,--,1:06:58 PM,3/2/2025,
1464,42.2,gf,2.215,mm,OK,--,1:06:59 PM,3/2/2025,
1465,42.2,gf,2.210,mm,OK,--,1:06:59 PM,3/2/2025,
1466,42.2,gf,2.210,mm,OK,--,1:06:59 PM,3/2/2025,
1467,42.3,gf,2.210,mm,OK,--,1:06:59 PM,3/2/2025,
1468,42.3,gf,2.210,mm,OK,--,1:06:59 PM,3/2/2025,
1469,42.3,gf,2.205,mm,OK,--,1:06:59 PM,3/2/2025,
1470,42.2,gf,2.205,mm,OK,--,1:06:59 PM,3/2/2025,
1471,42.2,gf,2.205,mm,OK,--,1:06:59 PM,3/2/2025,
1472,42.1,gf,2.205,mm,OK,--,1:06:59 PM,3/2/2025,
1473,42.1,gf,2.200,mm,OK,--,1:06:59 PM,3/2/2025,
1474,42.1,gf,2.200,mm,OK,--,1:07:00 PM,3/2/2025,
1475,42.0,gf,2.195,mm,OK,--,1:07:00 PM,3/2/2025,
1476,42.0,gf,2.195,mm,OK,--,1:07:00 PM,3/2/2025,
1477,42.0,gf,2.190,mm,OK,--,1:07:00 PM,3/2/2025,
1478,42.1,gf,2.190,mm,OK,--,1:07:00 PM,3/2/2025,
1479,41.9,gf,2.190,mm,OK,--,1:07:00 PM,3/2/2025,
1480,41.9,gf,2.185,mm,OK,--,1:07:00 PM,3/2/2025,
1481,41.8,gf,2.180,mm,OK,--,1:07:00 PM,3/2/2025,
1482,41.7,gf,2.175,mm,OK,--,1:07:00 PM,3/2/2025,
1483,41.7,gf,2.170,mm,OK,--,1:07:00 PM,3/2/2025,
1484,41.7,gf,2.165,mm,OK,--,1:07:01 PM,3/2/2025,
1485,41.8,gf,2.165,mm,OK,--,1:07:01 PM,3/2/2025,
1486,41.7,gf,2.160,mm,OK,--,1:07:01 PM,3/2/2025,
1487,41.7,gf,2.155,mm,OK,--,1:07:01 PM,3/2/2025,
1488,41.6,gf,2.150,mm,OK,--,1:07:01 PM,3/2/2025,
1489,41.5,gf,2.145,mm,OK,--,1:07:01 PM,3/2/2025,
1490,41.4,gf,2.140,mm,OK,--,1:07:01 PM,3/2/2025,
1491,41.3,gf,2.130,mm,OK,--,1:07:01 PM,3/2/2025,
1492,41.2,gf,2.120,mm,OK,--,1:07:01 PM,3/2/2025,
1493,41.1,gf,2.115,mm,OK,--,1:07:01 PM,3/2/2025,
1494,41.1,gf,2.110,mm,OK,--,1:07:02 PM,3/2/2025,
1495,41.0,gf,2.110,mm,OK,--,1:07:02 PM,3/2/2025,
1496,41.0,gf,2.105,mm,OK,--,1:07:02 PM,3/2/2025,
1497,40.9,gf,2.100,mm,OK,--,1:07:02 PM,3/2/2025,
1498,40.8,gf,2.095,mm,OK,--,1:07:02 PM,3/2/2025,
1499,40.8,gf,2.090,mm,OK,--,1:07:02 PM,3/2/2025,
1500,40.8,gf,2.085,mm,OK,--,1:07:02 PM,3/2/2025,
1501,40.7,gf,2.080,mm,OK,--,1:07:02 PM,3/2/2025,
1502,40.7,gf,2.080,mm,OK,--,1:07:02 PM,3/2/2025,
1503,40.5,gf,2.075,mm,OK,--,1:07:02 PM,3/2/2025,
1504,40.4,gf,2.070,mm,OK,--,1:07:03 PM,3/2/2025,
1505,40.5,gf,2.065,mm,OK,--,1:07:03 PM,3/2/2025,
1506,40.5,gf,2.060,mm,OK,--,1:07:03 PM,3/2/2025,
1507,40.4,gf,2.060,mm,OK,--,1:07:03 PM,3/2/2025,
1508,40.3,gf,2.055,mm,OK,--,1:07:03 PM,3/2/2025,
1509,40.4,gf,2.050,mm,OK,--,1:07:03 PM,3/2/2025,
1510,40.4,gf,2.050,mm,OK,--,1:07:03 PM,3/2/2025,
1511,40.4,gf,2.050,mm,OK,--,1:07:03 PM,3/2/2025,
1512,40.4,gf,2.045,mm,OK,--,1:07:03 PM,3/2/2025,
1513,40.4,gf,2.045,mm,OK,--,1:07:03 PM,3/2/2025,
1514,40.3,gf,2.040,mm,OK,--,1:07:04 PM,3/2/2025,
1515,40.4,gf,2.040,mm,OK,--,1:07:04 PM,3/2/2025,
1516,40.4,gf,2.040,mm,OK,--,1:07:04 PM,3/2/2025,
1517,40.3,gf,2.035,mm,OK,--,1:07:04 PM,3/2/2025,
1518,40.1,gf,2.030,mm,OK,--,1:07:04 PM,3/2/2025,
1519,40.0,gf,2.025,mm,OK,--,1:07:04 PM,3/2/2025,
1520,40.0,gf,2.020,mm,OK,--,1:07:04 PM,3/2/2025,
1521,40.1,gf,2.015,mm,OK,--,1:07:04 PM,3/2/2025,
1522,40.1,gf,2.015,mm,OK,--,1:07:04 PM,3/2/2025,
1523,40.1,gf,2.015,mm,OK,--,1:07:04 PM,3/2/2025,
1524,40.1,gf,2.010,mm,OK,--,1:07:05 PM,3/2/2025,
1525,40.0,gf,2.010,mm,OK,--,1:07:05 PM,3/2/2025,
1526,40.0,gf,2.010,mm,OK,--,1:07:05 PM,3/2/2025,
1527,39.9,gf,2.005,mm,OK,--,1:07:05 PM,3/2/2025,
1528,39.7,gf,2.005,mm,OK,--,1:07:05 PM,3/2/2025,
1529,39.8,gf,2.000,mm,OK,--,1:07:05 PM,3/2/2025,
1530,39.8,gf,1.995,mm,OK,--,1:07:05 PM,3/2/2025,
1531,39.7,gf,1.995,mm,OK,--,1:07:05 PM,3/2/2025,
1532,39.7,gf,1.990,mm,OK,--,1:07:05 PM,3/2/2025,
1533,39.6,gf,1.990,mm,OK,--,1:07:05 PM,3/2/2025,
1534,39.7,gf,1.985,mm,OK,--,1:07:06 PM,3/2/2025,
1535,39.6,gf,1.980,mm,OK,--,1:07:06 PM,3/2/2025,
1536,39.6,gf,1.975,mm,OK,--,1:07:06 PM,3/2/2025,
1537,39.5,gf,1.975,mm,OK,--,1:07:06 PM,3/2/2025,
1538,39.5,gf,1.970,mm,OK,--,1:07:06 PM,3/2/2025,
1539,39.3,gf,1.965,mm,OK,--,1:07:06 PM,3/2/2025,
1540,39.4,gf,1.960,mm,OK,--,1:07:06 PM,3/2/2025,
1541,39.3,gf,1.955,mm,OK,--,1:07:06 PM,3/2/2025,
1542,39.3,gf,1.950,mm,OK,--,1:07:06 PM,3/2/2025,
1543,39.3,gf,1.945,mm,OK,--,1:07:06 PM,3/2/2025,
1544,39.2,gf,1.945,mm,OK,--,1:07:07 PM,3/2/2025,
1545,39.2,gf,1.940,mm,OK,--,1:07:07 PM,3/2/2025,
1546,39.1,gf,1.935,mm,OK,--,1:07:07 PM,3/2/2025,
1547,39.0,gf,1.930,mm,OK,--,1:07:07 PM,3/2/2025,
1548,39.0,gf,1.925,mm,OK,--,1:07:07 PM,3/2/2025,
1549,39.0,gf,1.920,mm,OK,--,1:07:07 PM,3/2/2025,
1550,38.8,gf,1.910,mm,OK,--,1:07:07 PM,3/2/2025,
1551,38.8,gf,1.900,mm,OK,--,1:07:07 PM,3/2/2025,
1552,38.9,gf,1.895,mm,OK,--,1:07:07 PM,3/2/2025,
1553,38.9,gf,1.890,mm,OK,--,1:07:07 PM,3/2/2025,
1554,38.9,gf,1.885,mm,OK,--,1:07:08 PM,3/2/2025,
1555,39.0,gf,1.880,mm,OK,--,1:07:08 PM,3/2/2025,
1556,39.0,gf,1.875,mm,OK,--,1:07:08 PM,3/2/2025,
1557,39.0,gf,1.875,mm,OK,--,1:07:08 PM,3/2/2025,
1558,39.0,gf,1.870,mm,OK,--,1:07:08 PM,3/2/2025,
1559,38.9,gf,1.870,mm,OK,--,1:07:08 PM,3/2/2025,
1560,38.9,gf,1.865,mm,OK,--,1:07:08 PM,3/2/2025,
1561,39.0,gf,1.865,mm,OK,--,1:07:08 PM,3/2/2025,
1562,39.0,gf,1.860,mm,OK,--,1:07:08 PM,3/2/2025,
1563,39.0,gf,1.860,mm,OK,--,1:07:08 PM,3/2/2025,
1564,39.0,gf,1.860,mm,OK,--,1:07:09 PM,3/2/2025,
1565,39.0,gf,1.855,mm,OK,--,1:07:09 PM,3/2/2025,
1566,38.7,gf,1.850,mm,OK,--,1:07:09 PM,3/2/2025,
1567,38.8,gf,1.840,mm,OK,--,1:07:09 PM,3/2/2025,
1568,38.7,gf,1.835,mm,OK,--,1:07:09 PM,3/2/2025,
1569,38.6,gf,1.830,mm,OK,--,1:07:09 PM,3/2/2025,
1570,38.5,gf,1.825,mm,OK,--,1:07:09 PM,3/2/2025,
1571,38.4,gf,1.815,mm,OK,--,1:07:09 PM,3/2/2025,
1572,38.5,gf,1.810,mm,OK,--,1:07:09 PM,3/2/2025,
1573,38.3,gf,1.805,mm,OK,--,1:07:09 PM,3/2/2025,
1574,38.4,gf,1.800,mm,OK,--,1:07:10 PM,3/2/2025,
1575,38.3,gf,1.800,mm,OK,--,1:07:10 PM,3/2/2025,
1576,38.4,gf,1.795,mm,OK,--,1:07:10 PM,3/2/2025,
1577,38.5,gf,1.790,mm,OK,--,1:07:10 PM,3/2/2025,
1578,38.5,gf,1.790,mm,OK,--,1:07:10 PM,3/2/2025,
1579,38.4,gf,1.785,mm,OK,--,1:07:10 PM,3/2/2025,
1580,38.4,gf,1.785,mm,OK,--,1:07:10 PM,3/2/2025,
1581,38.3,gf,1.785,mm,OK,--,1:07:10 PM,3/2/2025,
1582,38.2,gf,1.780,mm,OK,--,1:07:10 PM,3/2/2025,
1583,38.3,gf,1.775,mm,OK,--,1:07:10 PM,3/2/2025,
1584,38.3,gf,1.770,mm,OK,--,1:07:11 PM,3/2/2025,
1585,38.4,gf,1.765,mm,OK,--,1:07:11 PM,3/2/2025,
1586,38.3,gf,1.760,mm,OK,--,1:07:11 PM,3/2/2025,
1587,38.4,gf,1.755,mm,OK,--,1:07:11 PM,3/2/2025,
1588,38.3,gf,1.750,mm,OK,--,1:07:11 PM,3/2/2025,
1589,38.4,gf,1.740,mm,OK,--,1:07:11 PM,3/2/2025,
1590,38.4,gf,1.735,mm,OK,--,1:07:11 PM,3/2/2025,
1591,38.4,gf,1.730,mm,OK,--,1:07:11 PM,3/2/2025,
1592,38.4,gf,1.725,mm,OK,--,1:07:11 PM,3/2/2025,
1593,38.4,gf,1.720,mm,OK,--,1:07:11 PM,3/2/2025,
1594,38.3,gf,1.715,mm,OK,--,1:07:12 PM,3/2/2025,
1595,38.3,gf,1.710,mm,OK,--,1:07:12 PM,3/2/2025,
1596,38.2,gf,1.710,mm,OK,--,1:07:12 PM,3/2/2025,
1597,38.2,gf,1.705,mm,OK,--,1:07:12 PM,3/2/2025,
1598,38.2,gf,1.705,mm,OK,--,1:07:12 PM,3/2/2025,
1599,38.3,gf,1.700,mm,OK,--,1:07:12 PM,3/2/2025,
1600,38.4,gf,1.700,mm,OK,--,1:07:12 PM,3/2/2025,
1601,38.4,gf,1.700,mm,OK,--,1:07:12 PM,3/2/2025,
1602,38.2,gf,1.695,mm,OK,--,1:07:12 PM,3/2/2025,
1603,38.2,gf,1.695,mm,OK,--,1:07:12 PM,3/2/2025,
1604,38.1,gf,1.690,mm,OK,--,1:07:13 PM,3/2/2025,
1605,38.0,gf,1.690,mm,OK,--,1:07:13 PM,3/2/2025,
1606,38.0,gf,1.685,mm,OK,--,1:07:13 PM,3/2/2025,
1607,37.9,gf,1.685,mm,OK,--,1:07:13 PM,3/2/2025,
1608,37.9,gf,1.680,mm,OK,--,1:07:13 PM,3/2/2025,
1609,37.8,gf,1.675,mm,OK,--,1:07:13 PM,3/2/2025,
1610,37.8,gf,1.675,mm,OK,--,1:07:13 PM,3/2/2025,
1611,37.6,gf,1.670,mm,OK,--,1:07:13 PM,3/2/2025,
1612,37.7,gf,1.665,mm,OK,--,1:07:13 PM,3/2/2025,
1613,37.7,gf,1.665,mm,OK,--,1:07:13 PM,3/2/2025,
1614,37.8,gf,1.665,mm,OK,--,1:07:14 PM,3/2/2025,
1615,37.8,gf,1.660,mm,OK,--,1:07:14 PM,3/2/2025,
1616,37.7,gf,1.660,mm,OK,--,1:07:14 PM,3/2/2025,
1617,37.8,gf,1.655,mm,OK,--,1:07:14 PM,3/2/2025,
1618,37.9,gf,1.655,mm,OK,--,1:07:14 PM,3/2/2025,
1619,37.9,gf,1.650,mm,OK,--,1:07:14 PM,3/2/2025,
1620,38.2,gf,1.645,mm,OK,--,1:07:14 PM,3/2/2025,
1621,38.4,gf,1.640,mm,OK,--,1:07:14 PM,3/2/2025,
1622,38.7,gf,1.635,mm,OK,--,1:07:14 PM,3/2/2025,
1623,39.6,gf,1.630,mm,OK,--,1:07:14 PM,3/2/2025,
1624,39.8,gf,1.625,mm,OK,--,1:07:15 PM,3/2/2025,
1625,40.0,gf,1.620,mm,OK,--,1:07:15 PM,3/2/2025,
1626,39.9,gf,1.620,mm,OK,--,1:07:15 PM,3/2/2025,
1627,40.0,gf,1.620,mm,OK,--,1:07:15 PM,3/2/2025,
1628,40.0,gf,1.615,mm,OK,--,1:07:15 PM,3/2/2025,
1629,40.0,gf,1.615,mm,OK,--,1:07:15 PM,3/2/2025,
1630,39.8,gf,1.615,mm,OK,--,1:07:15 PM,3/2/2025,
1631,39.8,gf,1.610,mm,OK,--,1:07:15 PM,3/2/2025,
1632,40.0,gf,1.610,mm,OK,--,1:07:15 PM,3/2/2025,
1633,40.0,gf,1.605,mm,OK,--,1:07:15 PM,3/2/2025,
1634,40.0,gf,1.600,mm,OK,--,1:07:16 PM,3/2/2025,
1635,40.3,gf,1.590,mm,OK,--,1:07:16 PM,3/2/2025,
1636,40.5,gf,1.585,mm,OK,--,1:07:16 PM,3/2/2025,
1637,40.4,gf,1.580,mm,OK,--,1:07:16 PM,3/2/2025,
1638,40.4,gf,1.575,mm,OK,--,1:07:16 PM,3/2/2025,
1639,40.4,gf,1.570,mm,OK,--,1:07:16 PM,3/2/2025,
1640,40.5,gf,1.555,mm,OK,--,1:07:16 PM,3/2/2025,
1641,40.5,gf,1.550,mm,OK,--,1:07:16 PM,3/2/2025,
1642,40.5,gf,1.545,mm,OK,--,1:07:16 PM,3/2/2025,
1643,40.5,gf,1.540,mm,OK,--,1:07:16 PM,3/2/2025,
1644,40.7,gf,1.530,mm,OK,--,1:07:17 PM,3/2/2025,
1645,40.7,gf,1.520,mm,OK,--,1:07:17 PM,3/2/2025,
1646,40.8,gf,1.510,mm,OK,--,1:07:17 PM,3/2/2025,
1647,40.8,gf,1.500,mm,OK,--,1:07:17 PM,3/2/2025,
1648,40.9,gf,1.495,mm,OK,--,1:07:17 PM,3/2/2025,
1649,40.9,gf,1.485,mm,OK,--,1:07:17 PM,3/2/2025,
1650,41.0,gf,1.475,mm,OK,--,1:07:17 PM,3/2/2025,
1651,41.1,gf,1.465,mm,OK,--,1:07:17 PM,3/2/2025,
1652,41.1,gf,1.460,mm,OK,--,1:07:17 PM,3/2/2025,
1653,41.3,gf,1.450,mm,OK,--,1:07:17 PM,3/2/2025,
1654,41.5,gf,1.445,mm,OK,--,1:07:18 PM,3/2/2025,
1655,41.6,gf,1.440,mm,OK,--,1:07:18 PM,3/2/2025,
1656,41.6,gf,1.435,mm,OK,--,1:07:18 PM,3/2/2025,
1657,41.7,gf,1.430,mm,OK,--,1:07:18 PM,3/2/2025,
1658,41.7,gf,1.425,mm,OK,--,1:07:18 PM,3/2/2025,
1659,41.6,gf,1.420,mm,OK,--,1:07:18 PM,3/2/2025,
1660,41.6,gf,1.415,mm,OK,--,1:07:18 PM,3/2/2025,
1661,41.7,gf,1.415,mm,OK,--,1:07:18 PM,3/2/2025,
1662,41.8,gf,1.405,mm,OK,--,1:07:18 PM,3/2/2025,
1663,41.7,gf,1.400,mm,OK,--,1:07:18 PM,3/2/2025,
1664,41.7,gf,1.395,mm,OK,--,1:07:19 PM,3/2/2025,
1665,41.7,gf,1.390,mm,OK,--,1:07:19 PM,3/2/2025,
1666,41.7,gf,1.385,mm,OK,--,1:07:19 PM,3/2/2025,
1667,41.9,gf,1.380,mm,OK,--,1:07:19 PM,3/2/2025,
1668,41.9,gf,1.380,mm,OK,--,1:07:19 PM,3/2/2025,
1669,41.9,gf,1.375,mm,OK,--,1:07:19 PM,3/2/2025,
1670,42.0,gf,1.375,mm,OK,--,1:07:19 PM,3/2/2025,
1671,42.1,gf,1.370,mm,OK,--,1:07:19 PM,3/2/2025,
1672,42.3,gf,1.365,mm,OK,--,1:07:19 PM,3/2/2025,
1673,42.4,gf,1.365,mm,OK,--,1:07:19 PM,3/2/2025,
1674,42.5,gf,1.360,mm,OK,--,1:07:20 PM,3/2/2025,
1675,42.4,gf,1.355,mm,OK,--,1:07:20 PM,3/2/2025,
1676,42.4,gf,1.350,mm,OK,--,1:07:20 PM,3/2/2025,
1677,42.5,gf,1.345,mm,OK,--,1:07:20 PM,3/2/2025,
1678,42.4,gf,1.340,mm,OK,--,1:07:20 PM,3/2/2025,
1679,42.5,gf,1.340,mm,OK,--,1:07:20 PM,3/2/2025,
1680,42.5,gf,1.335,mm,OK,--,1:07:20 PM,3/2/2025,
1681,42.5,gf,1.330,mm,OK,--,1:07:20 PM,3/2/2025,
1682,42.6,gf,1.325,mm,OK,--,1:07:20 PM,3/2/2025,
1683,42.5,gf,1.325,mm,OK,--,1:07:20 PM,3/2/2025,
1684,42.7,gf,1.315,mm,OK,--,1:07:21 PM,3/2/2025,
1685,42.9,gf,1.310,mm,OK,--,1:07:21 PM,3/2/2025,
1686,42.9,gf,1.310,mm,OK,--,1:07:21 PM,3/2/2025,
1687,42.8,gf,1.305,mm,OK,--,1:07:21 PM,3/2/2025,
1688,42.9,gf,1.300,mm,OK,--,1:07:21 PM,3/2/2025,
1689,43.2,gf,1.295,mm,OK,--,1:07:21 PM,3/2/2025,
1690,43.1,gf,1.290,mm,OK,--,1:07:21 PM,3/2/2025,
1691,43.3,gf,1.285,mm,OK,--,1:07:21 PM,3/2/2025,
1692,43.2,gf,1.280,mm,OK,--,1:07:21 PM,3/2/2025,
1693,43.3,gf,1.280,mm,OK,--,1:07:21 PM,3/2/2025,
1694,43.3,gf,1.270,mm,OK,--,1:07:22 PM,3/2/2025,
1695,43.5,gf,1.265,mm,OK,--,1:07:22 PM,3/2/2025,
1696,43.5,gf,1.260,mm,OK,--,1:07:22 PM,3/2/2025,
1697,43.5,gf,1.255,mm,OK,--,1:07:22 PM,3/2/2025,
1698,43.7,gf,1.245,mm,OK,--,1:07:22 PM,3/2/2025,
1699,43.8,gf,1.240,mm,OK,--,1:07:22 PM,3/2/2025,
1700,43.7,gf,1.235,mm,OK,--,1:07:22 PM,3/2/2025,
1701,43.7,gf,1.230,mm,OK,--,1:07:22 PM,3/2/2025,
1702,43.8,gf,1.230,mm,OK,--,1:07:22 PM,3/2/2025,
1703,43.8,gf,1.220,mm,OK,--,1:07:22 PM,3/2/2025,
1704,43.9,gf,1.215,mm,OK,--,1:07:23 PM,3/2/2025,
1705,43.9,gf,1.205,mm,OK,--,1:07:23 PM,3/2/2025,
1706,44.1,gf,1.200,mm,OK,--,1:07:23 PM,3/2/2025,
1707,44.1,gf,1.185,mm,OK,--,1:07:23 PM,3/2/2025,
1708,44.2,gf,1.175,mm,OK,--,1:07:23 PM,3/2/2025,
1709,44.4,gf,1.160,mm,OK,--,1:07:23 PM,3/2/2025,
1710,44.4,gf,1.150,mm,OK,--,1:07:23 PM,3/2/2025,
1711,44.7,gf,1.140,mm,OK,--,1:07:23 PM,3/2/2025,
1712,44.8,gf,1.080,mm,OK,--,1:07:23 PM,3/2/2025,
1713,45.0,gf,1.065,mm,OK,--,1:07:23 PM,3/2/2025,
1714,44.9,gf,1.055,mm,OK,--,1:07:24 PM,3/2/2025,
1715,45.1,gf,1.040,mm,OK,--,1:07:24 PM,3/2/2025,
1716,45.1,gf,1.030,mm,OK,--,1:07:24 PM,3/2/2025,
1717,45.3,gf,1.025,mm,OK,--,1:07:24 PM,3/2/2025,
1718,45.1,gf,1.020,mm,OK,--,1:07:24 PM,3/2/2025,
1719,45.2,gf,1.020,mm,OK,--,1:07:24 PM,3/2/2025,
1720,45.3,gf,1.015,mm,OK,--,1:07:24 PM,3/2/2025,
1721,45.4,gf,1.015,mm,OK,--,1:07:24 PM,3/2/2025,
1722,45.2,gf,1.015,mm,OK,--,1:07:24 PM,3/2/2025,
1723,45.2,gf,1.010,mm,OK,--,1:07:24 PM,3/2/2025,
1724,45.3,gf,1.005,mm,OK,--,1:07:25 PM,3/2/2025,
1725,45.5,gf,1.005,mm,OK,--,1:07:25 PM,3/2/2025,
1726,45.6,gf,1.000,mm,OK,--,1:07:25 PM,3/2/2025,
1727,45.6,gf,1.000,mm,OK,--,1:07:25 PM,3/2/2025,
1728,45.5,gf,1.000,mm,OK,--,1:07:25 PM,3/2/2025,
1729,45.6,gf,0.995,mm,OK,--,1:07:25 PM,3/2/2025,
1730,45.6,gf,0.995,mm,OK,--,1:07:25 PM,3/2/2025,
1731,45.6,gf,0.995,mm,OK,--,1:07:25 PM,3/2/2025,
1732,45.7,gf,0.990,mm,OK,--,1:07:25 PM,3/2/2025,
1733,45.7,gf,0.990,mm,OK,--,1:07:25 PM,3/2/2025,
1734,45.7,gf,0.985,mm,OK,--,1:07:26 PM,3/2/2025,
1735,45.6,gf,0.985,mm,OK,--,1:07:26 PM,3/2/2025,
1736,45.7,gf,0.980,mm,OK,--,1:07:26 PM,3/2/2025,
1737,45.7,gf,0.980,mm,OK,--,1:07:26 PM,3/2/2025,
1738,45.7,gf,0.980,mm,OK,--,1:07:26 PM,3/2/2025,
1739,45.6,gf,0.980,mm,OK,--,1:07:26 PM,3/2/2025,
1740,45.5,gf,0.975,mm,OK,--,1:07:26 PM,3/2/2025,
1741,45.6,gf,0.975,mm,OK,--,1:07:26 PM,3/2/2025,
1742,45.6,gf,0.970,mm,OK,--,1:07:26 PM,3/2/2025,
1743,45.5,gf,0.965,mm,OK,--,1:07:26 PM,3/2/2025,
1744,45.7,gf,0.955,mm,OK,--,1:07:27 PM,3/2/2025,
1745,45.6,gf,0.950,mm,OK,--,1:07:27 PM,3/2/2025,
1746,45.4,gf,0.945,mm,OK,--,1:07:27 PM,3/2/2025,
1747,45.5,gf,0.940,mm,OK,--,1:07:27 PM,3/2/2025,
1748,45.4,gf,0.935,mm,OK,--,1:07:27 PM,3/2/2025,
1749,45.5,gf,0.930,mm,OK,--,1:07:27 PM,3/2/2025,
1750,45.5,gf,0.925,mm,OK,--,1:07:27 PM,3/2/2025,
1751,45.5,gf,0.925,mm,OK,--,1:07:27 PM,3/2/2025,
1752,45.5,gf,0.920,mm,OK,--,1:07:27 PM,3/2/2025,
1753,45.5,gf,0.920,mm,OK,--,1:07:27 PM,3/2/2025,
1754,45.5,gf,0.915,mm,OK,--,1:07:28 PM,3/2/2025,
1755,45.3,gf,0.915,mm,OK,--,1:07:28 PM,3/2/2025,
1756,45.3,gf,0.905,mm,OK,--,1:07:28 PM,3/2/2025,
1757,45.1,gf,0.900,mm,OK,--,1:07:28 PM,3/2/2025,
1758,45.0,gf,0.890,mm,OK,--,1:07:28 PM,3/2/2025,
1759,45.0,gf,0.880,mm,OK,--,1:07:28 PM,3/2/2025,
1760,44.9,gf,0.875,mm,OK,--,1:07:28 PM,3/2/2025,
1761,44.9,gf,0.875,mm,OK,--,1:07:28 PM,3/2/2025,
1762,44.8,gf,0.870,mm,OK,--,1:07:28 PM,3/2/2025,
1763,44.7,gf,0.865,mm,OK,--,1:07:28 PM,3/2/2025,
1764,44.8,gf,0.855,mm,OK,--,1:07:29 PM,3/2/2025,
1765,44.8,gf,0.850,mm,OK,--,1:07:29 PM,3/2/2025,
1766,44.7,gf,0.845,mm,OK,--,1:07:29 PM,3/2/2025,
1767,44.8,gf,0.845,mm,OK,--,1:07:29 PM,3/2/2025,
1768,45.0,gf,0.840,mm,OK,--,1:07:29 PM,3/2/2025,
1769,45.0,gf,0.840,mm,OK,--,1:07:29 PM,3/2/2025,
1770,44.8,gf,0.840,mm,OK,--,1:07:29 PM,3/2/2025,
1771,44.8,gf,0.840,mm,OK,--,1:07:29 PM,3/2/2025,
1772,44.7,gf,0.840,mm,OK,--,1:07:29 PM,3/2/2025,
1773,44.7,gf,0.835,mm,OK,--,1:07:29 PM,3/2/2025,
1774,44.7,gf,0.835,mm,OK,--,1:07:30 PM,3/2/2025,
1775,44.7,gf,0.830,mm,OK,--,1:07:30 PM,3/2/2025,
1776,44.7,gf,0.825,mm,OK,--,1:07:30 PM,3/2/2025,
1777,44.6,gf,0.820,mm,OK,--,1:07:30 PM,3/2/2025,
1778,44.6,gf,0.810,mm,OK,--,1:07:30 PM,3/2/2025,
1779,44.7,gf,0.800,mm,OK,--,1:07:30 PM,3/2/2025,
1780,44.8,gf,0.795,mm,OK,--,1:07:30 PM,3/2/2025,
1781,44.8,gf,0.790,mm,OK,--,1:07:30 PM,3/2/2025,
1782,44.8,gf,0.785,mm,OK,--,1:07:30 PM,3/2/2025,
1783,44.8,gf,0.785,mm,OK,--,1:07:30 PM,3/2/2025,
1784,44.8,gf,0.780,mm,OK,--,1:07:31 PM,3/2/2025,
1785,44.8,gf,0.780,mm,OK,--,1:07:31 PM,3/2/2025,
1786,44.8,gf,0.780,mm,OK,--,1:07:31 PM,3/2/2025,
1787,44.7,gf,0.775,mm,OK,--,1:07:31 PM,3/2/2025,
1788,44.6,gf,0.770,mm,OK,--,1:07:31 PM,3/2/2025,
1789,44.8,gf,0.765,mm,OK,--,1:07:31 PM,3/2/2025,
1790,44.8,gf,0.765,mm,OK,--,1:07:31 PM,3/2/2025,
1791,44.7,gf,0.760,mm,OK,--,1:07:31 PM,3/2/2025,
1792,44.7,gf,0.760,mm,OK,--,1:07:31 PM,3/2/2025,
1793,44.6,gf,0.760,mm,OK,--,1:07:31 PM,3/2/2025,
1794,44.6,gf,0.755,mm,OK,--,1:07:32 PM,3/2/2025,
1795,44.6,gf,0.750,mm,OK,--,1:07:32 PM,3/2/2025,
1796,44.5,gf,0.740,mm,OK,--,1:07:32 PM,3/2/2025,
1797,44.5,gf,0.735,mm,OK,--,1:07:32 PM,3/2/2025,
1798,44.4,gf,0.730,mm,OK,--,1:07:32 PM,3/2/2025,
1799,44.4,gf,0.720,mm,OK,--,1:07:32 PM,3/2/2025,
1800,44.2,gf,0.715,mm,OK,--,1:07:32 PM,3/2/2025,
1801,44.3,gf,0.710,mm,OK,--,1:07:32 PM,3/2/2025,
1802,44.2,gf,0.705,mm,OK,--,1:07:32 PM,3/2/2025,
1803,44.1,gf,0.700,mm,OK,--,1:07:32 PM,3/2/2025,
1804,44.1,gf,0.695,mm,OK,--,1:07:33 PM,3/2/2025,
1805,44.1,gf,0.690,mm,OK,--,1:07:33 PM,3/2/2025,
1806,43.8,gf,0.685,mm,OK,--,1:07:33 PM,3/2/2025,
1807,43.0,gf,0.680,mm,OK,--,1:07:33 PM,3/2/2025,
1808,42.6,gf,0.675,mm,OK,--,1:07:33 PM,3/2/2025,
1809,42.5,gf,0.670,mm,OK,--,1:07:33 PM,3/2/2025,
1810,42.4,gf,0.665,mm,OK,--,1:07:33 PM,3/2/2025,
1811,42.2,gf,0.660,mm,OK,--,1:07:33 PM,3/2/2025,
1812,41.9,gf,0.655,mm,OK,--,1:07:33 PM,3/2/2025,
1813,41.8,gf,0.650,mm,OK,--,1:07:33 PM,3/2/2025,
1814,41.8,gf,0.650,mm,OK,--,1:07:34 PM,3/2/2025,
1815,41.7,gf,0.645,mm,OK,--,1:07:34 PM,3/2/2025,
1816,41.7,gf,0.645,mm,OK,--,1:07:34 PM,3/2/2025,
1817,41.7,gf,0.640,mm,OK,--,1:07:34 PM,3/2/2025,
1818,41.7,gf,0.635,mm,OK,--,1:07:34 PM,3/2/2025,
1819,41.6,gf,0.635,mm,OK,--,1:07:34 PM,3/2/2025,
1820,41.5,gf,0.630,mm,OK,--,1:07:34 PM,3/2/2025,
1821,41.6,gf,0.630,mm,OK,--,1:07:34 PM,3/2/2025,
1822,41.6,gf,0.625,mm,OK,--,1:07:34 PM,3/2/2025,
1823,41.7,gf,0.625,mm,OK,--,1:07:34 PM,3/2/2025,
1824,41.6,gf,0.620,mm,OK,--,1:07:35 PM,3/2/2025,
1825,41.7,gf,0.615,mm,OK,--,1:07:35 PM,3/2/2025,
1826,41.9,gf,0.605,mm,OK,--,1:07:35 PM,3/2/2025,
1827,42.0,gf,0.605,mm,OK,--,1:07:35 PM,3/2/2025,
1828,42.0,gf,0.600,mm,OK,--,1:07:35 PM,3/2/2025,
1829,42.0,gf,0.595,mm,OK,--,1:07:35 PM,3/2/2025,
1830,42.0,gf,0.595,mm,OK,--,1:07:35 PM,3/2/2025,
1831,42.0,gf,0.595,mm,OK,--,1:07:35 PM,3/2/2025,
1832,42.0,gf,0.590,mm,OK,--,1:07:35 PM,3/2/2025,
1833,42.1,gf,0.590,mm,OK,--,1:07:35 PM,3/2/2025,
1834,42.1,gf,0.585,mm,OK,--,1:07:36 PM,3/2/2025,
1835,42.1,gf,0.585,mm,OK,--,1:07:36 PM,3/2/2025,
1836,42.1,gf,0.580,mm,OK,--,1:07:36 PM,3/2/2025,
1837,42.2,gf,0.575,mm,OK,--,1:07:36 PM,3/2/2025,
1838,42.2,gf,0.570,mm,OK,--,1:07:36 PM,3/2/2025,
1839,42.1,gf,0.565,mm,OK,--,1:07:36 PM,3/2/2025,
1840,42.2,gf,0.560,mm,OK,--,1:07:36 PM,3/2/2025,
1841,42.4,gf,0.555,mm,OK,--,1:07:36 PM,3/2/2025,
1842,42.2,gf,0.555,mm,OK,--,1:07:36 PM,3/2/2025,
1843,42.1,gf,0.550,mm,OK,--,1:07:36 PM,3/2/2025,
1844,42.2,gf,0.540,mm,OK,--,1:07:37 PM,3/2/2025,
1845,42.3,gf,0.535,mm,OK,--,1:07:37 PM,3/2/2025,
1846,42.2,gf,0.535,mm,OK,--,1:07:37 PM,3/2/2025,
1847,42.1,gf,0.530,mm,OK,--,1:07:37 PM,3/2/2025,
1848,42.0,gf,0.525,mm,OK,--,1:07:37 PM,3/2/2025,
1849,42.0,gf,0.520,mm,OK,--,1:07:37 PM,3/2/2025,
1850,42.0,gf,0.520,mm,OK,--,1:07:37 PM,3/2/2025,
1851,41.9,gf,0.515,mm,OK,--,1:07:37 PM,3/2/2025,
1852,41.8,gf,0.510,mm,OK,--,1:07:37 PM,3/2/2025,
1853,41.8,gf,0.505,mm,OK,--,1:07:37 PM,3/2/2025,
1854,41.7,gf,0.500,mm,OK,--,1:07:38 PM,3/2/2025,
1855,41.7,gf,0.495,mm,OK,--,1:07:38 PM,3/2/2025,
1856,41.7,gf,0.490,mm,OK,--,1:07:38 PM,3/2/2025,
1857,41.8,gf,0.485,mm,OK,--,1:07:38 PM,3/2/2025,
1858,41.6,gf,0.485,mm,OK,--,1:07:38 PM,3/2/2025,
1859,41.6,gf,0.480,mm,OK,--,1:07:38 PM,3/2/2025,
1860,41.6,gf,0.480,mm,OK,--,1:07:38 PM,3/2/2025,
1861,41.6,gf,0.475,mm,OK,--,1:07:38 PM,3/2/2025,
1862,41.5,gf,0.465,mm,OK,--,1:07:38 PM,3/2/2025,
1863,41.4,gf,0.460,mm,OK,--,1:07:38 PM,3/2/2025,
1864,41.4,gf,0.455,mm,OK,--,1:07:39 PM,3/2/2025,
1865,41.4,gf,0.455,mm,OK,--,1:07:39 PM,3/2/2025,
1866,41.3,gf,0.450,mm,OK,--,1:07:39 PM,3/2/2025,
1867,41.3,gf,0.450,mm,OK,--,1:07:39 PM,3/2/2025,
1868,41.3,gf,0.445,mm,OK,--,1:07:39 PM,3/2/2025,
1869,41.2,gf,0.445,mm,OK,--,1:07:39 PM,3/2/2025,
1870,41.1,gf,0.440,mm,OK,--,1:07:39 PM,3/2/2025,
1871,40.9,gf,0.435,mm,OK,--,1:07:39 PM,3/2/2025,
1872,40.9,gf,0.435,mm,OK,--,1:07:39 PM,3/2/2025,
1873,40.8,gf,0.430,mm,OK,--,1:07:39 PM,3/2/2025,
1874,40.7,gf,0.425,mm,OK,--,1:07:40 PM,3/2/2025,
1875,40.6,gf,0.415,mm,OK,--,1:07:40 PM,3/2/2025,
1876,40.4,gf,0.405,mm,OK,--,1:07:40 PM,3/2/2025,
1877,40.3,gf,0.400,mm,OK,--,1:07:40 PM,3/2/2025,
1878,40.1,gf,0.395,mm,OK,--,1:07:40 PM,3/2/2025,
1879,39.8,gf,0.390,mm,OK,--,1:07:40 PM,3/2/2025,
1880,39.5,gf,0.385,mm,OK,--,1:07:40 PM,3/2/2025,
1881,39.3,gf,0.380,mm,OK,--,1:07:40 PM,3/2/2025,
1882,39.2,gf,0.380,mm,OK,--,1:07:40 PM,3/2/2025,
1883,39.0,gf,0.375,mm,OK,--,1:07:40 PM,3/2/2025,
1884,38.9,gf,0.370,mm,OK,--,1:07:41 PM,3/2/2025,
1885,38.6,gf,0.365,mm,OK,--,1:07:41 PM,3/2/2025,
1886,38.2,gf,0.360,mm,OK,--,1:07:41 PM,3/2/2025,
1887,37.8,gf,0.355,mm,OK,--,1:07:41 PM,3/2/2025,
1888,37.2,gf,0.345,mm,OK,--,1:07:41 PM,3/2/2025,
1889,36.7,gf,0.340,mm,OK,--,1:07:41 PM,3/2/2025,
1890,36.4,gf,0.335,mm,OK,--,1:07:41 PM,3/2/2025,
1891,36.2,gf,0.330,mm,OK,--,1:07:41 PM,3/2/2025,
1892,36.1,gf,0.325,mm,OK,--,1:07:41 PM,3/2/2025,
1893,35.9,gf,0.320,mm,OK,--,1:07:41 PM,3/2/2025,
1894,35.6,gf,0.320,mm,OK,--,1:07:42 PM,3/2/2025,
1895,35.5,gf,0.315,mm,OK,--,1:07:42 PM,3/2/2025,
1896,35.3,gf,0.305,mm,OK,--,1:07:42 PM,3/2/2025,
1897,35.3,gf,0.300,mm,OK,--,1:07:42 PM,3/2/2025,
1898,35.2,gf,0.295,mm,OK,--,1:07:42 PM,3/2/2025,
1899,35.1,gf,0.290,mm,OK,--,1:07:42 PM,3/2/2025,
1900,35.2,gf,0.285,mm,OK,--,1:07:42 PM,3/2/2025,
1901,35.1,gf,0.285,mm,OK,--,1:07:42 PM,3/2/2025,
1902,35.2,gf,0.280,mm,OK,--,1:07:42 PM,3/2/2025,
1903,35.1,gf,0.280,mm,OK,--,1:07:42 PM,3/2/2025,
1904,35.1,gf,0.280,mm,OK,--,1:07:43 PM,3/2/2025,
1905,35.1,gf,0.275,mm,OK,--,1:07:43 PM,3/2/2025,
1906,35.1,gf,0.275,mm,OK,--,1:07:43 PM,3/2/2025,
1907,34.9,gf,0.270,mm,OK,--,1:07:43 PM,3/2/2025,
1908,34.8,gf,0.270,mm,OK,--,1:07:43 PM,3/2/2025,
1909,34.6,gf,0.260,mm,OK,--,1:07:43 PM,3/2/2025,
1910,30.6,gf,0.255,mm,OK,--,1:07:43 PM,3/2/2025,
1911,27.7,gf,0.250,mm,OK,--,1:07:43 PM,3/2/2025,
1912,26.1,gf,0.250,mm,OK,--,1:07:43 PM,3/2/2025,
1913,24.9,gf,0.245,mm,OK,--,1:07:43 PM,3/2/2025,
1914,23.9,gf,0.245,mm,OK,--,1:07:44 PM,3/2/2025,
1915,23.8,gf,0.240,mm,OK,--,1:07:44 PM,3/2/2025,
1916,23.8,gf,0.240,mm,OK,--,1:07:44 PM,3/2/2025,
1917,23.5,gf,0.235,mm,OK,--,1:07:44 PM,3/2/2025,
1918,23.1,gf,0.235,mm,OK,--,1:07:44 PM,3/2/2025,
1919,22.5,gf,0.225,mm,OK,--,1:07:44 PM,3/2/2025,
1920,22.2,gf,0.225,mm,OK,--,1:07:44 PM,3/2/2025,
1921,22.0,gf,0.220,mm,OK,--,1:07:44 PM,3/2/2025,
1922,21.6,gf,0.220,mm,OK,--,1:07:44 PM,3/2/2025,
1923,21.2,gf,0.210,mm,OK,--,1:07:44 PM,3/2/2025,
1924,20.7,gf,0.205,mm,OK,--,1:07:45 PM,3/2/2025,
1925,20.4,gf,0.200,mm,OK,--,1:07:45 PM,3/2/2025,
1926,19.9,gf,0.195,mm,OK,--,1:07:45 PM,3/2/2025,
1927,17.9,gf,0.185,mm,OK,--,1:07:45 PM,3/2/2025,
1928,15.9,gf,0.185,mm,OK,--,1:07:45 PM,3/2/2025,
1929,11.0,gf,0.175,mm,OK,--,1:07:45 PM,3/2/2025,
1930,3.0,gf,0.165,mm,OK,--,1:07:45 PM,3/2/2025,
1931,0.1,gf,0.155,mm,OK,--,1:07:45 PM,3/2/2025,
1932,0.1,gf,0.140,mm,OK,--,1:07:45 PM,3/2/2025,
1933,0.1,gf,0.130,mm,OK,--,1:07:45 PM,3/2/2025,
1934,0.0,gf,0.120,mm,OK,--,1:07:46 PM,3/2/2025,
1935,0.0,gf,0.110,mm,OK,--,1:07:46 PM,3/2/2025,
1936,0.0,gf,0.105,mm,OK,--,1:07:46 PM,3/2/2025,
1937,0.0,gf,0.100,mm,OK,--,1:07:46 PM,3/2/2025,
1938,0.1,gf,0.100,mm,OK,--,1:07:46 PM,3/2/2025,
1939,0.0,gf,0.095,mm,OK,--,1:07:46 PM,3/2/2025,
1940,0.0,gf,0.085,mm,OK,--,1:07:46 PM,3/2/2025,
1941,0.1,gf,0.075,mm,OK,--,1:07:46 PM,3/2/2025,
1942,0.0,gf,0.075,mm,OK,--,1:07:46 PM,3/2/2025,
1943,0.0,gf,0.060,mm,OK,--,1:07:46 PM,3/2/2025,
1944,0.0,gf,0.050,mm,OK,--,1:07:47 PM,3/2/2025,
1945,0.0,gf,0.035,mm,OK,--,1:07:47 PM,3/2/2025,
1946,0.1,gf,0.030,mm,OK,--,1:07:47 PM,3/2/2025,
1947,0.0,gf,0.020,mm,OK,--,1:07:47 PM,3/2/2025,
1948,0.0,gf,0.015,mm,OK,--,1:07:47 PM,3/2/2025,
1949,0.1,gf,0.005,mm,OK,--,1:07:47 PM,3/2/2025,
1950,0.1,gf,0.000,mm,OK,--,1:07:47 PM,3/2/2025,
1951,0.0,gf,0.000,mm,OK,--,1:07:47 PM,3/2/2025,
1952,0.0,gf,-0.005,mm,OK,--,1:07:47 PM,3/2/2025,
1953,0.0,gf,-0.010,mm,OK,--,1:07:47 PM,3/2/2025,
1954,0.0,gf,-0.015,mm,OK,--,1:07:48 PM,3/2/2025,
1955,0.0,gf,-0.020,mm,OK,--,1:07:48 PM,3/2/2025,
1956,0.0,gf,-0.020,mm,OK,--,1:07:48 PM,3/2/2025,
1957,0.0,gf,-0.020,mm,OK,--,1:07:48 PM,3/2/2025,
1958,0.0,gf,-0.020,mm,OK,--,1:07:48 PM,3/2/2025,
1959,0.0,gf,-0.020,mm,OK,--,1:07:48 PM,3/2/2025,
1960,-0.2,gf,-0.015,mm,OK,--,1:07:48 PM,3/2/2025,
1961,0.0,gf,-0.015,mm,OK,--,1:07:48 PM,3/2/2025,
1962,0.0,gf,-0.010,mm,OK,--,1:07:48 PM,3/2/2025,
1963,0.0,gf,-0.010,mm,OK,--,1:07:48 PM,3/2/2025,
1964,0.0,gf,-0.005,mm,OK,--,1:07:49 PM,3/2/2025,
1965,-0.1,gf,-0.005,mm,OK,--,1:07:49 PM,3/2/2025,
1966,0.0,gf,-0.005,mm,OK,--,1:07:49 PM,3/2/2025,
1967,0.0,gf,-0.005,mm,OK,--,1:07:49 PM,3/2/2025,
1968,0.0,gf,0.000,mm,OK,--,1:07:49 PM,3/2/2025,
1969,0.0,gf,0.000,mm,OK,--,1:07:49 PM,3/2/2025,
1970,0.0,gf,0.000,mm,OK,--,1:07:49 PM,3/2/2025,
1971,0.0,gf,0.005,mm,OK,--,1:07:49 PM,3/2/2025,
1972,0.0,gf,0.005,mm,OK,--,1:07:49 PM,3/2/2025,
1973,0.0,gf,0.005,mm,OK,--,1:07:49 PM,3/2/2025,
1974,0.0,gf,0.005,mm,OK,--,1:07:50 PM,3/2/2025,
1975,0.0,gf,0.010,mm,OK,--,1:07:50 PM,3/2/2025,
