Maximum,196.8,@,No.994,,,,,,
Minimum,-0.1,@,No.1,,,,,,
Average,42.65,,,,,,,,
Data Quantity,1882,,,,,,,,
Number of NG,0,,,,,,,,
No.,Force,Unit,Displacement,Unit,Judge,Position,Time,Date,
1,-0.1,gf,0.000,mm,OK,--,8:37:15 PM,6/20/2025,
2,0.1,gf,0.000,mm,OK,--,8:37:15 PM,6/20/2025,
3,0.0,gf,0.000,mm,OK,--,8:37:16 PM,6/20/2025,
4,0.0,gf,0.000,mm,OK,--,8:37:16 PM,6/20/2025,
5,0.0,gf,0.000,mm,OK,--,8:37:16 PM,6/20/2025,
6,0.0,gf,0.000,mm,OK,--,8:37:16 PM,6/20/2025,
7,0.0,gf,0.000,mm,OK,--,8:37:16 PM,6/20/2025,
8,0.0,gf,0.000,mm,OK,--,8:37:16 PM,6/20/2025,
9,0.0,gf,0.000,mm,OK,--,8:37:16 PM,6/20/2025,
10,0.0,gf,0.000,mm,OK,--,8:37:16 PM,6/20/2025,
11,0.0,gf,0.000,mm,OK,--,8:37:16 PM,6/20/2025,
12,0.0,gf,0.000,mm,OK,--,8:37:16 PM,6/20/2025,
13,0.0,gf,0.000,mm,OK,--,8:37:17 PM,6/20/2025,
14,0.0,gf,0.000,mm,OK,--,8:37:17 PM,6/20/2025,
15,0.0,gf,0.000,mm,OK,--,8:37:17 PM,6/20/2025,
16,0.0,gf,0.000,mm,OK,--,8:37:17 PM,6/20/2025,
17,0.0,gf,0.000,mm,OK,--,8:37:17 PM,6/20/2025,
18,0.0,gf,0.000,mm,OK,--,8:37:17 PM,6/20/2025,
19,0.0,gf,0.000,mm,OK,--,8:37:17 PM,6/20/2025,
20,0.0,gf,0.000,mm,OK,--,8:37:17 PM,6/20/2025,
21,0.0,gf,0.000,mm,OK,--,8:37:17 PM,6/20/2025,
22,0.0,gf,0.000,mm,OK,--,8:37:17 PM,6/20/2025,
23,0.0,gf,0.000,mm,OK,--,8:37:18 PM,6/20/2025,
24,0.0,gf,0.005,mm,OK,--,8:37:18 PM,6/20/2025,
25,0.0,gf,0.005,mm,OK,--,8:37:18 PM,6/20/2025,
26,0.0,gf,0.005,mm,OK,--,8:37:18 PM,6/20/2025,
27,0.0,gf,0.010,mm,OK,--,8:37:18 PM,6/20/2025,
28,0.0,gf,0.010,mm,OK,--,8:37:18 PM,6/20/2025,
29,0.0,gf,0.015,mm,OK,--,8:37:18 PM,6/20/2025,
30,0.0,gf,0.020,mm,OK,--,8:37:18 PM,6/20/2025,
31,0.0,gf,0.025,mm,OK,--,8:37:18 PM,6/20/2025,
32,0.0,gf,0.030,mm,OK,--,8:37:18 PM,6/20/2025,
33,0.0,gf,0.035,mm,OK,--,8:37:19 PM,6/20/2025,
34,0.0,gf,0.040,mm,OK,--,8:37:19 PM,6/20/2025,
35,0.0,gf,0.045,mm,OK,--,8:37:19 PM,6/20/2025,
36,0.0,gf,0.050,mm,OK,--,8:37:19 PM,6/20/2025,
37,0.0,gf,0.055,mm,OK,--,8:37:19 PM,6/20/2025,
38,0.0,gf,0.060,mm,OK,--,8:37:19 PM,6/20/2025,
39,0.0,gf,0.060,mm,OK,--,8:37:19 PM,6/20/2025,
40,0.0,gf,0.065,mm,OK,--,8:37:19 PM,6/20/2025,
41,0.0,gf,0.070,mm,OK,--,8:37:19 PM,6/20/2025,
42,0.0,gf,0.080,mm,OK,--,8:37:19 PM,6/20/2025,
43,0.0,gf,0.085,mm,OK,--,8:37:20 PM,6/20/2025,
44,0.0,gf,0.090,mm,OK,--,8:37:20 PM,6/20/2025,
45,0.0,gf,0.100,mm,OK,--,8:37:20 PM,6/20/2025,
46,0.0,gf,0.105,mm,OK,--,8:37:20 PM,6/20/2025,
47,0.0,gf,0.110,mm,OK,--,8:37:20 PM,6/20/2025,
48,0.0,gf,0.120,mm,OK,--,8:37:20 PM,6/20/2025,
49,0.0,gf,0.125,mm,OK,--,8:37:20 PM,6/20/2025,
50,0.0,gf,0.130,mm,OK,--,8:37:20 PM,6/20/2025,
51,0.0,gf,0.135,mm,OK,--,8:37:20 PM,6/20/2025,
52,0.0,gf,0.140,mm,OK,--,8:37:20 PM,6/20/2025,
53,0.0,gf,0.145,mm,OK,--,8:37:21 PM,6/20/2025,
54,0.0,gf,0.150,mm,OK,--,8:37:21 PM,6/20/2025,
55,0.0,gf,0.160,mm,OK,--,8:37:21 PM,6/20/2025,
56,0.0,gf,0.160,mm,OK,--,8:37:21 PM,6/20/2025,
57,0.0,gf,0.165,mm,OK,--,8:37:21 PM,6/20/2025,
58,0.0,gf,0.170,mm,OK,--,8:37:21 PM,6/20/2025,
59,0.0,gf,0.175,mm,OK,--,8:37:21 PM,6/20/2025,
60,0.0,gf,0.180,mm,OK,--,8:37:21 PM,6/20/2025,
61,0.0,gf,0.185,mm,OK,--,8:37:21 PM,6/20/2025,
62,0.0,gf,0.195,mm,OK,--,8:37:21 PM,6/20/2025,
63,0.0,gf,0.200,mm,OK,--,8:37:22 PM,6/20/2025,
64,0.0,gf,0.205,mm,OK,--,8:37:22 PM,6/20/2025,
65,0.0,gf,0.215,mm,OK,--,8:37:22 PM,6/20/2025,
66,0.0,gf,0.220,mm,OK,--,8:37:22 PM,6/20/2025,
67,0.0,gf,0.225,mm,OK,--,8:37:22 PM,6/20/2025,
68,0.0,gf,0.230,mm,OK,--,8:37:22 PM,6/20/2025,
69,0.0,gf,0.235,mm,OK,--,8:37:22 PM,6/20/2025,
70,0.0,gf,0.240,mm,OK,--,8:37:22 PM,6/20/2025,
71,0.0,gf,0.245,mm,OK,--,8:37:22 PM,6/20/2025,
72,0.0,gf,0.250,mm,OK,--,8:37:22 PM,6/20/2025,
73,0.0,gf,0.260,mm,OK,--,8:37:23 PM,6/20/2025,
74,0.0,gf,0.265,mm,OK,--,8:37:23 PM,6/20/2025,
75,0.0,gf,0.270,mm,OK,--,8:37:23 PM,6/20/2025,
76,0.0,gf,0.275,mm,OK,--,8:37:23 PM,6/20/2025,
77,0.0,gf,0.280,mm,OK,--,8:37:23 PM,6/20/2025,
78,0.0,gf,0.285,mm,OK,--,8:37:23 PM,6/20/2025,
79,0.1,gf,0.295,mm,OK,--,8:37:23 PM,6/20/2025,
80,1.8,gf,0.300,mm,OK,--,8:37:23 PM,6/20/2025,
81,8.2,gf,0.305,mm,OK,--,8:37:23 PM,6/20/2025,
82,14.9,gf,0.315,mm,OK,--,8:37:23 PM,6/20/2025,
83,19.8,gf,0.320,mm,OK,--,8:37:24 PM,6/20/2025,
84,24.5,gf,0.325,mm,OK,--,8:37:24 PM,6/20/2025,
85,28.6,gf,0.330,mm,OK,--,8:37:24 PM,6/20/2025,
86,32.9,gf,0.330,mm,OK,--,8:37:24 PM,6/20/2025,
87,36.8,gf,0.335,mm,OK,--,8:37:24 PM,6/20/2025,
88,40.4,gf,0.340,mm,OK,--,8:37:24 PM,6/20/2025,
89,43.7,gf,0.345,mm,OK,--,8:37:24 PM,6/20/2025,
90,46.8,gf,0.345,mm,OK,--,8:37:24 PM,6/20/2025,
91,49.7,gf,0.350,mm,OK,--,8:37:24 PM,6/20/2025,
92,51.6,gf,0.355,mm,OK,--,8:37:24 PM,6/20/2025,
93,53.5,gf,0.360,mm,OK,--,8:37:25 PM,6/20/2025,
94,55.3,gf,0.360,mm,OK,--,8:37:25 PM,6/20/2025,
95,56.9,gf,0.365,mm,OK,--,8:37:25 PM,6/20/2025,
96,58.1,gf,0.370,mm,OK,--,8:37:25 PM,6/20/2025,
97,59.2,gf,0.370,mm,OK,--,8:37:25 PM,6/20/2025,
98,59.6,gf,0.375,mm,OK,--,8:37:25 PM,6/20/2025,
99,60.2,gf,0.380,mm,OK,--,8:37:25 PM,6/20/2025,
100,59.6,gf,0.380,mm,OK,--,8:37:25 PM,6/20/2025,
101,59.8,gf,0.385,mm,OK,--,8:37:25 PM,6/20/2025,
102,60.3,gf,0.385,mm,OK,--,8:37:25 PM,6/20/2025,
103,60.8,gf,0.390,mm,OK,--,8:37:26 PM,6/20/2025,
104,61.3,gf,0.395,mm,OK,--,8:37:26 PM,6/20/2025,
105,61.7,gf,0.395,mm,OK,--,8:37:26 PM,6/20/2025,
106,62.1,gf,0.400,mm,OK,--,8:37:26 PM,6/20/2025,
107,62.4,gf,0.405,mm,OK,--,8:37:26 PM,6/20/2025,
108,62.6,gf,0.405,mm,OK,--,8:37:26 PM,6/20/2025,
109,62.8,gf,0.410,mm,OK,--,8:37:26 PM,6/20/2025,
110,62.8,gf,0.410,mm,OK,--,8:37:26 PM,6/20/2025,
111,62.8,gf,0.415,mm,OK,--,8:37:26 PM,6/20/2025,
112,63.1,gf,0.420,mm,OK,--,8:37:26 PM,6/20/2025,
113,63.3,gf,0.420,mm,OK,--,8:37:27 PM,6/20/2025,
114,63.3,gf,0.425,mm,OK,--,8:37:27 PM,6/20/2025,
115,62.6,gf,0.430,mm,OK,--,8:37:27 PM,6/20/2025,
116,63.0,gf,0.430,mm,OK,--,8:37:27 PM,6/20/2025,
117,63.2,gf,0.435,mm,OK,--,8:37:27 PM,6/20/2025,
118,63.3,gf,0.445,mm,OK,--,8:37:27 PM,6/20/2025,
119,62.1,gf,0.450,mm,OK,--,8:37:27 PM,6/20/2025,
120,62.0,gf,0.455,mm,OK,--,8:37:27 PM,6/20/2025,
121,61.7,gf,0.455,mm,OK,--,8:37:27 PM,6/20/2025,
122,61.8,gf,0.460,mm,OK,--,8:37:27 PM,6/20/2025,
123,61.6,gf,0.460,mm,OK,--,8:37:28 PM,6/20/2025,
124,61.8,gf,0.465,mm,OK,--,8:37:28 PM,6/20/2025,
125,61.2,gf,0.465,mm,OK,--,8:37:28 PM,6/20/2025,
126,60.8,gf,0.470,mm,OK,--,8:37:28 PM,6/20/2025,
127,61.7,gf,0.470,mm,OK,--,8:37:28 PM,6/20/2025,
128,61.5,gf,0.475,mm,OK,--,8:37:28 PM,6/20/2025,
129,61.4,gf,0.475,mm,OK,--,8:37:28 PM,6/20/2025,
130,61.8,gf,0.475,mm,OK,--,8:37:28 PM,6/20/2025,
131,61.9,gf,0.480,mm,OK,--,8:37:28 PM,6/20/2025,
132,61.4,gf,0.485,mm,OK,--,8:37:28 PM,6/20/2025,
133,61.5,gf,0.490,mm,OK,--,8:37:29 PM,6/20/2025,
134,61.8,gf,0.495,mm,OK,--,8:37:29 PM,6/20/2025,
135,61.4,gf,0.500,mm,OK,--,8:37:29 PM,6/20/2025,
136,61.1,gf,0.505,mm,OK,--,8:37:29 PM,6/20/2025,
137,61.0,gf,0.510,mm,OK,--,8:37:29 PM,6/20/2025,
138,60.8,gf,0.515,mm,OK,--,8:37:29 PM,6/20/2025,
139,60.8,gf,0.520,mm,OK,--,8:37:29 PM,6/20/2025,
140,60.8,gf,0.525,mm,OK,--,8:37:29 PM,6/20/2025,
141,60.4,gf,0.530,mm,OK,--,8:37:29 PM,6/20/2025,
142,60.3,gf,0.535,mm,OK,--,8:37:29 PM,6/20/2025,
143,60.2,gf,0.540,mm,OK,--,8:37:30 PM,6/20/2025,
144,60.2,gf,0.545,mm,OK,--,8:37:30 PM,6/20/2025,
145,60.0,gf,0.545,mm,OK,--,8:37:30 PM,6/20/2025,
146,59.8,gf,0.550,mm,OK,--,8:37:30 PM,6/20/2025,
147,59.8,gf,0.550,mm,OK,--,8:37:30 PM,6/20/2025,
148,59.9,gf,0.555,mm,OK,--,8:37:30 PM,6/20/2025,
149,59.7,gf,0.555,mm,OK,--,8:37:30 PM,6/20/2025,
150,59.7,gf,0.560,mm,OK,--,8:37:30 PM,6/20/2025,
151,59.7,gf,0.560,mm,OK,--,8:37:30 PM,6/20/2025,
152,59.6,gf,0.565,mm,OK,--,8:37:30 PM,6/20/2025,
153,59.6,gf,0.565,mm,OK,--,8:37:31 PM,6/20/2025,
154,59.5,gf,0.570,mm,OK,--,8:37:31 PM,6/20/2025,
155,59.8,gf,0.575,mm,OK,--,8:37:31 PM,6/20/2025,
156,59.9,gf,0.580,mm,OK,--,8:37:31 PM,6/20/2025,
157,59.3,gf,0.580,mm,OK,--,8:37:31 PM,6/20/2025,
158,59.2,gf,0.585,mm,OK,--,8:37:31 PM,6/20/2025,
159,59.2,gf,0.590,mm,OK,--,8:37:31 PM,6/20/2025,
160,58.9,gf,0.590,mm,OK,--,8:37:31 PM,6/20/2025,
161,59.1,gf,0.595,mm,OK,--,8:37:31 PM,6/20/2025,
162,59.0,gf,0.595,mm,OK,--,8:37:31 PM,6/20/2025,
163,58.7,gf,0.600,mm,OK,--,8:37:32 PM,6/20/2025,
164,59.0,gf,0.600,mm,OK,--,8:37:32 PM,6/20/2025,
165,58.9,gf,0.605,mm,OK,--,8:37:32 PM,6/20/2025,
166,58.8,gf,0.605,mm,OK,--,8:37:32 PM,6/20/2025,
167,59.1,gf,0.610,mm,OK,--,8:37:32 PM,6/20/2025,
168,59.0,gf,0.615,mm,OK,--,8:37:32 PM,6/20/2025,
169,58.5,gf,0.620,mm,OK,--,8:37:32 PM,6/20/2025,
170,58.9,gf,0.625,mm,OK,--,8:37:32 PM,6/20/2025,
171,58.6,gf,0.630,mm,OK,--,8:37:32 PM,6/20/2025,
172,58.4,gf,0.635,mm,OK,--,8:37:32 PM,6/20/2025,
173,58.5,gf,0.640,mm,OK,--,8:37:33 PM,6/20/2025,
174,58.6,gf,0.645,mm,OK,--,8:37:33 PM,6/20/2025,
175,58.4,gf,0.645,mm,OK,--,8:37:33 PM,6/20/2025,
176,58.6,gf,0.655,mm,OK,--,8:37:33 PM,6/20/2025,
177,58.1,gf,0.660,mm,OK,--,8:37:33 PM,6/20/2025,
178,58.1,gf,0.665,mm,OK,--,8:37:33 PM,6/20/2025,
179,57.9,gf,0.670,mm,OK,--,8:37:33 PM,6/20/2025,
180,57.5,gf,0.675,mm,OK,--,8:37:33 PM,6/20/2025,
181,57.4,gf,0.675,mm,OK,--,8:37:33 PM,6/20/2025,
182,57.1,gf,0.680,mm,OK,--,8:37:33 PM,6/20/2025,
183,57.2,gf,0.680,mm,OK,--,8:37:34 PM,6/20/2025,
184,57.5,gf,0.685,mm,OK,--,8:37:34 PM,6/20/2025,
185,57.2,gf,0.690,mm,OK,--,8:37:34 PM,6/20/2025,
186,57.2,gf,0.695,mm,OK,--,8:37:34 PM,6/20/2025,
187,57.2,gf,0.695,mm,OK,--,8:37:34 PM,6/20/2025,
188,56.9,gf,0.700,mm,OK,--,8:37:34 PM,6/20/2025,
189,56.8,gf,0.700,mm,OK,--,8:37:34 PM,6/20/2025,
190,56.9,gf,0.705,mm,OK,--,8:37:34 PM,6/20/2025,
191,57.1,gf,0.705,mm,OK,--,8:37:34 PM,6/20/2025,
192,57.0,gf,0.710,mm,OK,--,8:37:34 PM,6/20/2025,
193,56.9,gf,0.715,mm,OK,--,8:37:35 PM,6/20/2025,
194,57.2,gf,0.720,mm,OK,--,8:37:35 PM,6/20/2025,
195,56.7,gf,0.720,mm,OK,--,8:37:35 PM,6/20/2025,
196,56.5,gf,0.725,mm,OK,--,8:37:35 PM,6/20/2025,
197,56.6,gf,0.730,mm,OK,--,8:37:35 PM,6/20/2025,
198,56.5,gf,0.735,mm,OK,--,8:37:35 PM,6/20/2025,
199,56.3,gf,0.740,mm,OK,--,8:37:35 PM,6/20/2025,
200,56.2,gf,0.740,mm,OK,--,8:37:35 PM,6/20/2025,
201,56.2,gf,0.745,mm,OK,--,8:37:35 PM,6/20/2025,
202,56.3,gf,0.750,mm,OK,--,8:37:35 PM,6/20/2025,
203,56.1,gf,0.760,mm,OK,--,8:37:36 PM,6/20/2025,
204,56.0,gf,0.765,mm,OK,--,8:37:36 PM,6/20/2025,
205,55.8,gf,0.770,mm,OK,--,8:37:36 PM,6/20/2025,
206,55.6,gf,0.775,mm,OK,--,8:37:36 PM,6/20/2025,
207,55.3,gf,0.780,mm,OK,--,8:37:36 PM,6/20/2025,
208,55.3,gf,0.785,mm,OK,--,8:37:36 PM,6/20/2025,
209,55.3,gf,0.790,mm,OK,--,8:37:36 PM,6/20/2025,
210,55.2,gf,0.795,mm,OK,--,8:37:36 PM,6/20/2025,
211,54.8,gf,0.800,mm,OK,--,8:37:36 PM,6/20/2025,
212,54.9,gf,0.805,mm,OK,--,8:37:36 PM,6/20/2025,
213,55.0,gf,0.810,mm,OK,--,8:37:37 PM,6/20/2025,
214,54.8,gf,0.815,mm,OK,--,8:37:37 PM,6/20/2025,
215,55.1,gf,0.820,mm,OK,--,8:37:37 PM,6/20/2025,
216,54.6,gf,0.825,mm,OK,--,8:37:37 PM,6/20/2025,
217,54.0,gf,0.830,mm,OK,--,8:37:37 PM,6/20/2025,
218,54.2,gf,0.835,mm,OK,--,8:37:37 PM,6/20/2025,
219,54.3,gf,0.840,mm,OK,--,8:37:37 PM,6/20/2025,
220,54.1,gf,0.845,mm,OK,--,8:37:37 PM,6/20/2025,
221,54.3,gf,0.850,mm,OK,--,8:37:37 PM,6/20/2025,
222,54.4,gf,0.855,mm,OK,--,8:37:37 PM,6/20/2025,
223,54.4,gf,0.865,mm,OK,--,8:37:38 PM,6/20/2025,
224,53.7,gf,0.870,mm,OK,--,8:37:38 PM,6/20/2025,
225,53.8,gf,0.880,mm,OK,--,8:37:38 PM,6/20/2025,
226,53.5,gf,0.885,mm,OK,--,8:37:38 PM,6/20/2025,
227,53.2,gf,0.890,mm,OK,--,8:37:38 PM,6/20/2025,
228,53.2,gf,0.900,mm,OK,--,8:37:38 PM,6/20/2025,
229,52.8,gf,0.905,mm,OK,--,8:37:38 PM,6/20/2025,
230,52.6,gf,0.905,mm,OK,--,8:37:38 PM,6/20/2025,
231,53.0,gf,0.910,mm,OK,--,8:37:38 PM,6/20/2025,
232,53.0,gf,0.920,mm,OK,--,8:37:38 PM,6/20/2025,
233,53.0,gf,0.925,mm,OK,--,8:37:39 PM,6/20/2025,
234,52.8,gf,0.930,mm,OK,--,8:37:39 PM,6/20/2025,
235,52.6,gf,0.935,mm,OK,--,8:37:39 PM,6/20/2025,
236,52.5,gf,0.940,mm,OK,--,8:37:39 PM,6/20/2025,
237,52.7,gf,0.945,mm,OK,--,8:37:39 PM,6/20/2025,
238,52.4,gf,0.955,mm,OK,--,8:37:39 PM,6/20/2025,
239,52.1,gf,0.960,mm,OK,--,8:37:39 PM,6/20/2025,
240,52.4,gf,0.965,mm,OK,--,8:37:39 PM,6/20/2025,
241,52.1,gf,0.975,mm,OK,--,8:37:39 PM,6/20/2025,
242,51.3,gf,0.980,mm,OK,--,8:37:39 PM,6/20/2025,
243,51.2,gf,0.985,mm,OK,--,8:37:40 PM,6/20/2025,
244,51.6,gf,0.990,mm,OK,--,8:37:40 PM,6/20/2025,
245,51.5,gf,1.000,mm,OK,--,8:37:40 PM,6/20/2025,
246,51.4,gf,1.010,mm,OK,--,8:37:40 PM,6/20/2025,
247,51.1,gf,1.020,mm,OK,--,8:37:40 PM,6/20/2025,
248,50.8,gf,1.025,mm,OK,--,8:37:40 PM,6/20/2025,
249,50.7,gf,1.035,mm,OK,--,8:37:40 PM,6/20/2025,
250,50.7,gf,1.040,mm,OK,--,8:37:40 PM,6/20/2025,
251,50.3,gf,1.045,mm,OK,--,8:37:40 PM,6/20/2025,
252,50.2,gf,1.050,mm,OK,--,8:37:40 PM,6/20/2025,
253,50.1,gf,1.060,mm,OK,--,8:37:41 PM,6/20/2025,
254,49.9,gf,1.065,mm,OK,--,8:37:41 PM,6/20/2025,
255,49.7,gf,1.070,mm,OK,--,8:37:41 PM,6/20/2025,
256,49.5,gf,1.075,mm,OK,--,8:37:41 PM,6/20/2025,
257,49.4,gf,1.080,mm,OK,--,8:37:41 PM,6/20/2025,
258,49.5,gf,1.085,mm,OK,--,8:37:41 PM,6/20/2025,
259,49.5,gf,1.090,mm,OK,--,8:37:41 PM,6/20/2025,
260,49.2,gf,1.095,mm,OK,--,8:37:41 PM,6/20/2025,
261,48.7,gf,1.095,mm,OK,--,8:37:41 PM,6/20/2025,
262,48.5,gf,1.100,mm,OK,--,8:37:41 PM,6/20/2025,
263,48.8,gf,1.105,mm,OK,--,8:37:42 PM,6/20/2025,
264,49.0,gf,1.105,mm,OK,--,8:37:42 PM,6/20/2025,
265,48.9,gf,1.110,mm,OK,--,8:37:42 PM,6/20/2025,
266,48.8,gf,1.115,mm,OK,--,8:37:42 PM,6/20/2025,
267,48.9,gf,1.120,mm,OK,--,8:37:42 PM,6/20/2025,
268,48.6,gf,1.125,mm,OK,--,8:37:42 PM,6/20/2025,
269,48.6,gf,1.130,mm,OK,--,8:37:42 PM,6/20/2025,
270,48.6,gf,1.135,mm,OK,--,8:37:42 PM,6/20/2025,
271,48.4,gf,1.140,mm,OK,--,8:37:42 PM,6/20/2025,
272,48.0,gf,1.145,mm,OK,--,8:37:42 PM,6/20/2025,
273,47.7,gf,1.150,mm,OK,--,8:37:43 PM,6/20/2025,
274,47.9,gf,1.155,mm,OK,--,8:37:43 PM,6/20/2025,
275,47.9,gf,1.160,mm,OK,--,8:37:43 PM,6/20/2025,
276,47.8,gf,1.165,mm,OK,--,8:37:43 PM,6/20/2025,
277,47.7,gf,1.165,mm,OK,--,8:37:43 PM,6/20/2025,
278,47.7,gf,1.170,mm,OK,--,8:37:43 PM,6/20/2025,
279,47.5,gf,1.175,mm,OK,--,8:37:43 PM,6/20/2025,
280,47.3,gf,1.180,mm,OK,--,8:37:43 PM,6/20/2025,
281,47.1,gf,1.180,mm,OK,--,8:37:43 PM,6/20/2025,
282,47.0,gf,1.180,mm,OK,--,8:37:43 PM,6/20/2025,
283,47.1,gf,1.185,mm,OK,--,8:37:44 PM,6/20/2025,
284,47.2,gf,1.185,mm,OK,--,8:37:44 PM,6/20/2025,
285,47.2,gf,1.190,mm,OK,--,8:37:44 PM,6/20/2025,
286,47.2,gf,1.190,mm,OK,--,8:37:44 PM,6/20/2025,
287,47.0,gf,1.195,mm,OK,--,8:37:44 PM,6/20/2025,
288,46.8,gf,1.195,mm,OK,--,8:37:44 PM,6/20/2025,
289,46.7,gf,1.200,mm,OK,--,8:37:44 PM,6/20/2025,
290,46.8,gf,1.200,mm,OK,--,8:37:44 PM,6/20/2025,
291,47.0,gf,1.205,mm,OK,--,8:37:44 PM,6/20/2025,
292,46.9,gf,1.205,mm,OK,--,8:37:44 PM,6/20/2025,
293,47.0,gf,1.210,mm,OK,--,8:37:45 PM,6/20/2025,
294,47.1,gf,1.210,mm,OK,--,8:37:45 PM,6/20/2025,
295,47.0,gf,1.215,mm,OK,--,8:37:45 PM,6/20/2025,
296,46.9,gf,1.220,mm,OK,--,8:37:45 PM,6/20/2025,
297,46.7,gf,1.220,mm,OK,--,8:37:45 PM,6/20/2025,
298,46.7,gf,1.225,mm,OK,--,8:37:45 PM,6/20/2025,
299,46.6,gf,1.230,mm,OK,--,8:37:45 PM,6/20/2025,
300,46.4,gf,1.230,mm,OK,--,8:37:45 PM,6/20/2025,
301,46.3,gf,1.235,mm,OK,--,8:37:45 PM,6/20/2025,
302,46.3,gf,1.235,mm,OK,--,8:37:45 PM,6/20/2025,
303,46.1,gf,1.240,mm,OK,--,8:37:46 PM,6/20/2025,
304,46.3,gf,1.240,mm,OK,--,8:37:46 PM,6/20/2025,
305,46.6,gf,1.245,mm,OK,--,8:37:46 PM,6/20/2025,
306,46.5,gf,1.250,mm,OK,--,8:37:46 PM,6/20/2025,
307,46.4,gf,1.255,mm,OK,--,8:37:46 PM,6/20/2025,
308,46.2,gf,1.255,mm,OK,--,8:37:46 PM,6/20/2025,
309,46.2,gf,1.260,mm,OK,--,8:37:46 PM,6/20/2025,
310,46.3,gf,1.265,mm,OK,--,8:37:46 PM,6/20/2025,
311,46.2,gf,1.270,mm,OK,--,8:37:46 PM,6/20/2025,
312,46.0,gf,1.275,mm,OK,--,8:37:46 PM,6/20/2025,
313,46.0,gf,1.280,mm,OK,--,8:37:47 PM,6/20/2025,
314,45.7,gf,1.285,mm,OK,--,8:37:47 PM,6/20/2025,
315,45.4,gf,1.290,mm,OK,--,8:37:47 PM,6/20/2025,
316,45.2,gf,1.295,mm,OK,--,8:37:47 PM,6/20/2025,
317,45.2,gf,1.300,mm,OK,--,8:37:47 PM,6/20/2025,
318,45.2,gf,1.305,mm,OK,--,8:37:47 PM,6/20/2025,
319,45.1,gf,1.310,mm,OK,--,8:37:47 PM,6/20/2025,
320,45.0,gf,1.315,mm,OK,--,8:37:47 PM,6/20/2025,
321,44.8,gf,1.320,mm,OK,--,8:37:47 PM,6/20/2025,
322,44.7,gf,1.325,mm,OK,--,8:37:47 PM,6/20/2025,
323,44.7,gf,1.325,mm,OK,--,8:37:48 PM,6/20/2025,
324,44.6,gf,1.330,mm,OK,--,8:37:48 PM,6/20/2025,
325,44.6,gf,1.335,mm,OK,--,8:37:48 PM,6/20/2025,
326,44.8,gf,1.340,mm,OK,--,8:37:48 PM,6/20/2025,
327,44.6,gf,1.345,mm,OK,--,8:37:48 PM,6/20/2025,
328,44.4,gf,1.350,mm,OK,--,8:37:48 PM,6/20/2025,
329,44.2,gf,1.355,mm,OK,--,8:37:48 PM,6/20/2025,
330,44.1,gf,1.360,mm,OK,--,8:37:48 PM,6/20/2025,
331,44.0,gf,1.360,mm,OK,--,8:37:48 PM,6/20/2025,
332,44.1,gf,1.365,mm,OK,--,8:37:48 PM,6/20/2025,
333,43.9,gf,1.370,mm,OK,--,8:37:49 PM,6/20/2025,
334,43.9,gf,1.375,mm,OK,--,8:37:49 PM,6/20/2025,
335,43.6,gf,1.380,mm,OK,--,8:37:49 PM,6/20/2025,
336,43.4,gf,1.385,mm,OK,--,8:37:49 PM,6/20/2025,
337,43.3,gf,1.390,mm,OK,--,8:37:49 PM,6/20/2025,
338,43.2,gf,1.395,mm,OK,--,8:37:49 PM,6/20/2025,
339,43.0,gf,1.400,mm,OK,--,8:37:49 PM,6/20/2025,
340,43.0,gf,1.400,mm,OK,--,8:37:49 PM,6/20/2025,
341,42.8,gf,1.405,mm,OK,--,8:37:49 PM,6/20/2025,
342,42.7,gf,1.410,mm,OK,--,8:37:49 PM,6/20/2025,
343,42.6,gf,1.410,mm,OK,--,8:37:50 PM,6/20/2025,
344,42.6,gf,1.415,mm,OK,--,8:37:50 PM,6/20/2025,
345,42.5,gf,1.420,mm,OK,--,8:37:50 PM,6/20/2025,
346,42.4,gf,1.420,mm,OK,--,8:37:50 PM,6/20/2025,
347,42.3,gf,1.425,mm,OK,--,8:37:50 PM,6/20/2025,
348,42.3,gf,1.425,mm,OK,--,8:37:50 PM,6/20/2025,
349,42.2,gf,1.430,mm,OK,--,8:37:50 PM,6/20/2025,
350,42.0,gf,1.435,mm,OK,--,8:37:50 PM,6/20/2025,
351,41.9,gf,1.435,mm,OK,--,8:37:50 PM,6/20/2025,
352,42.1,gf,1.440,mm,OK,--,8:37:50 PM,6/20/2025,
353,41.9,gf,1.440,mm,OK,--,8:37:51 PM,6/20/2025,
354,41.8,gf,1.445,mm,OK,--,8:37:51 PM,6/20/2025,
355,42.0,gf,1.450,mm,OK,--,8:37:51 PM,6/20/2025,
356,42.2,gf,1.455,mm,OK,--,8:37:51 PM,6/20/2025,
357,41.9,gf,1.460,mm,OK,--,8:37:51 PM,6/20/2025,
358,41.5,gf,1.465,mm,OK,--,8:37:51 PM,6/20/2025,
359,41.1,gf,1.465,mm,OK,--,8:37:51 PM,6/20/2025,
360,40.8,gf,1.470,mm,OK,--,8:37:51 PM,6/20/2025,
361,40.6,gf,1.470,mm,OK,--,8:37:51 PM,6/20/2025,
362,40.5,gf,1.470,mm,OK,--,8:37:51 PM,6/20/2025,
363,40.6,gf,1.470,mm,OK,--,8:37:52 PM,6/20/2025,
364,40.6,gf,1.475,mm,OK,--,8:37:52 PM,6/20/2025,
365,40.5,gf,1.475,mm,OK,--,8:37:52 PM,6/20/2025,
366,40.7,gf,1.475,mm,OK,--,8:37:52 PM,6/20/2025,
367,40.8,gf,1.480,mm,OK,--,8:37:52 PM,6/20/2025,
368,41.0,gf,1.480,mm,OK,--,8:37:52 PM,6/20/2025,
369,41.1,gf,1.485,mm,OK,--,8:37:52 PM,6/20/2025,
370,41.1,gf,1.485,mm,OK,--,8:37:52 PM,6/20/2025,
371,41.1,gf,1.490,mm,OK,--,8:37:52 PM,6/20/2025,
372,41.0,gf,1.495,mm,OK,--,8:37:52 PM,6/20/2025,
373,40.8,gf,1.495,mm,OK,--,8:37:53 PM,6/20/2025,
374,40.7,gf,1.500,mm,OK,--,8:37:53 PM,6/20/2025,
375,40.6,gf,1.505,mm,OK,--,8:37:53 PM,6/20/2025,
376,40.5,gf,1.505,mm,OK,--,8:37:53 PM,6/20/2025,
377,40.4,gf,1.510,mm,OK,--,8:37:53 PM,6/20/2025,
378,40.3,gf,1.510,mm,OK,--,8:37:53 PM,6/20/2025,
379,40.3,gf,1.515,mm,OK,--,8:37:53 PM,6/20/2025,
380,40.4,gf,1.515,mm,OK,--,8:37:53 PM,6/20/2025,
381,40.3,gf,1.520,mm,OK,--,8:37:53 PM,6/20/2025,
382,40.3,gf,1.520,mm,OK,--,8:37:53 PM,6/20/2025,
383,40.1,gf,1.525,mm,OK,--,8:37:54 PM,6/20/2025,
384,39.9,gf,1.525,mm,OK,--,8:37:54 PM,6/20/2025,
385,39.8,gf,1.530,mm,OK,--,8:37:54 PM,6/20/2025,
386,39.7,gf,1.530,mm,OK,--,8:37:54 PM,6/20/2025,
387,39.9,gf,1.530,mm,OK,--,8:37:54 PM,6/20/2025,
388,39.6,gf,1.535,mm,OK,--,8:37:54 PM,6/20/2025,
389,39.6,gf,1.535,mm,OK,--,8:37:54 PM,6/20/2025,
390,39.9,gf,1.535,mm,OK,--,8:37:54 PM,6/20/2025,
391,40.0,gf,1.540,mm,OK,--,8:37:54 PM,6/20/2025,
392,39.9,gf,1.540,mm,OK,--,8:37:54 PM,6/20/2025,
393,40.0,gf,1.545,mm,OK,--,8:37:55 PM,6/20/2025,
394,39.9,gf,1.545,mm,OK,--,8:37:55 PM,6/20/2025,
395,39.9,gf,1.550,mm,OK,--,8:37:55 PM,6/20/2025,
396,39.8,gf,1.555,mm,OK,--,8:37:55 PM,6/20/2025,
397,39.7,gf,1.555,mm,OK,--,8:37:55 PM,6/20/2025,
398,39.6,gf,1.560,mm,OK,--,8:37:55 PM,6/20/2025,
399,39.7,gf,1.560,mm,OK,--,8:37:55 PM,6/20/2025,
400,40.1,gf,1.565,mm,OK,--,8:37:55 PM,6/20/2025,
401,39.3,gf,1.570,mm,OK,--,8:37:55 PM,6/20/2025,
402,39.2,gf,1.570,mm,OK,--,8:37:55 PM,6/20/2025,
403,39.3,gf,1.575,mm,OK,--,8:37:56 PM,6/20/2025,
404,39.3,gf,1.580,mm,OK,--,8:37:56 PM,6/20/2025,
405,39.6,gf,1.580,mm,OK,--,8:37:56 PM,6/20/2025,
406,39.9,gf,1.590,mm,OK,--,8:37:56 PM,6/20/2025,
407,39.4,gf,1.595,mm,OK,--,8:37:56 PM,6/20/2025,
408,38.8,gf,1.595,mm,OK,--,8:37:56 PM,6/20/2025,
409,38.4,gf,1.600,mm,OK,--,8:37:56 PM,6/20/2025,
410,38.0,gf,1.600,mm,OK,--,8:37:56 PM,6/20/2025,
411,38.4,gf,1.600,mm,OK,--,8:37:56 PM,6/20/2025,
412,38.9,gf,1.605,mm,OK,--,8:37:56 PM,6/20/2025,
413,39.1,gf,1.610,mm,OK,--,8:37:57 PM,6/20/2025,
414,38.9,gf,1.615,mm,OK,--,8:37:57 PM,6/20/2025,
415,38.6,gf,1.620,mm,OK,--,8:37:57 PM,6/20/2025,
416,38.4,gf,1.620,mm,OK,--,8:37:57 PM,6/20/2025,
417,38.3,gf,1.625,mm,OK,--,8:37:57 PM,6/20/2025,
418,38.1,gf,1.630,mm,OK,--,8:37:57 PM,6/20/2025,
419,38.0,gf,1.635,mm,OK,--,8:37:57 PM,6/20/2025,
420,38.2,gf,1.635,mm,OK,--,8:37:57 PM,6/20/2025,
421,38.0,gf,1.640,mm,OK,--,8:37:57 PM,6/20/2025,
422,37.9,gf,1.645,mm,OK,--,8:37:57 PM,6/20/2025,
423,37.8,gf,1.650,mm,OK,--,8:37:58 PM,6/20/2025,
424,37.7,gf,1.655,mm,OK,--,8:37:58 PM,6/20/2025,
425,37.7,gf,1.655,mm,OK,--,8:37:58 PM,6/20/2025,
426,37.4,gf,1.660,mm,OK,--,8:37:58 PM,6/20/2025,
427,37.3,gf,1.665,mm,OK,--,8:37:58 PM,6/20/2025,
428,37.2,gf,1.665,mm,OK,--,8:37:58 PM,6/20/2025,
429,37.2,gf,1.670,mm,OK,--,8:37:58 PM,6/20/2025,
430,37.0,gf,1.670,mm,OK,--,8:37:58 PM,6/20/2025,
431,37.0,gf,1.675,mm,OK,--,8:37:58 PM,6/20/2025,
432,37.0,gf,1.675,mm,OK,--,8:37:58 PM,6/20/2025,
433,36.7,gf,1.680,mm,OK,--,8:37:59 PM,6/20/2025,
434,36.5,gf,1.680,mm,OK,--,8:37:59 PM,6/20/2025,
435,36.6,gf,1.680,mm,OK,--,8:37:59 PM,6/20/2025,
436,36.7,gf,1.685,mm,OK,--,8:37:59 PM,6/20/2025,
437,36.6,gf,1.685,mm,OK,--,8:37:59 PM,6/20/2025,
438,36.3,gf,1.685,mm,OK,--,8:37:59 PM,6/20/2025,
439,36.3,gf,1.690,mm,OK,--,8:37:59 PM,6/20/2025,
440,36.5,gf,1.690,mm,OK,--,8:37:59 PM,6/20/2025,
441,36.9,gf,1.695,mm,OK,--,8:37:59 PM,6/20/2025,
442,37.0,gf,1.700,mm,OK,--,8:37:59 PM,6/20/2025,
443,36.4,gf,1.700,mm,OK,--,8:38:00 PM,6/20/2025,
444,36.7,gf,1.705,mm,OK,--,8:38:00 PM,6/20/2025,
445,36.4,gf,1.710,mm,OK,--,8:38:00 PM,6/20/2025,
446,36.3,gf,1.715,mm,OK,--,8:38:00 PM,6/20/2025,
447,36.0,gf,1.720,mm,OK,--,8:38:00 PM,6/20/2025,
448,35.8,gf,1.720,mm,OK,--,8:38:00 PM,6/20/2025,
449,35.5,gf,1.725,mm,OK,--,8:38:00 PM,6/20/2025,
450,35.4,gf,1.725,mm,OK,--,8:38:00 PM,6/20/2025,
451,35.4,gf,1.725,mm,OK,--,8:38:00 PM,6/20/2025,
452,35.3,gf,1.730,mm,OK,--,8:38:00 PM,6/20/2025,
453,35.4,gf,1.730,mm,OK,--,8:38:01 PM,6/20/2025,
454,35.3,gf,1.735,mm,OK,--,8:38:01 PM,6/20/2025,
455,35.4,gf,1.735,mm,OK,--,8:38:01 PM,6/20/2025,
456,35.5,gf,1.740,mm,OK,--,8:38:01 PM,6/20/2025,
457,35.4,gf,1.740,mm,OK,--,8:38:01 PM,6/20/2025,
458,35.2,gf,1.745,mm,OK,--,8:38:01 PM,6/20/2025,
459,34.9,gf,1.750,mm,OK,--,8:38:01 PM,6/20/2025,
460,34.8,gf,1.750,mm,OK,--,8:38:01 PM,6/20/2025,
461,34.9,gf,1.755,mm,OK,--,8:38:01 PM,6/20/2025,
462,34.6,gf,1.755,mm,OK,--,8:38:01 PM,6/20/2025,
463,34.6,gf,1.755,mm,OK,--,8:38:02 PM,6/20/2025,
464,34.5,gf,1.760,mm,OK,--,8:38:02 PM,6/20/2025,
465,34.4,gf,1.760,mm,OK,--,8:38:02 PM,6/20/2025,
466,34.4,gf,1.765,mm,OK,--,8:38:02 PM,6/20/2025,
467,34.3,gf,1.765,mm,OK,--,8:38:02 PM,6/20/2025,
468,34.3,gf,1.765,mm,OK,--,8:38:02 PM,6/20/2025,
469,34.1,gf,1.770,mm,OK,--,8:38:02 PM,6/20/2025,
470,34.1,gf,1.770,mm,OK,--,8:38:02 PM,6/20/2025,
471,34.0,gf,1.770,mm,OK,--,8:38:02 PM,6/20/2025,
472,34.0,gf,1.775,mm,OK,--,8:38:02 PM,6/20/2025,
473,34.1,gf,1.775,mm,OK,--,8:38:03 PM,6/20/2025,
474,34.1,gf,1.775,mm,OK,--,8:38:03 PM,6/20/2025,
475,34.0,gf,1.780,mm,OK,--,8:38:03 PM,6/20/2025,
476,34.0,gf,1.780,mm,OK,--,8:38:03 PM,6/20/2025,
477,34.0,gf,1.780,mm,OK,--,8:38:03 PM,6/20/2025,
478,34.1,gf,1.785,mm,OK,--,8:38:03 PM,6/20/2025,
479,34.2,gf,1.785,mm,OK,--,8:38:03 PM,6/20/2025,
480,34.1,gf,1.790,mm,OK,--,8:38:03 PM,6/20/2025,
481,33.8,gf,1.790,mm,OK,--,8:38:03 PM,6/20/2025,
482,33.7,gf,1.790,mm,OK,--,8:38:03 PM,6/20/2025,
483,33.7,gf,1.790,mm,OK,--,8:38:04 PM,6/20/2025,
484,33.9,gf,1.795,mm,OK,--,8:38:04 PM,6/20/2025,
485,34.0,gf,1.795,mm,OK,--,8:38:04 PM,6/20/2025,
486,34.2,gf,1.800,mm,OK,--,8:38:04 PM,6/20/2025,
487,34.1,gf,1.800,mm,OK,--,8:38:04 PM,6/20/2025,
488,33.8,gf,1.805,mm,OK,--,8:38:04 PM,6/20/2025,
489,33.7,gf,1.805,mm,OK,--,8:38:04 PM,6/20/2025,
490,33.8,gf,1.810,mm,OK,--,8:38:04 PM,6/20/2025,
491,33.9,gf,1.810,mm,OK,--,8:38:04 PM,6/20/2025,
492,34.0,gf,1.815,mm,OK,--,8:38:04 PM,6/20/2025,
493,33.7,gf,1.820,mm,OK,--,8:38:05 PM,6/20/2025,
494,33.5,gf,1.820,mm,OK,--,8:38:05 PM,6/20/2025,
495,33.4,gf,1.825,mm,OK,--,8:38:05 PM,6/20/2025,
496,33.3,gf,1.830,mm,OK,--,8:38:05 PM,6/20/2025,
497,33.2,gf,1.830,mm,OK,--,8:38:05 PM,6/20/2025,
498,33.0,gf,1.835,mm,OK,--,8:38:05 PM,6/20/2025,
499,33.0,gf,1.835,mm,OK,--,8:38:05 PM,6/20/2025,
500,33.0,gf,1.840,mm,OK,--,8:38:05 PM,6/20/2025,
501,32.9,gf,1.840,mm,OK,--,8:38:05 PM,6/20/2025,
502,32.8,gf,1.845,mm,OK,--,8:38:05 PM,6/20/2025,
503,32.8,gf,1.845,mm,OK,--,8:38:06 PM,6/20/2025,
504,32.7,gf,1.850,mm,OK,--,8:38:06 PM,6/20/2025,
505,32.6,gf,1.850,mm,OK,--,8:38:06 PM,6/20/2025,
506,32.5,gf,1.855,mm,OK,--,8:38:06 PM,6/20/2025,
507,32.5,gf,1.855,mm,OK,--,8:38:06 PM,6/20/2025,
508,32.5,gf,1.860,mm,OK,--,8:38:06 PM,6/20/2025,
509,32.4,gf,1.865,mm,OK,--,8:38:06 PM,6/20/2025,
510,32.1,gf,1.865,mm,OK,--,8:38:06 PM,6/20/2025,
511,32.0,gf,1.870,mm,OK,--,8:38:06 PM,6/20/2025,
512,32.0,gf,1.870,mm,OK,--,8:38:06 PM,6/20/2025,
513,31.9,gf,1.875,mm,OK,--,8:38:07 PM,6/20/2025,
514,31.8,gf,1.875,mm,OK,--,8:38:07 PM,6/20/2025,
515,31.9,gf,1.880,mm,OK,--,8:38:07 PM,6/20/2025,
516,31.8,gf,1.880,mm,OK,--,8:38:07 PM,6/20/2025,
517,31.6,gf,1.885,mm,OK,--,8:38:07 PM,6/20/2025,
518,31.4,gf,1.885,mm,OK,--,8:38:07 PM,6/20/2025,
519,31.5,gf,1.890,mm,OK,--,8:38:07 PM,6/20/2025,
520,31.7,gf,1.890,mm,OK,--,8:38:07 PM,6/20/2025,
521,31.7,gf,1.895,mm,OK,--,8:38:07 PM,6/20/2025,
522,31.6,gf,1.900,mm,OK,--,8:38:07 PM,6/20/2025,
523,31.6,gf,1.900,mm,OK,--,8:38:08 PM,6/20/2025,
524,31.7,gf,1.905,mm,OK,--,8:38:08 PM,6/20/2025,
525,31.6,gf,1.910,mm,OK,--,8:38:08 PM,6/20/2025,
526,31.2,gf,1.915,mm,OK,--,8:38:08 PM,6/20/2025,
527,31.0,gf,1.920,mm,OK,--,8:38:08 PM,6/20/2025,
528,30.6,gf,1.925,mm,OK,--,8:38:08 PM,6/20/2025,
529,30.6,gf,1.925,mm,OK,--,8:38:08 PM,6/20/2025,
530,30.5,gf,1.930,mm,OK,--,8:38:08 PM,6/20/2025,
531,30.5,gf,1.935,mm,OK,--,8:38:08 PM,6/20/2025,
532,30.5,gf,1.940,mm,OK,--,8:38:08 PM,6/20/2025,
533,30.2,gf,1.940,mm,OK,--,8:38:09 PM,6/20/2025,
534,30.1,gf,1.945,mm,OK,--,8:38:09 PM,6/20/2025,
535,30.1,gf,1.950,mm,OK,--,8:38:09 PM,6/20/2025,
536,30.0,gf,1.950,mm,OK,--,8:38:09 PM,6/20/2025,
537,29.9,gf,1.955,mm,OK,--,8:38:09 PM,6/20/2025,
538,29.9,gf,1.960,mm,OK,--,8:38:09 PM,6/20/2025,
539,29.9,gf,1.960,mm,OK,--,8:38:09 PM,6/20/2025,
540,29.7,gf,1.965,mm,OK,--,8:38:09 PM,6/20/2025,
541,29.5,gf,1.970,mm,OK,--,8:38:09 PM,6/20/2025,
542,29.6,gf,1.970,mm,OK,--,8:38:09 PM,6/20/2025,
543,29.6,gf,1.975,mm,OK,--,8:38:10 PM,6/20/2025,
544,29.5,gf,1.980,mm,OK,--,8:38:10 PM,6/20/2025,
545,29.2,gf,1.985,mm,OK,--,8:38:10 PM,6/20/2025,
546,29.1,gf,1.985,mm,OK,--,8:38:10 PM,6/20/2025,
547,29.0,gf,1.990,mm,OK,--,8:38:10 PM,6/20/2025,
548,29.0,gf,1.990,mm,OK,--,8:38:10 PM,6/20/2025,
549,29.1,gf,1.995,mm,OK,--,8:38:10 PM,6/20/2025,
550,29.2,gf,2.000,mm,OK,--,8:38:10 PM,6/20/2025,
551,28.9,gf,2.005,mm,OK,--,8:38:10 PM,6/20/2025,
552,28.9,gf,2.005,mm,OK,--,8:38:10 PM,6/20/2025,
553,28.7,gf,2.010,mm,OK,--,8:38:11 PM,6/20/2025,
554,28.7,gf,2.015,mm,OK,--,8:38:11 PM,6/20/2025,
555,28.6,gf,2.015,mm,OK,--,8:38:11 PM,6/20/2025,
556,28.8,gf,2.020,mm,OK,--,8:38:11 PM,6/20/2025,
557,28.6,gf,2.025,mm,OK,--,8:38:11 PM,6/20/2025,
558,28.2,gf,2.030,mm,OK,--,8:38:11 PM,6/20/2025,
559,27.9,gf,2.030,mm,OK,--,8:38:11 PM,6/20/2025,
560,27.9,gf,2.035,mm,OK,--,8:38:11 PM,6/20/2025,
561,28.0,gf,2.040,mm,OK,--,8:38:11 PM,6/20/2025,
562,28.1,gf,2.040,mm,OK,--,8:38:11 PM,6/20/2025,
563,28.0,gf,2.045,mm,OK,--,8:38:12 PM,6/20/2025,
564,28.1,gf,2.045,mm,OK,--,8:38:12 PM,6/20/2025,
565,28.0,gf,2.050,mm,OK,--,8:38:12 PM,6/20/2025,
566,27.9,gf,2.055,mm,OK,--,8:38:12 PM,6/20/2025,
567,28.0,gf,2.055,mm,OK,--,8:38:12 PM,6/20/2025,
568,27.9,gf,2.060,mm,OK,--,8:38:12 PM,6/20/2025,
569,27.7,gf,2.065,mm,OK,--,8:38:12 PM,6/20/2025,
570,27.3,gf,2.065,mm,OK,--,8:38:12 PM,6/20/2025,
571,26.7,gf,2.065,mm,OK,--,8:38:12 PM,6/20/2025,
572,26.9,gf,2.065,mm,OK,--,8:38:12 PM,6/20/2025,
573,27.2,gf,2.070,mm,OK,--,8:38:13 PM,6/20/2025,
574,27.6,gf,2.070,mm,OK,--,8:38:13 PM,6/20/2025,
575,27.4,gf,2.075,mm,OK,--,8:38:13 PM,6/20/2025,
576,27.3,gf,2.075,mm,OK,--,8:38:13 PM,6/20/2025,
577,27.1,gf,2.080,mm,OK,--,8:38:13 PM,6/20/2025,
578,27.1,gf,2.080,mm,OK,--,8:38:13 PM,6/20/2025,
579,27.3,gf,2.085,mm,OK,--,8:38:13 PM,6/20/2025,
580,27.3,gf,2.085,mm,OK,--,8:38:13 PM,6/20/2025,
581,27.3,gf,2.090,mm,OK,--,8:38:13 PM,6/20/2025,
582,27.1,gf,2.095,mm,OK,--,8:38:13 PM,6/20/2025,
583,27.1,gf,2.100,mm,OK,--,8:38:14 PM,6/20/2025,
584,27.2,gf,2.100,mm,OK,--,8:38:14 PM,6/20/2025,
585,27.1,gf,2.105,mm,OK,--,8:38:14 PM,6/20/2025,
586,26.9,gf,2.110,mm,OK,--,8:38:14 PM,6/20/2025,
587,26.7,gf,2.120,mm,OK,--,8:38:14 PM,6/20/2025,
588,26.6,gf,2.120,mm,OK,--,8:38:14 PM,6/20/2025,
589,26.4,gf,2.125,mm,OK,--,8:38:14 PM,6/20/2025,
590,26.5,gf,2.130,mm,OK,--,8:38:14 PM,6/20/2025,
591,26.4,gf,2.140,mm,OK,--,8:38:14 PM,6/20/2025,
592,26.3,gf,2.145,mm,OK,--,8:38:14 PM,6/20/2025,
593,26.1,gf,2.150,mm,OK,--,8:38:15 PM,6/20/2025,
594,26.0,gf,2.155,mm,OK,--,8:38:15 PM,6/20/2025,
595,25.6,gf,2.160,mm,OK,--,8:38:15 PM,6/20/2025,
596,25.5,gf,2.165,mm,OK,--,8:38:15 PM,6/20/2025,
597,25.1,gf,2.165,mm,OK,--,8:38:15 PM,6/20/2025,
598,25.0,gf,2.165,mm,OK,--,8:38:15 PM,6/20/2025,
599,25.1,gf,2.170,mm,OK,--,8:38:15 PM,6/20/2025,
600,25.3,gf,2.170,mm,OK,--,8:38:15 PM,6/20/2025,
601,25.1,gf,2.175,mm,OK,--,8:38:15 PM,6/20/2025,
602,25.1,gf,2.175,mm,OK,--,8:38:15 PM,6/20/2025,
603,25.3,gf,2.180,mm,OK,--,8:38:16 PM,6/20/2025,
604,25.3,gf,2.180,mm,OK,--,8:38:16 PM,6/20/2025,
605,25.2,gf,2.180,mm,OK,--,8:38:16 PM,6/20/2025,
606,24.8,gf,2.185,mm,OK,--,8:38:16 PM,6/20/2025,
607,24.7,gf,2.185,mm,OK,--,8:38:16 PM,6/20/2025,
608,25.0,gf,2.185,mm,OK,--,8:38:16 PM,6/20/2025,
609,25.1,gf,2.190,mm,OK,--,8:38:16 PM,6/20/2025,
610,24.9,gf,2.190,mm,OK,--,8:38:16 PM,6/20/2025,
611,24.9,gf,2.190,mm,OK,--,8:38:16 PM,6/20/2025,
612,25.2,gf,2.190,mm,OK,--,8:38:16 PM,6/20/2025,
613,25.3,gf,2.195,mm,OK,--,8:38:17 PM,6/20/2025,
614,25.3,gf,2.195,mm,OK,--,8:38:17 PM,6/20/2025,
615,25.2,gf,2.200,mm,OK,--,8:38:17 PM,6/20/2025,
616,25.1,gf,2.200,mm,OK,--,8:38:17 PM,6/20/2025,
617,25.3,gf,2.200,mm,OK,--,8:38:17 PM,6/20/2025,
618,25.7,gf,2.205,mm,OK,--,8:38:17 PM,6/20/2025,
619,25.6,gf,2.205,mm,OK,--,8:38:17 PM,6/20/2025,
620,25.3,gf,2.205,mm,OK,--,8:38:17 PM,6/20/2025,
621,25.1,gf,2.210,mm,OK,--,8:38:17 PM,6/20/2025,
622,25.3,gf,2.210,mm,OK,--,8:38:17 PM,6/20/2025,
623,25.4,gf,2.215,mm,OK,--,8:38:18 PM,6/20/2025,
624,25.5,gf,2.215,mm,OK,--,8:38:18 PM,6/20/2025,
625,25.5,gf,2.220,mm,OK,--,8:38:18 PM,6/20/2025,
626,25.3,gf,2.220,mm,OK,--,8:38:18 PM,6/20/2025,
627,25.3,gf,2.225,mm,OK,--,8:38:18 PM,6/20/2025,
628,25.4,gf,2.225,mm,OK,--,8:38:18 PM,6/20/2025,
629,25.7,gf,2.230,mm,OK,--,8:38:18 PM,6/20/2025,
630,25.9,gf,2.235,mm,OK,--,8:38:18 PM,6/20/2025,
631,25.9,gf,2.235,mm,OK,--,8:38:18 PM,6/20/2025,
632,25.8,gf,2.240,mm,OK,--,8:38:18 PM,6/20/2025,
633,25.7,gf,2.245,mm,OK,--,8:38:19 PM,6/20/2025,
634,25.8,gf,2.250,mm,OK,--,8:38:19 PM,6/20/2025,
635,25.7,gf,2.255,mm,OK,--,8:38:19 PM,6/20/2025,
636,25.9,gf,2.255,mm,OK,--,8:38:19 PM,6/20/2025,
637,25.9,gf,2.260,mm,OK,--,8:38:19 PM,6/20/2025,
638,25.8,gf,2.265,mm,OK,--,8:38:19 PM,6/20/2025,
639,25.6,gf,2.270,mm,OK,--,8:38:19 PM,6/20/2025,
640,25.9,gf,2.275,mm,OK,--,8:38:19 PM,6/20/2025,
641,26.1,gf,2.280,mm,OK,--,8:38:19 PM,6/20/2025,
642,25.9,gf,2.285,mm,OK,--,8:38:19 PM,6/20/2025,
643,25.7,gf,2.290,mm,OK,--,8:38:20 PM,6/20/2025,
644,25.6,gf,2.295,mm,OK,--,8:38:20 PM,6/20/2025,
645,25.4,gf,2.300,mm,OK,--,8:38:20 PM,6/20/2025,
646,25.3,gf,2.300,mm,OK,--,8:38:20 PM,6/20/2025,
647,25.3,gf,2.305,mm,OK,--,8:38:20 PM,6/20/2025,
648,25.5,gf,2.310,mm,OK,--,8:38:20 PM,6/20/2025,
649,25.7,gf,2.310,mm,OK,--,8:38:20 PM,6/20/2025,
650,25.9,gf,2.315,mm,OK,--,8:38:20 PM,6/20/2025,
651,25.9,gf,2.320,mm,OK,--,8:38:20 PM,6/20/2025,
652,25.9,gf,2.320,mm,OK,--,8:38:20 PM,6/20/2025,
653,25.8,gf,2.325,mm,OK,--,8:38:21 PM,6/20/2025,
654,25.9,gf,2.330,mm,OK,--,8:38:21 PM,6/20/2025,
655,26.0,gf,2.335,mm,OK,--,8:38:21 PM,6/20/2025,
656,26.1,gf,2.335,mm,OK,--,8:38:21 PM,6/20/2025,
657,26.3,gf,2.340,mm,OK,--,8:38:21 PM,6/20/2025,
658,26.3,gf,2.345,mm,OK,--,8:38:21 PM,6/20/2025,
659,26.2,gf,2.350,mm,OK,--,8:38:21 PM,6/20/2025,
660,26.0,gf,2.355,mm,OK,--,8:38:21 PM,6/20/2025,
661,26.1,gf,2.355,mm,OK,--,8:38:21 PM,6/20/2025,
662,26.1,gf,2.360,mm,OK,--,8:38:21 PM,6/20/2025,
663,26.2,gf,2.365,mm,OK,--,8:38:22 PM,6/20/2025,
664,26.1,gf,2.370,mm,OK,--,8:38:22 PM,6/20/2025,
665,25.9,gf,2.370,mm,OK,--,8:38:22 PM,6/20/2025,
666,25.9,gf,2.375,mm,OK,--,8:38:22 PM,6/20/2025,
667,25.9,gf,2.375,mm,OK,--,8:38:22 PM,6/20/2025,
668,25.8,gf,2.380,mm,OK,--,8:38:22 PM,6/20/2025,
669,25.9,gf,2.380,mm,OK,--,8:38:22 PM,6/20/2025,
670,25.8,gf,2.385,mm,OK,--,8:38:22 PM,6/20/2025,
671,25.7,gf,2.385,mm,OK,--,8:38:22 PM,6/20/2025,
672,25.8,gf,2.385,mm,OK,--,8:38:22 PM,6/20/2025,
673,25.5,gf,2.385,mm,OK,--,8:38:23 PM,6/20/2025,
674,25.5,gf,2.390,mm,OK,--,8:38:23 PM,6/20/2025,
675,25.5,gf,2.390,mm,OK,--,8:38:23 PM,6/20/2025,
676,25.8,gf,2.390,mm,OK,--,8:38:23 PM,6/20/2025,
677,26.1,gf,2.395,mm,OK,--,8:38:23 PM,6/20/2025,
678,26.1,gf,2.395,mm,OK,--,8:38:23 PM,6/20/2025,
679,26.4,gf,2.395,mm,OK,--,8:38:23 PM,6/20/2025,
680,26.4,gf,2.400,mm,OK,--,8:38:23 PM,6/20/2025,
681,26.4,gf,2.400,mm,OK,--,8:38:23 PM,6/20/2025,
682,26.3,gf,2.405,mm,OK,--,8:38:23 PM,6/20/2025,
683,26.4,gf,2.405,mm,OK,--,8:38:24 PM,6/20/2025,
684,26.4,gf,2.405,mm,OK,--,8:38:24 PM,6/20/2025,
685,26.6,gf,2.410,mm,OK,--,8:38:24 PM,6/20/2025,
686,26.7,gf,2.415,mm,OK,--,8:38:24 PM,6/20/2025,
687,26.8,gf,2.415,mm,OK,--,8:38:24 PM,6/20/2025,
688,27.0,gf,2.420,mm,OK,--,8:38:24 PM,6/20/2025,
689,27.1,gf,2.425,mm,OK,--,8:38:24 PM,6/20/2025,
690,27.3,gf,2.425,mm,OK,--,8:38:24 PM,6/20/2025,
691,27.3,gf,2.430,mm,OK,--,8:38:24 PM,6/20/2025,
692,27.1,gf,2.435,mm,OK,--,8:38:24 PM,6/20/2025,
693,27.1,gf,2.440,mm,OK,--,8:38:25 PM,6/20/2025,
694,27.2,gf,2.445,mm,OK,--,8:38:25 PM,6/20/2025,
695,27.7,gf,2.450,mm,OK,--,8:38:25 PM,6/20/2025,
696,28.0,gf,2.455,mm,OK,--,8:38:25 PM,6/20/2025,
697,28.1,gf,2.460,mm,OK,--,8:38:25 PM,6/20/2025,
698,28.1,gf,2.470,mm,OK,--,8:38:25 PM,6/20/2025,
699,27.7,gf,2.475,mm,OK,--,8:38:25 PM,6/20/2025,
700,27.6,gf,2.480,mm,OK,--,8:38:25 PM,6/20/2025,
701,27.6,gf,2.480,mm,OK,--,8:38:25 PM,6/20/2025,
702,27.7,gf,2.485,mm,OK,--,8:38:25 PM,6/20/2025,
703,27.7,gf,2.490,mm,OK,--,8:38:26 PM,6/20/2025,
704,27.7,gf,2.490,mm,OK,--,8:38:26 PM,6/20/2025,
705,27.7,gf,2.495,mm,OK,--,8:38:26 PM,6/20/2025,
706,27.8,gf,2.500,mm,OK,--,8:38:26 PM,6/20/2025,
707,27.7,gf,2.500,mm,OK,--,8:38:26 PM,6/20/2025,
708,28.0,gf,2.505,mm,OK,--,8:38:26 PM,6/20/2025,
709,28.0,gf,2.505,mm,OK,--,8:38:26 PM,6/20/2025,
710,27.9,gf,2.510,mm,OK,--,8:38:26 PM,6/20/2025,
711,28.0,gf,2.510,mm,OK,--,8:38:26 PM,6/20/2025,
712,28.1,gf,2.515,mm,OK,--,8:38:26 PM,6/20/2025,
713,28.2,gf,2.515,mm,OK,--,8:38:27 PM,6/20/2025,
714,28.2,gf,2.520,mm,OK,--,8:38:27 PM,6/20/2025,
715,28.1,gf,2.520,mm,OK,--,8:38:27 PM,6/20/2025,
716,28.1,gf,2.520,mm,OK,--,8:38:27 PM,6/20/2025,
717,28.2,gf,2.525,mm,OK,--,8:38:27 PM,6/20/2025,
718,28.2,gf,2.525,mm,OK,--,8:38:27 PM,6/20/2025,
719,28.2,gf,2.530,mm,OK,--,8:38:27 PM,6/20/2025,
720,28.4,gf,2.530,mm,OK,--,8:38:27 PM,6/20/2025,
721,28.6,gf,2.535,mm,OK,--,8:38:27 PM,6/20/2025,
722,28.8,gf,2.535,mm,OK,--,8:38:27 PM,6/20/2025,
723,28.8,gf,2.540,mm,OK,--,8:38:28 PM,6/20/2025,
724,28.9,gf,2.540,mm,OK,--,8:38:28 PM,6/20/2025,
725,29.1,gf,2.545,mm,OK,--,8:38:28 PM,6/20/2025,
726,29.2,gf,2.550,mm,OK,--,8:38:28 PM,6/20/2025,
727,29.4,gf,2.555,mm,OK,--,8:38:28 PM,6/20/2025,
728,29.5,gf,2.555,mm,OK,--,8:38:28 PM,6/20/2025,
729,29.6,gf,2.560,mm,OK,--,8:38:28 PM,6/20/2025,
730,29.6,gf,2.565,mm,OK,--,8:38:28 PM,6/20/2025,
731,29.6,gf,2.570,mm,OK,--,8:38:28 PM,6/20/2025,
732,29.8,gf,2.575,mm,OK,--,8:38:28 PM,6/20/2025,
733,29.9,gf,2.580,mm,OK,--,8:38:29 PM,6/20/2025,
734,29.9,gf,2.585,mm,OK,--,8:38:29 PM,6/20/2025,
735,30.0,gf,2.585,mm,OK,--,8:38:29 PM,6/20/2025,
736,29.9,gf,2.590,mm,OK,--,8:38:29 PM,6/20/2025,
737,29.7,gf,2.595,mm,OK,--,8:38:29 PM,6/20/2025,
738,29.7,gf,2.600,mm,OK,--,8:38:29 PM,6/20/2025,
739,29.8,gf,2.600,mm,OK,--,8:38:29 PM,6/20/2025,
740,29.8,gf,2.605,mm,OK,--,8:38:29 PM,6/20/2025,
741,29.7,gf,2.605,mm,OK,--,8:38:29 PM,6/20/2025,
742,29.9,gf,2.610,mm,OK,--,8:38:29 PM,6/20/2025,
743,30.0,gf,2.615,mm,OK,--,8:38:30 PM,6/20/2025,
744,30.1,gf,2.615,mm,OK,--,8:38:30 PM,6/20/2025,
745,30.3,gf,2.620,mm,OK,--,8:38:30 PM,6/20/2025,
746,30.3,gf,2.625,mm,OK,--,8:38:30 PM,6/20/2025,
747,30.4,gf,2.630,mm,OK,--,8:38:30 PM,6/20/2025,
748,30.2,gf,2.635,mm,OK,--,8:38:30 PM,6/20/2025,
749,30.2,gf,2.640,mm,OK,--,8:38:30 PM,6/20/2025,
750,30.3,gf,2.640,mm,OK,--,8:38:30 PM,6/20/2025,
751,30.5,gf,2.645,mm,OK,--,8:38:30 PM,6/20/2025,
752,30.6,gf,2.650,mm,OK,--,8:38:30 PM,6/20/2025,
753,30.8,gf,2.660,mm,OK,--,8:38:31 PM,6/20/2025,
754,30.8,gf,2.665,mm,OK,--,8:38:31 PM,6/20/2025,
755,30.5,gf,2.670,mm,OK,--,8:38:31 PM,6/20/2025,
756,30.5,gf,2.675,mm,OK,--,8:38:31 PM,6/20/2025,
757,30.6,gf,2.680,mm,OK,--,8:38:31 PM,6/20/2025,
758,30.6,gf,2.685,mm,OK,--,8:38:31 PM,6/20/2025,
759,30.4,gf,2.690,mm,OK,--,8:38:31 PM,6/20/2025,
760,30.4,gf,2.690,mm,OK,--,8:38:31 PM,6/20/2025,
761,30.3,gf,2.695,mm,OK,--,8:38:31 PM,6/20/2025,
762,30.3,gf,2.695,mm,OK,--,8:38:31 PM,6/20/2025,
763,30.4,gf,2.700,mm,OK,--,8:38:32 PM,6/20/2025,
764,30.4,gf,2.700,mm,OK,--,8:38:32 PM,6/20/2025,
765,30.4,gf,2.700,mm,OK,--,8:38:32 PM,6/20/2025,
766,30.5,gf,2.705,mm,OK,--,8:38:32 PM,6/20/2025,
767,30.5,gf,2.705,mm,OK,--,8:38:32 PM,6/20/2025,
768,30.6,gf,2.710,mm,OK,--,8:38:32 PM,6/20/2025,
769,30.7,gf,2.715,mm,OK,--,8:38:32 PM,6/20/2025,
770,30.7,gf,2.715,mm,OK,--,8:38:32 PM,6/20/2025,
771,30.9,gf,2.720,mm,OK,--,8:38:32 PM,6/20/2025,
772,30.9,gf,2.725,mm,OK,--,8:38:32 PM,6/20/2025,
773,31.0,gf,2.730,mm,OK,--,8:38:33 PM,6/20/2025,
774,31.0,gf,2.735,mm,OK,--,8:38:33 PM,6/20/2025,
775,30.9,gf,2.745,mm,OK,--,8:38:33 PM,6/20/2025,
776,30.8,gf,2.750,mm,OK,--,8:38:33 PM,6/20/2025,
777,30.8,gf,2.755,mm,OK,--,8:38:33 PM,6/20/2025,
778,30.8,gf,2.760,mm,OK,--,8:38:33 PM,6/20/2025,
779,30.7,gf,2.765,mm,OK,--,8:38:33 PM,6/20/2025,
780,30.8,gf,2.770,mm,OK,--,8:38:33 PM,6/20/2025,
781,30.7,gf,2.775,mm,OK,--,8:38:33 PM,6/20/2025,
782,30.7,gf,2.780,mm,OK,--,8:38:33 PM,6/20/2025,
783,30.7,gf,2.780,mm,OK,--,8:38:34 PM,6/20/2025,
784,30.6,gf,2.785,mm,OK,--,8:38:34 PM,6/20/2025,
785,30.5,gf,2.790,mm,OK,--,8:38:34 PM,6/20/2025,
786,30.6,gf,2.795,mm,OK,--,8:38:34 PM,6/20/2025,
787,30.6,gf,2.795,mm,OK,--,8:38:34 PM,6/20/2025,
788,30.7,gf,2.800,mm,OK,--,8:38:34 PM,6/20/2025,
789,30.7,gf,2.800,mm,OK,--,8:38:34 PM,6/20/2025,
790,30.7,gf,2.805,mm,OK,--,8:38:34 PM,6/20/2025,
791,30.5,gf,2.805,mm,OK,--,8:38:34 PM,6/20/2025,
792,30.5,gf,2.810,mm,OK,--,8:38:34 PM,6/20/2025,
793,30.4,gf,2.810,mm,OK,--,8:38:35 PM,6/20/2025,
794,30.4,gf,2.810,mm,OK,--,8:38:35 PM,6/20/2025,
795,30.4,gf,2.815,mm,OK,--,8:38:35 PM,6/20/2025,
796,30.4,gf,2.815,mm,OK,--,8:38:35 PM,6/20/2025,
797,30.4,gf,2.815,mm,OK,--,8:38:35 PM,6/20/2025,
798,30.5,gf,2.820,mm,OK,--,8:38:35 PM,6/20/2025,
799,30.6,gf,2.820,mm,OK,--,8:38:35 PM,6/20/2025,
800,30.5,gf,2.820,mm,OK,--,8:38:35 PM,6/20/2025,
801,30.5,gf,2.825,mm,OK,--,8:38:35 PM,6/20/2025,
802,30.5,gf,2.825,mm,OK,--,8:38:35 PM,6/20/2025,
803,30.5,gf,2.825,mm,OK,--,8:38:36 PM,6/20/2025,
804,30.5,gf,2.830,mm,OK,--,8:38:36 PM,6/20/2025,
805,30.5,gf,2.830,mm,OK,--,8:38:36 PM,6/20/2025,
806,30.5,gf,2.830,mm,OK,--,8:38:36 PM,6/20/2025,
807,30.6,gf,2.835,mm,OK,--,8:38:36 PM,6/20/2025,
808,30.6,gf,2.835,mm,OK,--,8:38:36 PM,6/20/2025,
809,30.6,gf,2.840,mm,OK,--,8:38:36 PM,6/20/2025,
810,30.5,gf,2.840,mm,OK,--,8:38:36 PM,6/20/2025,
811,30.5,gf,2.840,mm,OK,--,8:38:36 PM,6/20/2025,
812,30.5,gf,2.845,mm,OK,--,8:38:36 PM,6/20/2025,
813,30.6,gf,2.845,mm,OK,--,8:38:37 PM,6/20/2025,
814,30.8,gf,2.850,mm,OK,--,8:38:37 PM,6/20/2025,
815,30.8,gf,2.850,mm,OK,--,8:38:37 PM,6/20/2025,
816,30.9,gf,2.855,mm,OK,--,8:38:37 PM,6/20/2025,
817,30.9,gf,2.855,mm,OK,--,8:38:37 PM,6/20/2025,
818,30.9,gf,2.860,mm,OK,--,8:38:37 PM,6/20/2025,
819,30.9,gf,2.865,mm,OK,--,8:38:37 PM,6/20/2025,
820,30.9,gf,2.865,mm,OK,--,8:38:37 PM,6/20/2025,
821,30.9,gf,2.870,mm,OK,--,8:38:37 PM,6/20/2025,
822,31.0,gf,2.875,mm,OK,--,8:38:37 PM,6/20/2025,
823,31.1,gf,2.880,mm,OK,--,8:38:38 PM,6/20/2025,
824,31.1,gf,2.885,mm,OK,--,8:38:38 PM,6/20/2025,
825,31.1,gf,2.885,mm,OK,--,8:38:38 PM,6/20/2025,
826,31.1,gf,2.890,mm,OK,--,8:38:38 PM,6/20/2025,
827,31.0,gf,2.895,mm,OK,--,8:38:38 PM,6/20/2025,
828,31.0,gf,2.900,mm,OK,--,8:38:38 PM,6/20/2025,
829,31.1,gf,2.900,mm,OK,--,8:38:38 PM,6/20/2025,
830,31.2,gf,2.905,mm,OK,--,8:38:38 PM,6/20/2025,
831,31.2,gf,2.910,mm,OK,--,8:38:38 PM,6/20/2025,
832,31.3,gf,2.915,mm,OK,--,8:38:38 PM,6/20/2025,
833,31.3,gf,2.915,mm,OK,--,8:38:39 PM,6/20/2025,
834,31.4,gf,2.920,mm,OK,--,8:38:39 PM,6/20/2025,
835,31.4,gf,2.925,mm,OK,--,8:38:39 PM,6/20/2025,
836,31.4,gf,2.930,mm,OK,--,8:38:39 PM,6/20/2025,
837,31.4,gf,2.935,mm,OK,--,8:38:39 PM,6/20/2025,
838,31.4,gf,2.940,mm,OK,--,8:38:39 PM,6/20/2025,
839,31.5,gf,2.945,mm,OK,--,8:38:39 PM,6/20/2025,
840,31.5,gf,2.950,mm,OK,--,8:38:39 PM,6/20/2025,
841,31.5,gf,2.950,mm,OK,--,8:38:39 PM,6/20/2025,
842,31.3,gf,2.955,mm,OK,--,8:38:39 PM,6/20/2025,
843,31.3,gf,2.960,mm,OK,--,8:38:40 PM,6/20/2025,
844,31.2,gf,2.960,mm,OK,--,8:38:40 PM,6/20/2025,
845,31.3,gf,2.965,mm,OK,--,8:38:40 PM,6/20/2025,
846,31.3,gf,2.965,mm,OK,--,8:38:40 PM,6/20/2025,
847,31.4,gf,2.970,mm,OK,--,8:38:40 PM,6/20/2025,
848,31.4,gf,2.970,mm,OK,--,8:38:40 PM,6/20/2025,
849,31.4,gf,2.975,mm,OK,--,8:38:40 PM,6/20/2025,
850,31.4,gf,2.975,mm,OK,--,8:38:40 PM,6/20/2025,
851,31.5,gf,2.980,mm,OK,--,8:38:40 PM,6/20/2025,
852,31.7,gf,2.980,mm,OK,--,8:38:40 PM,6/20/2025,
853,31.8,gf,2.980,mm,OK,--,8:38:41 PM,6/20/2025,
854,31.9,gf,2.985,mm,OK,--,8:38:41 PM,6/20/2025,
855,32.0,gf,2.985,mm,OK,--,8:38:41 PM,6/20/2025,
856,32.2,gf,2.990,mm,OK,--,8:38:41 PM,6/20/2025,
857,32.3,gf,2.990,mm,OK,--,8:38:41 PM,6/20/2025,
858,32.3,gf,2.995,mm,OK,--,8:38:41 PM,6/20/2025,
859,32.3,gf,3.000,mm,OK,--,8:38:41 PM,6/20/2025,
860,32.4,gf,3.000,mm,OK,--,8:38:41 PM,6/20/2025,
861,32.4,gf,3.000,mm,OK,--,8:38:41 PM,6/20/2025,
862,32.4,gf,3.005,mm,OK,--,8:38:41 PM,6/20/2025,
863,32.4,gf,3.005,mm,OK,--,8:38:42 PM,6/20/2025,
864,32.6,gf,3.005,mm,OK,--,8:38:42 PM,6/20/2025,
865,32.6,gf,3.010,mm,OK,--,8:38:42 PM,6/20/2025,
866,32.6,gf,3.010,mm,OK,--,8:38:42 PM,6/20/2025,
867,32.6,gf,3.010,mm,OK,--,8:38:42 PM,6/20/2025,
868,32.7,gf,3.015,mm,OK,--,8:38:42 PM,6/20/2025,
869,32.8,gf,3.015,mm,OK,--,8:38:42 PM,6/20/2025,
870,33.1,gf,3.020,mm,OK,--,8:38:42 PM,6/20/2025,
871,33.4,gf,3.020,mm,OK,--,8:38:42 PM,6/20/2025,
872,33.5,gf,3.025,mm,OK,--,8:38:42 PM,6/20/2025,
873,33.5,gf,3.030,mm,OK,--,8:38:43 PM,6/20/2025,
874,33.6,gf,3.030,mm,OK,--,8:38:43 PM,6/20/2025,
875,33.8,gf,3.035,mm,OK,--,8:38:43 PM,6/20/2025,
876,33.8,gf,3.040,mm,OK,--,8:38:43 PM,6/20/2025,
877,33.9,gf,3.040,mm,OK,--,8:38:43 PM,6/20/2025,
878,34.1,gf,3.045,mm,OK,--,8:38:43 PM,6/20/2025,
879,34.2,gf,3.050,mm,OK,--,8:38:43 PM,6/20/2025,
880,34.3,gf,3.050,mm,OK,--,8:38:43 PM,6/20/2025,
881,34.5,gf,3.055,mm,OK,--,8:38:43 PM,6/20/2025,
882,34.6,gf,3.060,mm,OK,--,8:38:43 PM,6/20/2025,
883,34.9,gf,3.060,mm,OK,--,8:38:44 PM,6/20/2025,
884,34.9,gf,3.065,mm,OK,--,8:38:44 PM,6/20/2025,
885,34.9,gf,3.065,mm,OK,--,8:38:44 PM,6/20/2025,
886,34.8,gf,3.070,mm,OK,--,8:38:44 PM,6/20/2025,
887,34.9,gf,3.070,mm,OK,--,8:38:44 PM,6/20/2025,
888,35.2,gf,3.075,mm,OK,--,8:38:44 PM,6/20/2025,
889,35.3,gf,3.075,mm,OK,--,8:38:44 PM,6/20/2025,
890,35.2,gf,3.080,mm,OK,--,8:38:44 PM,6/20/2025,
891,35.3,gf,3.080,mm,OK,--,8:38:44 PM,6/20/2025,
892,35.4,gf,3.085,mm,OK,--,8:38:44 PM,6/20/2025,
893,35.4,gf,3.085,mm,OK,--,8:38:45 PM,6/20/2025,
894,35.5,gf,3.085,mm,OK,--,8:38:45 PM,6/20/2025,
895,35.6,gf,3.090,mm,OK,--,8:38:45 PM,6/20/2025,
896,35.8,gf,3.090,mm,OK,--,8:38:45 PM,6/20/2025,
897,36.1,gf,3.095,mm,OK,--,8:38:45 PM,6/20/2025,
898,36.1,gf,3.100,mm,OK,--,8:38:45 PM,6/20/2025,
899,36.0,gf,3.100,mm,OK,--,8:38:45 PM,6/20/2025,
900,36.5,gf,3.105,mm,OK,--,8:38:45 PM,6/20/2025,
901,36.2,gf,3.105,mm,OK,--,8:38:45 PM,6/20/2025,
902,36.1,gf,3.110,mm,OK,--,8:38:45 PM,6/20/2025,
903,36.7,gf,3.110,mm,OK,--,8:38:46 PM,6/20/2025,
904,36.7,gf,3.115,mm,OK,--,8:38:46 PM,6/20/2025,
905,36.9,gf,3.120,mm,OK,--,8:38:46 PM,6/20/2025,
906,37.2,gf,3.125,mm,OK,--,8:38:46 PM,6/20/2025,
907,37.6,gf,3.130,mm,OK,--,8:38:46 PM,6/20/2025,
908,38.0,gf,3.145,mm,OK,--,8:38:46 PM,6/20/2025,
909,38.5,gf,3.155,mm,OK,--,8:38:46 PM,6/20/2025,
910,38.8,gf,3.165,mm,OK,--,8:38:46 PM,6/20/2025,
911,39.0,gf,3.175,mm,OK,--,8:38:46 PM,6/20/2025,
912,39.3,gf,3.185,mm,OK,--,8:38:46 PM,6/20/2025,
913,40.1,gf,3.200,mm,OK,--,8:38:47 PM,6/20/2025,
914,40.5,gf,3.215,mm,OK,--,8:38:47 PM,6/20/2025,
915,40.9,gf,3.225,mm,OK,--,8:38:47 PM,6/20/2025,
916,41.2,gf,3.240,mm,OK,--,8:38:47 PM,6/20/2025,
917,41.3,gf,3.255,mm,OK,--,8:38:47 PM,6/20/2025,
918,41.4,gf,3.265,mm,OK,--,8:38:47 PM,6/20/2025,
919,41.3,gf,3.275,mm,OK,--,8:38:47 PM,6/20/2025,
920,41.5,gf,3.285,mm,OK,--,8:38:47 PM,6/20/2025,
921,41.6,gf,3.295,mm,OK,--,8:38:47 PM,6/20/2025,
922,41.6,gf,3.305,mm,OK,--,8:38:47 PM,6/20/2025,
923,41.8,gf,3.315,mm,OK,--,8:38:48 PM,6/20/2025,
924,41.8,gf,3.320,mm,OK,--,8:38:48 PM,6/20/2025,
925,41.8,gf,3.325,mm,OK,--,8:38:48 PM,6/20/2025,
926,41.8,gf,3.325,mm,OK,--,8:38:48 PM,6/20/2025,
927,41.8,gf,3.330,mm,OK,--,8:38:48 PM,6/20/2025,
928,41.8,gf,3.330,mm,OK,--,8:38:48 PM,6/20/2025,
929,41.9,gf,3.340,mm,OK,--,8:38:48 PM,6/20/2025,
930,41.8,gf,3.350,mm,OK,--,8:38:48 PM,6/20/2025,
931,41.8,gf,3.350,mm,OK,--,8:38:48 PM,6/20/2025,
932,41.8,gf,3.355,mm,OK,--,8:38:48 PM,6/20/2025,
933,41.9,gf,3.355,mm,OK,--,8:38:49 PM,6/20/2025,
934,41.8,gf,3.360,mm,OK,--,8:38:49 PM,6/20/2025,
935,42.0,gf,3.365,mm,OK,--,8:38:49 PM,6/20/2025,
936,41.9,gf,3.375,mm,OK,--,8:38:49 PM,6/20/2025,
937,41.9,gf,3.380,mm,OK,--,8:38:49 PM,6/20/2025,
938,42.0,gf,3.385,mm,OK,--,8:38:49 PM,6/20/2025,
939,41.9,gf,3.385,mm,OK,--,8:38:49 PM,6/20/2025,
940,41.9,gf,3.385,mm,OK,--,8:38:49 PM,6/20/2025,
941,42.0,gf,3.385,mm,OK,--,8:38:49 PM,6/20/2025,
942,42.0,gf,3.390,mm,OK,--,8:38:49 PM,6/20/2025,
943,42.1,gf,3.395,mm,OK,--,8:38:50 PM,6/20/2025,
944,42.1,gf,3.405,mm,OK,--,8:38:50 PM,6/20/2025,
945,42.1,gf,3.410,mm,OK,--,8:38:50 PM,6/20/2025,
946,44.0,gf,3.415,mm,OK,--,8:38:50 PM,6/20/2025,
947,47.6,gf,3.420,mm,OK,--,8:38:50 PM,6/20/2025,
948,52.0,gf,3.425,mm,OK,--,8:38:50 PM,6/20/2025,
949,54.5,gf,3.430,mm,OK,--,8:38:50 PM,6/20/2025,
950,55.7,gf,3.430,mm,OK,--,8:38:50 PM,6/20/2025,
951,56.7,gf,3.430,mm,OK,--,8:38:50 PM,6/20/2025,
952,57.4,gf,3.430,mm,OK,--,8:38:50 PM,6/20/2025,
953,58.1,gf,3.430,mm,OK,--,8:38:51 PM,6/20/2025,
954,58.8,gf,3.435,mm,OK,--,8:38:51 PM,6/20/2025,
955,59.3,gf,3.435,mm,OK,--,8:38:51 PM,6/20/2025,
956,60.1,gf,3.435,mm,OK,--,8:38:51 PM,6/20/2025,
957,60.7,gf,3.435,mm,OK,--,8:38:51 PM,6/20/2025,
958,61.3,gf,3.435,mm,OK,--,8:38:51 PM,6/20/2025,
959,62.0,gf,3.435,mm,OK,--,8:38:51 PM,6/20/2025,
960,63.1,gf,3.435,mm,OK,--,8:38:51 PM,6/20/2025,
961,65.4,gf,3.440,mm,OK,--,8:38:51 PM,6/20/2025,
962,68.4,gf,3.445,mm,OK,--,8:38:51 PM,6/20/2025,
963,70.4,gf,3.445,mm,OK,--,8:38:52 PM,6/20/2025,
964,71.6,gf,3.445,mm,OK,--,8:38:52 PM,6/20/2025,
965,73.3,gf,3.450,mm,OK,--,8:38:52 PM,6/20/2025,
966,75.5,gf,3.450,mm,OK,--,8:38:52 PM,6/20/2025,
967,77.6,gf,3.455,mm,OK,--,8:38:52 PM,6/20/2025,
968,80.1,gf,3.455,mm,OK,--,8:38:52 PM,6/20/2025,
969,83.0,gf,3.460,mm,OK,--,8:38:52 PM,6/20/2025,
970,86.3,gf,3.460,mm,OK,--,8:38:52 PM,6/20/2025,
971,89.8,gf,3.465,mm,OK,--,8:38:52 PM,6/20/2025,
972,93.7,gf,3.470,mm,OK,--,8:38:52 PM,6/20/2025,
973,97.7,gf,3.475,mm,OK,--,8:38:53 PM,6/20/2025,
974,103.2,gf,3.480,mm,OK,--,8:38:53 PM,6/20/2025,
975,109.8,gf,3.485,mm,OK,--,8:38:53 PM,6/20/2025,
976,117.1,gf,3.495,mm,OK,--,8:38:53 PM,6/20/2025,
977,124.5,gf,3.505,mm,OK,--,8:38:53 PM,6/20/2025,
978,131.2,gf,3.510,mm,OK,--,8:38:53 PM,6/20/2025,
979,137.3,gf,3.515,mm,OK,--,8:38:53 PM,6/20/2025,
980,143.2,gf,3.520,mm,OK,--,8:38:53 PM,6/20/2025,
981,147.9,gf,3.525,mm,OK,--,8:38:53 PM,6/20/2025,
982,152.6,gf,3.530,mm,OK,--,8:38:53 PM,6/20/2025,
983,157.8,gf,3.540,mm,OK,--,8:38:54 PM,6/20/2025,
984,163.2,gf,3.545,mm,OK,--,8:38:54 PM,6/20/2025,
985,168.9,gf,3.550,mm,OK,--,8:38:54 PM,6/20/2025,
986,174.7,gf,3.555,mm,OK,--,8:38:54 PM,6/20/2025,
987,180.2,gf,3.560,mm,OK,--,8:38:54 PM,6/20/2025,
988,184.5,gf,3.565,mm,OK,--,8:38:54 PM,6/20/2025,
989,188.0,gf,3.570,mm,OK,--,8:38:54 PM,6/20/2025,
990,191.1,gf,3.575,mm,OK,--,8:38:54 PM,6/20/2025,
991,193.7,gf,3.575,mm,OK,--,8:38:54 PM,6/20/2025,
992,195.6,gf,3.580,mm,OK,--,8:38:54 PM,6/20/2025,
993,196.5,gf,3.580,mm,OK,--,8:38:55 PM,6/20/2025,
994,196.8,gf,3.580,mm,OK,--,8:38:55 PM,6/20/2025,
995,196.7,gf,3.580,mm,OK,--,8:38:55 PM,6/20/2025,
996,196.5,gf,3.580,mm,OK,--,8:38:55 PM,6/20/2025,
997,196.5,gf,3.580,mm,OK,--,8:38:55 PM,6/20/2025,
998,196.4,gf,3.580,mm,OK,--,8:38:55 PM,6/20/2025,
999,196.3,gf,3.580,mm,OK,--,8:38:55 PM,6/20/2025,
1000,196.2,gf,3.580,mm,OK,--,8:38:55 PM,6/20/2025,
1001,196.2,gf,3.580,mm,OK,--,8:38:55 PM,6/20/2025,
1002,196.1,gf,3.580,mm,OK,--,8:38:55 PM,6/20/2025,
1003,196.0,gf,3.580,mm,OK,--,8:38:56 PM,6/20/2025,
1004,196.0,gf,3.580,mm,OK,--,8:38:56 PM,6/20/2025,
1005,195.9,gf,3.580,mm,OK,--,8:38:56 PM,6/20/2025,
1006,195.8,gf,3.580,mm,OK,--,8:38:56 PM,6/20/2025,
1007,195.7,gf,3.580,mm,OK,--,8:38:56 PM,6/20/2025,
1008,195.6,gf,3.580,mm,OK,--,8:38:56 PM,6/20/2025,
1009,195.6,gf,3.580,mm,OK,--,8:38:56 PM,6/20/2025,
1010,195.6,gf,3.580,mm,OK,--,8:38:56 PM,6/20/2025,
1011,195.5,gf,3.580,mm,OK,--,8:38:56 PM,6/20/2025,
1012,195.3,gf,3.580,mm,OK,--,8:38:56 PM,6/20/2025,
1013,194.9,gf,3.580,mm,OK,--,8:38:57 PM,6/20/2025,
1014,194.8,gf,3.580,mm,OK,--,8:38:57 PM,6/20/2025,
1015,194.6,gf,3.580,mm,OK,--,8:38:57 PM,6/20/2025,
1016,194.4,gf,3.580,mm,OK,--,8:38:57 PM,6/20/2025,
1017,193.6,gf,3.580,mm,OK,--,8:38:57 PM,6/20/2025,
1018,191.0,gf,3.575,mm,OK,--,8:38:57 PM,6/20/2025,
1019,188.7,gf,3.575,mm,OK,--,8:38:57 PM,6/20/2025,
1020,186.8,gf,3.575,mm,OK,--,8:38:57 PM,6/20/2025,
1021,185.4,gf,3.570,mm,OK,--,8:38:57 PM,6/20/2025,
1022,184.7,gf,3.570,mm,OK,--,8:38:57 PM,6/20/2025,
1023,183.9,gf,3.570,mm,OK,--,8:38:58 PM,6/20/2025,
1024,182.9,gf,3.570,mm,OK,--,8:38:58 PM,6/20/2025,
1025,182.3,gf,3.570,mm,OK,--,8:38:58 PM,6/20/2025,
1026,181.7,gf,3.570,mm,OK,--,8:38:58 PM,6/20/2025,
1027,181.0,gf,3.565,mm,OK,--,8:38:58 PM,6/20/2025,
1028,180.2,gf,3.565,mm,OK,--,8:38:58 PM,6/20/2025,
1029,178.9,gf,3.565,mm,OK,--,8:38:58 PM,6/20/2025,
1030,178.3,gf,3.565,mm,OK,--,8:38:58 PM,6/20/2025,
1031,177.8,gf,3.565,mm,OK,--,8:38:58 PM,6/20/2025,
1032,177.3,gf,3.565,mm,OK,--,8:38:58 PM,6/20/2025,
1033,176.8,gf,3.565,mm,OK,--,8:38:59 PM,6/20/2025,
1034,176.6,gf,3.565,mm,OK,--,8:38:59 PM,6/20/2025,
1035,176.3,gf,3.565,mm,OK,--,8:38:59 PM,6/20/2025,
1036,175.9,gf,3.560,mm,OK,--,8:38:59 PM,6/20/2025,
1037,175.4,gf,3.560,mm,OK,--,8:38:59 PM,6/20/2025,
1038,174.7,gf,3.560,mm,OK,--,8:38:59 PM,6/20/2025,
1039,174.0,gf,3.560,mm,OK,--,8:38:59 PM,6/20/2025,
1040,173.4,gf,3.560,mm,OK,--,8:38:59 PM,6/20/2025,
1041,172.6,gf,3.560,mm,OK,--,8:38:59 PM,6/20/2025,
1042,171.8,gf,3.560,mm,OK,--,8:38:59 PM,6/20/2025,
1043,171.0,gf,3.555,mm,OK,--,8:39:00 PM,6/20/2025,
1044,170.2,gf,3.555,mm,OK,--,8:39:00 PM,6/20/2025,
1045,169.5,gf,3.555,mm,OK,--,8:39:00 PM,6/20/2025,
1046,169.0,gf,3.555,mm,OK,--,8:39:00 PM,6/20/2025,
1047,168.0,gf,3.555,mm,OK,--,8:39:00 PM,6/20/2025,
1048,166.8,gf,3.555,mm,OK,--,8:39:00 PM,6/20/2025,
1049,165.8,gf,3.550,mm,OK,--,8:39:00 PM,6/20/2025,
1050,165.2,gf,3.550,mm,OK,--,8:39:00 PM,6/20/2025,
1051,164.7,gf,3.550,mm,OK,--,8:39:00 PM,6/20/2025,
1052,164.2,gf,3.550,mm,OK,--,8:39:00 PM,6/20/2025,
1053,163.7,gf,3.550,mm,OK,--,8:39:01 PM,6/20/2025,
1054,163.5,gf,3.550,mm,OK,--,8:39:01 PM,6/20/2025,
1055,163.2,gf,3.550,mm,OK,--,8:39:01 PM,6/20/2025,
1056,162.9,gf,3.550,mm,OK,--,8:39:01 PM,6/20/2025,
1057,162.8,gf,3.550,mm,OK,--,8:39:01 PM,6/20/2025,
1058,162.6,gf,3.550,mm,OK,--,8:39:01 PM,6/20/2025,
1059,162.3,gf,3.550,mm,OK,--,8:39:01 PM,6/20/2025,
1060,162.0,gf,3.550,mm,OK,--,8:39:01 PM,6/20/2025,
1061,161.5,gf,3.550,mm,OK,--,8:39:01 PM,6/20/2025,
1062,160.8,gf,3.545,mm,OK,--,8:39:01 PM,6/20/2025,
1063,160.2,gf,3.545,mm,OK,--,8:39:02 PM,6/20/2025,
1064,159.3,gf,3.545,mm,OK,--,8:39:02 PM,6/20/2025,
1065,158.6,gf,3.545,mm,OK,--,8:39:02 PM,6/20/2025,
1066,157.9,gf,3.545,mm,OK,--,8:39:02 PM,6/20/2025,
1067,157.5,gf,3.545,mm,OK,--,8:39:02 PM,6/20/2025,
1068,157.0,gf,3.545,mm,OK,--,8:39:02 PM,6/20/2025,
1069,156.5,gf,3.545,mm,OK,--,8:39:02 PM,6/20/2025,
1070,155.9,gf,3.540,mm,OK,--,8:39:02 PM,6/20/2025,
1071,155.5,gf,3.540,mm,OK,--,8:39:02 PM,6/20/2025,
1072,155.0,gf,3.540,mm,OK,--,8:39:02 PM,6/20/2025,
1073,154.6,gf,3.540,mm,OK,--,8:39:03 PM,6/20/2025,
1074,154.2,gf,3.540,mm,OK,--,8:39:03 PM,6/20/2025,
1075,153.9,gf,3.540,mm,OK,--,8:39:03 PM,6/20/2025,
1076,153.7,gf,3.540,mm,OK,--,8:39:03 PM,6/20/2025,
1077,153.5,gf,3.540,mm,OK,--,8:39:03 PM,6/20/2025,
1078,153.3,gf,3.540,mm,OK,--,8:39:03 PM,6/20/2025,
1079,153.2,gf,3.540,mm,OK,--,8:39:03 PM,6/20/2025,
1080,153.0,gf,3.540,mm,OK,--,8:39:03 PM,6/20/2025,
1081,152.7,gf,3.540,mm,OK,--,8:39:03 PM,6/20/2025,
1082,152.4,gf,3.540,mm,OK,--,8:39:03 PM,6/20/2025,
1083,152.1,gf,3.540,mm,OK,--,8:39:04 PM,6/20/2025,
1084,151.7,gf,3.540,mm,OK,--,8:39:04 PM,6/20/2025,
1085,151.4,gf,3.540,mm,OK,--,8:39:04 PM,6/20/2025,
1086,151.3,gf,3.540,mm,OK,--,8:39:04 PM,6/20/2025,
1087,151.0,gf,3.535,mm,OK,--,8:39:04 PM,6/20/2025,
1088,150.8,gf,3.535,mm,OK,--,8:39:04 PM,6/20/2025,
1089,150.6,gf,3.535,mm,OK,--,8:39:04 PM,6/20/2025,
1090,150.4,gf,3.535,mm,OK,--,8:39:04 PM,6/20/2025,
1091,150.2,gf,3.535,mm,OK,--,8:39:04 PM,6/20/2025,
1092,150.0,gf,3.535,mm,OK,--,8:39:04 PM,6/20/2025,
1093,149.7,gf,3.535,mm,OK,--,8:39:05 PM,6/20/2025,
1094,149.3,gf,3.535,mm,OK,--,8:39:05 PM,6/20/2025,
1095,148.9,gf,3.535,mm,OK,--,8:39:05 PM,6/20/2025,
1096,148.5,gf,3.535,mm,OK,--,8:39:05 PM,6/20/2025,
1097,148.0,gf,3.535,mm,OK,--,8:39:05 PM,6/20/2025,
1098,147.6,gf,3.535,mm,OK,--,8:39:05 PM,6/20/2025,
1099,147.2,gf,3.535,mm,OK,--,8:39:05 PM,6/20/2025,
1100,146.9,gf,3.535,mm,OK,--,8:39:05 PM,6/20/2025,
1101,146.5,gf,3.535,mm,OK,--,8:39:05 PM,6/20/2025,
1102,146.4,gf,3.535,mm,OK,--,8:39:05 PM,6/20/2025,
1103,146.4,gf,3.535,mm,OK,--,8:39:06 PM,6/20/2025,
1104,146.4,gf,3.530,mm,OK,--,8:39:06 PM,6/20/2025,
1105,146.3,gf,3.530,mm,OK,--,8:39:06 PM,6/20/2025,
1106,146.0,gf,3.530,mm,OK,--,8:39:06 PM,6/20/2025,
1107,145.8,gf,3.530,mm,OK,--,8:39:06 PM,6/20/2025,
1108,145.6,gf,3.530,mm,OK,--,8:39:06 PM,6/20/2025,
1109,145.4,gf,3.530,mm,OK,--,8:39:06 PM,6/20/2025,
1110,145.0,gf,3.530,mm,OK,--,8:39:06 PM,6/20/2025,
1111,144.9,gf,3.530,mm,OK,--,8:39:06 PM,6/20/2025,
1112,144.7,gf,3.530,mm,OK,--,8:39:06 PM,6/20/2025,
1113,144.5,gf,3.530,mm,OK,--,8:39:07 PM,6/20/2025,
1114,144.4,gf,3.530,mm,OK,--,8:39:07 PM,6/20/2025,
1115,144.1,gf,3.530,mm,OK,--,8:39:07 PM,6/20/2025,
1116,143.9,gf,3.530,mm,OK,--,8:39:07 PM,6/20/2025,
1117,143.5,gf,3.530,mm,OK,--,8:39:07 PM,6/20/2025,
1118,142.9,gf,3.530,mm,OK,--,8:39:07 PM,6/20/2025,
1119,142.4,gf,3.530,mm,OK,--,8:39:07 PM,6/20/2025,
1120,141.7,gf,3.530,mm,OK,--,8:39:07 PM,6/20/2025,
1121,140.9,gf,3.525,mm,OK,--,8:39:07 PM,6/20/2025,
1122,140.3,gf,3.525,mm,OK,--,8:39:07 PM,6/20/2025,
1123,139.6,gf,3.525,mm,OK,--,8:39:08 PM,6/20/2025,
1124,138.7,gf,3.525,mm,OK,--,8:39:08 PM,6/20/2025,
1125,137.9,gf,3.525,mm,OK,--,8:39:08 PM,6/20/2025,
1126,136.6,gf,3.525,mm,OK,--,8:39:08 PM,6/20/2025,
1127,134.8,gf,3.520,mm,OK,--,8:39:08 PM,6/20/2025,
1128,132.6,gf,3.520,mm,OK,--,8:39:08 PM,6/20/2025,
1129,130.3,gf,3.515,mm,OK,--,8:39:08 PM,6/20/2025,
1130,128.1,gf,3.515,mm,OK,--,8:39:08 PM,6/20/2025,
1131,126.2,gf,3.515,mm,OK,--,8:39:08 PM,6/20/2025,
1132,124.2,gf,3.510,mm,OK,--,8:39:08 PM,6/20/2025,
1133,122.1,gf,3.510,mm,OK,--,8:39:09 PM,6/20/2025,
1134,120.6,gf,3.505,mm,OK,--,8:39:09 PM,6/20/2025,
1135,119.1,gf,3.505,mm,OK,--,8:39:09 PM,6/20/2025,
1136,117.8,gf,3.505,mm,OK,--,8:39:09 PM,6/20/2025,
1137,116.6,gf,3.505,mm,OK,--,8:39:09 PM,6/20/2025,
1138,115.7,gf,3.500,mm,OK,--,8:39:09 PM,6/20/2025,
1139,114.6,gf,3.500,mm,OK,--,8:39:09 PM,6/20/2025,
1140,113.7,gf,3.500,mm,OK,--,8:39:09 PM,6/20/2025,
1141,112.5,gf,3.500,mm,OK,--,8:39:09 PM,6/20/2025,
1142,111.6,gf,3.495,mm,OK,--,8:39:09 PM,6/20/2025,
1143,110.6,gf,3.495,mm,OK,--,8:39:10 PM,6/20/2025,
1144,109.2,gf,3.495,mm,OK,--,8:39:10 PM,6/20/2025,
1145,107.8,gf,3.495,mm,OK,--,8:39:10 PM,6/20/2025,
1146,106.5,gf,3.490,mm,OK,--,8:39:10 PM,6/20/2025,
1147,104.7,gf,3.490,mm,OK,--,8:39:10 PM,6/20/2025,
1148,102.8,gf,3.490,mm,OK,--,8:39:10 PM,6/20/2025,
1149,100.4,gf,3.485,mm,OK,--,8:39:10 PM,6/20/2025,
1150,97.7,gf,3.485,mm,OK,--,8:39:10 PM,6/20/2025,
1151,94.9,gf,3.480,mm,OK,--,8:39:10 PM,6/20/2025,
1152,92.0,gf,3.475,mm,OK,--,8:39:10 PM,6/20/2025,
1153,88.8,gf,3.475,mm,OK,--,8:39:11 PM,6/20/2025,
1154,86.4,gf,3.470,mm,OK,--,8:39:11 PM,6/20/2025,
1155,84.1,gf,3.470,mm,OK,--,8:39:11 PM,6/20/2025,
1156,81.6,gf,3.465,mm,OK,--,8:39:11 PM,6/20/2025,
1157,79.3,gf,3.465,mm,OK,--,8:39:11 PM,6/20/2025,
1158,76.4,gf,3.460,mm,OK,--,8:39:11 PM,6/20/2025,
1159,73.0,gf,3.455,mm,OK,--,8:39:11 PM,6/20/2025,
1160,69.3,gf,3.450,mm,OK,--,8:39:11 PM,6/20/2025,
1161,65.4,gf,3.450,mm,OK,--,8:39:11 PM,6/20/2025,
1162,61.2,gf,3.445,mm,OK,--,8:39:11 PM,6/20/2025,
1163,57.4,gf,3.440,mm,OK,--,8:39:12 PM,6/20/2025,
1164,53.3,gf,3.435,mm,OK,--,8:39:12 PM,6/20/2025,
1165,49.2,gf,3.430,mm,OK,--,8:39:12 PM,6/20/2025,
1166,45.0,gf,3.425,mm,OK,--,8:39:12 PM,6/20/2025,
1167,42.2,gf,3.425,mm,OK,--,8:39:12 PM,6/20/2025,
1168,40.8,gf,3.420,mm,OK,--,8:39:12 PM,6/20/2025,
1169,40.7,gf,3.420,mm,OK,--,8:39:12 PM,6/20/2025,
1170,40.7,gf,3.420,mm,OK,--,8:39:12 PM,6/20/2025,
1171,40.7,gf,3.420,mm,OK,--,8:39:12 PM,6/20/2025,
1172,40.7,gf,3.415,mm,OK,--,8:39:12 PM,6/20/2025,
1173,40.6,gf,3.415,mm,OK,--,8:39:13 PM,6/20/2025,
1174,40.6,gf,3.415,mm,OK,--,8:39:13 PM,6/20/2025,
1175,40.6,gf,3.410,mm,OK,--,8:39:13 PM,6/20/2025,
1176,40.6,gf,3.410,mm,OK,--,8:39:13 PM,6/20/2025,
1177,40.6,gf,3.410,mm,OK,--,8:39:13 PM,6/20/2025,
1178,40.5,gf,3.405,mm,OK,--,8:39:13 PM,6/20/2025,
1179,40.4,gf,3.400,mm,OK,--,8:39:13 PM,6/20/2025,
1180,40.4,gf,3.395,mm,OK,--,8:39:13 PM,6/20/2025,
1181,40.4,gf,3.390,mm,OK,--,8:39:13 PM,6/20/2025,
1182,40.4,gf,3.390,mm,OK,--,8:39:13 PM,6/20/2025,
1183,40.4,gf,3.385,mm,OK,--,8:39:14 PM,6/20/2025,
1184,40.4,gf,3.380,mm,OK,--,8:39:14 PM,6/20/2025,
1185,40.4,gf,3.380,mm,OK,--,8:39:14 PM,6/20/2025,
1186,40.4,gf,3.375,mm,OK,--,8:39:14 PM,6/20/2025,
1187,40.3,gf,3.370,mm,OK,--,8:39:14 PM,6/20/2025,
1188,40.3,gf,3.365,mm,OK,--,8:39:14 PM,6/20/2025,
1189,40.2,gf,3.360,mm,OK,--,8:39:14 PM,6/20/2025,
1190,40.2,gf,3.350,mm,OK,--,8:39:14 PM,6/20/2025,
1191,40.1,gf,3.345,mm,OK,--,8:39:14 PM,6/20/2025,
1192,40.0,gf,3.335,mm,OK,--,8:39:14 PM,6/20/2025,
1193,39.8,gf,3.325,mm,OK,--,8:39:15 PM,6/20/2025,
1194,39.4,gf,3.310,mm,OK,--,8:39:15 PM,6/20/2025,
1195,39.2,gf,3.300,mm,OK,--,8:39:15 PM,6/20/2025,
1196,39.1,gf,3.295,mm,OK,--,8:39:15 PM,6/20/2025,
1197,38.9,gf,3.285,mm,OK,--,8:39:15 PM,6/20/2025,
1198,38.9,gf,3.275,mm,OK,--,8:39:15 PM,6/20/2025,
1199,38.6,gf,3.270,mm,OK,--,8:39:15 PM,6/20/2025,
1200,38.2,gf,3.260,mm,OK,--,8:39:15 PM,6/20/2025,
1201,38.0,gf,3.250,mm,OK,--,8:39:15 PM,6/20/2025,
1202,37.5,gf,3.245,mm,OK,--,8:39:15 PM,6/20/2025,
1203,36.6,gf,3.235,mm,OK,--,8:39:16 PM,6/20/2025,
1204,35.8,gf,3.225,mm,OK,--,8:39:16 PM,6/20/2025,
1205,35.1,gf,3.215,mm,OK,--,8:39:16 PM,6/20/2025,
1206,34.3,gf,3.205,mm,OK,--,8:39:16 PM,6/20/2025,
1207,33.7,gf,3.195,mm,OK,--,8:39:16 PM,6/20/2025,
1208,33.1,gf,3.190,mm,OK,--,8:39:16 PM,6/20/2025,
1209,32.8,gf,3.180,mm,OK,--,8:39:16 PM,6/20/2025,
1210,32.4,gf,3.175,mm,OK,--,8:39:16 PM,6/20/2025,
1211,31.9,gf,3.165,mm,OK,--,8:39:16 PM,6/20/2025,
1212,31.4,gf,3.155,mm,OK,--,8:39:16 PM,6/20/2025,
1213,30.8,gf,3.150,mm,OK,--,8:39:17 PM,6/20/2025,
1214,30.6,gf,3.140,mm,OK,--,8:39:17 PM,6/20/2025,
1215,30.1,gf,3.135,mm,OK,--,8:39:17 PM,6/20/2025,
1216,29.6,gf,3.130,mm,OK,--,8:39:17 PM,6/20/2025,
1217,29.0,gf,3.120,mm,OK,--,8:39:17 PM,6/20/2025,
1218,28.6,gf,3.115,mm,OK,--,8:39:17 PM,6/20/2025,
1219,28.1,gf,3.110,mm,OK,--,8:39:17 PM,6/20/2025,
1220,27.6,gf,3.105,mm,OK,--,8:39:17 PM,6/20/2025,
1221,27.0,gf,3.095,mm,OK,--,8:39:17 PM,6/20/2025,
1222,26.7,gf,3.090,mm,OK,--,8:39:17 PM,6/20/2025,
1223,26.4,gf,3.085,mm,OK,--,8:39:18 PM,6/20/2025,
1224,26.0,gf,3.080,mm,OK,--,8:39:18 PM,6/20/2025,
1225,25.6,gf,3.075,mm,OK,--,8:39:18 PM,6/20/2025,
1226,25.5,gf,3.070,mm,OK,--,8:39:18 PM,6/20/2025,
1227,25.1,gf,3.065,mm,OK,--,8:39:18 PM,6/20/2025,
1228,24.9,gf,3.060,mm,OK,--,8:39:18 PM,6/20/2025,
1229,24.8,gf,3.055,mm,OK,--,8:39:18 PM,6/20/2025,
1230,24.7,gf,3.055,mm,OK,--,8:39:18 PM,6/20/2025,
1231,24.6,gf,3.055,mm,OK,--,8:39:18 PM,6/20/2025,
1232,24.5,gf,3.050,mm,OK,--,8:39:18 PM,6/20/2025,
1233,24.4,gf,3.050,mm,OK,--,8:39:19 PM,6/20/2025,
1234,24.1,gf,3.045,mm,OK,--,8:39:19 PM,6/20/2025,
1235,23.8,gf,3.045,mm,OK,--,8:39:19 PM,6/20/2025,
1236,23.5,gf,3.040,mm,OK,--,8:39:19 PM,6/20/2025,
1237,23.4,gf,3.040,mm,OK,--,8:39:19 PM,6/20/2025,
1238,23.3,gf,3.035,mm,OK,--,8:39:19 PM,6/20/2025,
1239,23.3,gf,3.035,mm,OK,--,8:39:19 PM,6/20/2025,
1240,23.3,gf,3.030,mm,OK,--,8:39:19 PM,6/20/2025,
1241,23.3,gf,3.030,mm,OK,--,8:39:19 PM,6/20/2025,
1242,22.6,gf,3.030,mm,OK,--,8:39:19 PM,6/20/2025,
1243,22.0,gf,3.025,mm,OK,--,8:39:20 PM,6/20/2025,
1244,22.1,gf,3.020,mm,OK,--,8:39:20 PM,6/20/2025,
1245,22.1,gf,3.015,mm,OK,--,8:39:20 PM,6/20/2025,
1246,21.4,gf,3.010,mm,OK,--,8:39:20 PM,6/20/2025,
1247,21.1,gf,3.005,mm,OK,--,8:39:20 PM,6/20/2025,
1248,20.8,gf,3.000,mm,OK,--,8:39:20 PM,6/20/2025,
1249,20.6,gf,3.000,mm,OK,--,8:39:20 PM,6/20/2025,
1250,20.0,gf,2.990,mm,OK,--,8:39:20 PM,6/20/2025,
1251,19.8,gf,2.985,mm,OK,--,8:39:20 PM,6/20/2025,
1252,19.5,gf,2.980,mm,OK,--,8:39:20 PM,6/20/2025,
1253,19.3,gf,2.980,mm,OK,--,8:39:21 PM,6/20/2025,
1254,18.9,gf,2.975,mm,OK,--,8:39:21 PM,6/20/2025,
1255,18.0,gf,2.965,mm,OK,--,8:39:21 PM,6/20/2025,
1256,18.1,gf,2.960,mm,OK,--,8:39:21 PM,6/20/2025,
1257,18.1,gf,2.955,mm,OK,--,8:39:21 PM,6/20/2025,
1258,18.1,gf,2.950,mm,OK,--,8:39:21 PM,6/20/2025,
1259,18.1,gf,2.945,mm,OK,--,8:39:21 PM,6/20/2025,
1260,18.0,gf,2.940,mm,OK,--,8:39:21 PM,6/20/2025,
1261,17.9,gf,2.935,mm,OK,--,8:39:21 PM,6/20/2025,
1262,17.6,gf,2.930,mm,OK,--,8:39:21 PM,6/20/2025,
1263,16.9,gf,2.910,mm,OK,--,8:39:22 PM,6/20/2025,
1264,18.2,gf,2.900,mm,OK,--,8:39:22 PM,6/20/2025,
1265,18.5,gf,2.895,mm,OK,--,8:39:22 PM,6/20/2025,
1266,18.3,gf,2.895,mm,OK,--,8:39:22 PM,6/20/2025,
1267,18.2,gf,2.890,mm,OK,--,8:39:22 PM,6/20/2025,
1268,18.2,gf,2.890,mm,OK,--,8:39:22 PM,6/20/2025,
1269,18.0,gf,2.885,mm,OK,--,8:39:22 PM,6/20/2025,
1270,17.8,gf,2.880,mm,OK,--,8:39:22 PM,6/20/2025,
1271,17.7,gf,2.880,mm,OK,--,8:39:22 PM,6/20/2025,
1272,17.8,gf,2.875,mm,OK,--,8:39:22 PM,6/20/2025,
1273,17.9,gf,2.875,mm,OK,--,8:39:23 PM,6/20/2025,
1274,17.7,gf,2.870,mm,OK,--,8:39:23 PM,6/20/2025,
1275,17.5,gf,2.865,mm,OK,--,8:39:23 PM,6/20/2025,
1276,17.3,gf,2.860,mm,OK,--,8:39:23 PM,6/20/2025,
1277,17.4,gf,2.855,mm,OK,--,8:39:23 PM,6/20/2025,
1278,17.3,gf,2.850,mm,OK,--,8:39:23 PM,6/20/2025,
1279,17.4,gf,2.845,mm,OK,--,8:39:23 PM,6/20/2025,
1280,17.5,gf,2.845,mm,OK,--,8:39:23 PM,6/20/2025,
1281,17.5,gf,2.840,mm,OK,--,8:39:23 PM,6/20/2025,
1282,17.2,gf,2.835,mm,OK,--,8:39:23 PM,6/20/2025,
1283,17.4,gf,2.830,mm,OK,--,8:39:24 PM,6/20/2025,
1284,17.5,gf,2.825,mm,OK,--,8:39:24 PM,6/20/2025,
1285,17.5,gf,2.820,mm,OK,--,8:39:24 PM,6/20/2025,
1286,17.3,gf,2.820,mm,OK,--,8:39:24 PM,6/20/2025,
1287,17.0,gf,2.815,mm,OK,--,8:39:24 PM,6/20/2025,
1288,17.1,gf,2.810,mm,OK,--,8:39:24 PM,6/20/2025,
1289,17.2,gf,2.810,mm,OK,--,8:39:24 PM,6/20/2025,
1290,17.2,gf,2.805,mm,OK,--,8:39:24 PM,6/20/2025,
1291,17.1,gf,2.800,mm,OK,--,8:39:24 PM,6/20/2025,
1292,17.2,gf,2.800,mm,OK,--,8:39:24 PM,6/20/2025,
1293,17.4,gf,2.800,mm,OK,--,8:39:25 PM,6/20/2025,
1294,17.3,gf,2.795,mm,OK,--,8:39:25 PM,6/20/2025,
1295,17.1,gf,2.795,mm,OK,--,8:39:25 PM,6/20/2025,
1296,17.0,gf,2.790,mm,OK,--,8:39:25 PM,6/20/2025,
1297,17.0,gf,2.790,mm,OK,--,8:39:25 PM,6/20/2025,
1298,16.7,gf,2.785,mm,OK,--,8:39:25 PM,6/20/2025,
1299,16.4,gf,2.780,mm,OK,--,8:39:25 PM,6/20/2025,
1300,16.5,gf,2.775,mm,OK,--,8:39:25 PM,6/20/2025,
1301,16.3,gf,2.775,mm,OK,--,8:39:25 PM,6/20/2025,
1302,16.4,gf,2.770,mm,OK,--,8:39:25 PM,6/20/2025,
1303,16.5,gf,2.765,mm,OK,--,8:39:26 PM,6/20/2025,
1304,16.1,gf,2.760,mm,OK,--,8:39:26 PM,6/20/2025,
1305,16.0,gf,2.755,mm,OK,--,8:39:26 PM,6/20/2025,
1306,16.2,gf,2.745,mm,OK,--,8:39:26 PM,6/20/2025,
1307,16.2,gf,2.740,mm,OK,--,8:39:26 PM,6/20/2025,
1308,16.0,gf,2.735,mm,OK,--,8:39:26 PM,6/20/2025,
1309,16.0,gf,2.730,mm,OK,--,8:39:26 PM,6/20/2025,
1310,15.9,gf,2.725,mm,OK,--,8:39:26 PM,6/20/2025,
1311,15.6,gf,2.720,mm,OK,--,8:39:26 PM,6/20/2025,
1312,15.9,gf,2.710,mm,OK,--,8:39:26 PM,6/20/2025,
1313,15.9,gf,2.700,mm,OK,--,8:39:27 PM,6/20/2025,
1314,15.5,gf,2.690,mm,OK,--,8:39:27 PM,6/20/2025,
1315,15.5,gf,2.680,mm,OK,--,8:39:27 PM,6/20/2025,
1316,15.6,gf,2.670,mm,OK,--,8:39:27 PM,6/20/2025,
1317,15.5,gf,2.660,mm,OK,--,8:39:27 PM,6/20/2025,
1318,15.5,gf,2.650,mm,OK,--,8:39:27 PM,6/20/2025,
1319,15.3,gf,2.645,mm,OK,--,8:39:27 PM,6/20/2025,
1320,15.1,gf,2.635,mm,OK,--,8:39:27 PM,6/20/2025,
1321,14.9,gf,2.625,mm,OK,--,8:39:27 PM,6/20/2025,
1322,14.7,gf,2.620,mm,OK,--,8:39:27 PM,6/20/2025,
1323,14.5,gf,2.610,mm,OK,--,8:39:28 PM,6/20/2025,
1324,14.3,gf,2.605,mm,OK,--,8:39:28 PM,6/20/2025,
1325,14.2,gf,2.600,mm,OK,--,8:39:28 PM,6/20/2025,
1326,12.4,gf,2.580,mm,OK,--,8:39:28 PM,6/20/2025,
1327,13.8,gf,2.560,mm,OK,--,8:39:28 PM,6/20/2025,
1328,13.7,gf,2.555,mm,OK,--,8:39:28 PM,6/20/2025,
1329,13.4,gf,2.545,mm,OK,--,8:39:28 PM,6/20/2025,
1330,13.1,gf,2.535,mm,OK,--,8:39:28 PM,6/20/2025,
1331,13.1,gf,2.530,mm,OK,--,8:39:28 PM,6/20/2025,
1332,12.9,gf,2.525,mm,OK,--,8:39:28 PM,6/20/2025,
1333,12.6,gf,2.520,mm,OK,--,8:39:29 PM,6/20/2025,
1334,12.7,gf,2.515,mm,OK,--,8:39:29 PM,6/20/2025,
1335,12.7,gf,2.510,mm,OK,--,8:39:29 PM,6/20/2025,
1336,12.8,gf,2.510,mm,OK,--,8:39:29 PM,6/20/2025,
1337,12.7,gf,2.505,mm,OK,--,8:39:29 PM,6/20/2025,
1338,12.4,gf,2.505,mm,OK,--,8:39:29 PM,6/20/2025,
1339,12.3,gf,2.500,mm,OK,--,8:39:29 PM,6/20/2025,
1340,12.3,gf,2.500,mm,OK,--,8:39:29 PM,6/20/2025,
1341,12.3,gf,2.495,mm,OK,--,8:39:29 PM,6/20/2025,
1342,12.2,gf,2.495,mm,OK,--,8:39:29 PM,6/20/2025,
1343,12.0,gf,2.490,mm,OK,--,8:39:30 PM,6/20/2025,
1344,12.0,gf,2.490,mm,OK,--,8:39:30 PM,6/20/2025,
1345,11.9,gf,2.485,mm,OK,--,8:39:30 PM,6/20/2025,
1346,11.7,gf,2.485,mm,OK,--,8:39:30 PM,6/20/2025,
1347,11.3,gf,2.480,mm,OK,--,8:39:30 PM,6/20/2025,
1348,11.2,gf,2.475,mm,OK,--,8:39:30 PM,6/20/2025,
1349,11.3,gf,2.470,mm,OK,--,8:39:30 PM,6/20/2025,
1350,11.2,gf,2.465,mm,OK,--,8:39:30 PM,6/20/2025,
1351,11.3,gf,2.465,mm,OK,--,8:39:30 PM,6/20/2025,
1352,11.2,gf,2.460,mm,OK,--,8:39:30 PM,6/20/2025,
1353,11.0,gf,2.460,mm,OK,--,8:39:31 PM,6/20/2025,
1354,10.7,gf,2.455,mm,OK,--,8:39:31 PM,6/20/2025,
1355,10.5,gf,2.445,mm,OK,--,8:39:31 PM,6/20/2025,
1356,10.3,gf,2.440,mm,OK,--,8:39:31 PM,6/20/2025,
1357,10.5,gf,2.435,mm,OK,--,8:39:31 PM,6/20/2025,
1358,10.8,gf,2.430,mm,OK,--,8:39:31 PM,6/20/2025,
1359,10.4,gf,2.425,mm,OK,--,8:39:31 PM,6/20/2025,
1360,10.5,gf,2.425,mm,OK,--,8:39:31 PM,6/20/2025,
1361,10.7,gf,2.420,mm,OK,--,8:39:31 PM,6/20/2025,
1362,10.6,gf,2.420,mm,OK,--,8:39:31 PM,6/20/2025,
1363,10.4,gf,2.415,mm,OK,--,8:39:32 PM,6/20/2025,
1364,10.2,gf,2.410,mm,OK,--,8:39:32 PM,6/20/2025,
1365,10.1,gf,2.410,mm,OK,--,8:39:32 PM,6/20/2025,
1366,10.3,gf,2.405,mm,OK,--,8:39:32 PM,6/20/2025,
1367,10.2,gf,2.405,mm,OK,--,8:39:32 PM,6/20/2025,
1368,9.8,gf,2.400,mm,OK,--,8:39:32 PM,6/20/2025,
1369,9.5,gf,2.395,mm,OK,--,8:39:32 PM,6/20/2025,
1370,9.7,gf,2.390,mm,OK,--,8:39:32 PM,6/20/2025,
1371,9.7,gf,2.390,mm,OK,--,8:39:32 PM,6/20/2025,
1372,9.5,gf,2.385,mm,OK,--,8:39:32 PM,6/20/2025,
1373,9.3,gf,2.380,mm,OK,--,8:39:33 PM,6/20/2025,
1374,9.5,gf,2.380,mm,OK,--,8:39:33 PM,6/20/2025,
1375,9.6,gf,2.375,mm,OK,--,8:39:33 PM,6/20/2025,
1376,9.4,gf,2.375,mm,OK,--,8:39:33 PM,6/20/2025,
1377,8.9,gf,2.370,mm,OK,--,8:39:33 PM,6/20/2025,
1378,8.4,gf,2.365,mm,OK,--,8:39:33 PM,6/20/2025,
1379,8.0,gf,2.355,mm,OK,--,8:39:33 PM,6/20/2025,
1380,8.2,gf,2.350,mm,OK,--,8:39:33 PM,6/20/2025,
1381,8.2,gf,2.340,mm,OK,--,8:39:33 PM,6/20/2025,
1382,8.2,gf,2.335,mm,OK,--,8:39:33 PM,6/20/2025,
1383,8.6,gf,2.330,mm,OK,--,8:39:34 PM,6/20/2025,
1384,8.7,gf,2.330,mm,OK,--,8:39:34 PM,6/20/2025,
1385,8.5,gf,2.325,mm,OK,--,8:39:34 PM,6/20/2025,
1386,8.0,gf,2.320,mm,OK,--,8:39:34 PM,6/20/2025,
1387,8.2,gf,2.315,mm,OK,--,8:39:34 PM,6/20/2025,
1388,8.5,gf,2.310,mm,OK,--,8:39:34 PM,6/20/2025,
1389,8.0,gf,2.305,mm,OK,--,8:39:34 PM,6/20/2025,
1390,7.7,gf,2.300,mm,OK,--,8:39:34 PM,6/20/2025,
1391,7.3,gf,2.290,mm,OK,--,8:39:34 PM,6/20/2025,
1392,7.6,gf,2.285,mm,OK,--,8:39:34 PM,6/20/2025,
1393,7.9,gf,2.280,mm,OK,--,8:39:35 PM,6/20/2025,
1394,8.0,gf,2.275,mm,OK,--,8:39:35 PM,6/20/2025,
1395,7.9,gf,2.270,mm,OK,--,8:39:35 PM,6/20/2025,
1396,7.8,gf,2.270,mm,OK,--,8:39:35 PM,6/20/2025,
1397,8.0,gf,2.265,mm,OK,--,8:39:35 PM,6/20/2025,
1398,8.1,gf,2.265,mm,OK,--,8:39:35 PM,6/20/2025,
1399,7.9,gf,2.260,mm,OK,--,8:39:35 PM,6/20/2025,
1400,7.6,gf,2.260,mm,OK,--,8:39:35 PM,6/20/2025,
1401,7.3,gf,2.255,mm,OK,--,8:39:35 PM,6/20/2025,
1402,7.5,gf,2.250,mm,OK,--,8:39:35 PM,6/20/2025,
1403,7.1,gf,2.245,mm,OK,--,8:39:36 PM,6/20/2025,
1404,6.9,gf,2.240,mm,OK,--,8:39:36 PM,6/20/2025,
1405,6.7,gf,2.230,mm,OK,--,8:39:36 PM,6/20/2025,
1406,7.0,gf,2.225,mm,OK,--,8:39:36 PM,6/20/2025,
1407,7.3,gf,2.220,mm,OK,--,8:39:36 PM,6/20/2025,
1408,7.2,gf,2.215,mm,OK,--,8:39:36 PM,6/20/2025,
1409,7.0,gf,2.210,mm,OK,--,8:39:36 PM,6/20/2025,
1410,6.9,gf,2.200,mm,OK,--,8:39:36 PM,6/20/2025,
1411,7.1,gf,2.195,mm,OK,--,8:39:36 PM,6/20/2025,
1412,7.4,gf,2.190,mm,OK,--,8:39:36 PM,6/20/2025,
1413,7.3,gf,2.185,mm,OK,--,8:39:37 PM,6/20/2025,
1414,7.5,gf,2.180,mm,OK,--,8:39:37 PM,6/20/2025,
1415,7.4,gf,2.175,mm,OK,--,8:39:37 PM,6/20/2025,
1416,7.1,gf,2.170,mm,OK,--,8:39:37 PM,6/20/2025,
1417,7.2,gf,2.165,mm,OK,--,8:39:37 PM,6/20/2025,
1418,7.2,gf,2.160,mm,OK,--,8:39:37 PM,6/20/2025,
1419,7.4,gf,2.160,mm,OK,--,8:39:37 PM,6/20/2025,
1420,7.1,gf,2.155,mm,OK,--,8:39:37 PM,6/20/2025,
1421,6.7,gf,2.150,mm,OK,--,8:39:37 PM,6/20/2025,
1422,7.0,gf,2.145,mm,OK,--,8:39:37 PM,6/20/2025,
1423,7.5,gf,2.140,mm,OK,--,8:39:38 PM,6/20/2025,
1424,8.5,gf,2.135,mm,OK,--,8:39:38 PM,6/20/2025,
1425,8.9,gf,2.130,mm,OK,--,8:39:38 PM,6/20/2025,
1426,8.9,gf,2.125,mm,OK,--,8:39:38 PM,6/20/2025,
1427,8.6,gf,2.120,mm,OK,--,8:39:38 PM,6/20/2025,
1428,8.3,gf,2.115,mm,OK,--,8:39:38 PM,6/20/2025,
1429,8.3,gf,2.110,mm,OK,--,8:39:38 PM,6/20/2025,
1430,8.6,gf,2.105,mm,OK,--,8:39:38 PM,6/20/2025,
1431,8.4,gf,2.095,mm,OK,--,8:39:38 PM,6/20/2025,
1432,8.0,gf,2.090,mm,OK,--,8:39:38 PM,6/20/2025,
1433,8.0,gf,2.080,mm,OK,--,8:39:39 PM,6/20/2025,
1434,7.9,gf,2.075,mm,OK,--,8:39:39 PM,6/20/2025,
1435,8.0,gf,2.070,mm,OK,--,8:39:39 PM,6/20/2025,
1436,7.6,gf,2.060,mm,OK,--,8:39:39 PM,6/20/2025,
1437,7.5,gf,2.050,mm,OK,--,8:39:39 PM,6/20/2025,
1438,7.5,gf,2.045,mm,OK,--,8:39:39 PM,6/20/2025,
1439,8.0,gf,2.035,mm,OK,--,8:39:39 PM,6/20/2025,
1440,8.3,gf,2.030,mm,OK,--,8:39:39 PM,6/20/2025,
1441,8.2,gf,2.020,mm,OK,--,8:39:39 PM,6/20/2025,
1442,8.3,gf,2.015,mm,OK,--,8:39:39 PM,6/20/2025,
1443,8.7,gf,2.005,mm,OK,--,8:39:40 PM,6/20/2025,
1444,9.0,gf,2.000,mm,OK,--,8:39:40 PM,6/20/2025,
1445,9.3,gf,1.995,mm,OK,--,8:39:40 PM,6/20/2025,
1446,9.5,gf,1.995,mm,OK,--,8:39:40 PM,6/20/2025,
1447,9.5,gf,1.990,mm,OK,--,8:39:40 PM,6/20/2025,
1448,9.7,gf,1.985,mm,OK,--,8:39:40 PM,6/20/2025,
1449,9.4,gf,1.980,mm,OK,--,8:39:40 PM,6/20/2025,
1450,9.2,gf,1.975,mm,OK,--,8:39:40 PM,6/20/2025,
1451,9.5,gf,1.965,mm,OK,--,8:39:40 PM,6/20/2025,
1452,10.2,gf,1.960,mm,OK,--,8:39:40 PM,6/20/2025,
1453,10.7,gf,1.960,mm,OK,--,8:39:41 PM,6/20/2025,
1454,10.1,gf,1.955,mm,OK,--,8:39:41 PM,6/20/2025,
1455,9.9,gf,1.945,mm,OK,--,8:39:41 PM,6/20/2025,
1456,10.6,gf,1.940,mm,OK,--,8:39:41 PM,6/20/2025,
1457,10.7,gf,1.935,mm,OK,--,8:39:41 PM,6/20/2025,
1458,10.7,gf,1.930,mm,OK,--,8:39:41 PM,6/20/2025,
1459,10.6,gf,1.925,mm,OK,--,8:39:41 PM,6/20/2025,
1460,10.8,gf,1.920,mm,OK,--,8:39:41 PM,6/20/2025,
1461,11.2,gf,1.910,mm,OK,--,8:39:41 PM,6/20/2025,
1462,11.5,gf,1.905,mm,OK,--,8:39:41 PM,6/20/2025,
1463,11.6,gf,1.900,mm,OK,--,8:39:42 PM,6/20/2025,
1464,11.8,gf,1.890,mm,OK,--,8:39:42 PM,6/20/2025,
1465,11.9,gf,1.885,mm,OK,--,8:39:42 PM,6/20/2025,
1466,12.1,gf,1.880,mm,OK,--,8:39:42 PM,6/20/2025,
1467,11.8,gf,1.875,mm,OK,--,8:39:42 PM,6/20/2025,
1468,12.1,gf,1.865,mm,OK,--,8:39:42 PM,6/20/2025,
1469,12.4,gf,1.855,mm,OK,--,8:39:42 PM,6/20/2025,
1470,12.7,gf,1.845,mm,OK,--,8:39:42 PM,6/20/2025,
1471,13.0,gf,1.840,mm,OK,--,8:39:42 PM,6/20/2025,
1472,13.4,gf,1.835,mm,OK,--,8:39:42 PM,6/20/2025,
1473,13.3,gf,1.825,mm,OK,--,8:39:43 PM,6/20/2025,
1474,13.7,gf,1.820,mm,OK,--,8:39:43 PM,6/20/2025,
1475,13.5,gf,1.815,mm,OK,--,8:39:43 PM,6/20/2025,
1476,14.1,gf,1.805,mm,OK,--,8:39:43 PM,6/20/2025,
1477,14.5,gf,1.800,mm,OK,--,8:39:43 PM,6/20/2025,
1478,14.4,gf,1.795,mm,OK,--,8:39:43 PM,6/20/2025,
1479,14.3,gf,1.790,mm,OK,--,8:39:43 PM,6/20/2025,
1480,14.1,gf,1.780,mm,OK,--,8:39:43 PM,6/20/2025,
1481,14.5,gf,1.775,mm,OK,--,8:39:43 PM,6/20/2025,
1482,15.2,gf,1.765,mm,OK,--,8:39:43 PM,6/20/2025,
1483,15.3,gf,1.760,mm,OK,--,8:39:44 PM,6/20/2025,
1484,15.4,gf,1.755,mm,OK,--,8:39:44 PM,6/20/2025,
1485,15.6,gf,1.745,mm,OK,--,8:39:44 PM,6/20/2025,
1486,16.0,gf,1.740,mm,OK,--,8:39:44 PM,6/20/2025,
1487,16.6,gf,1.735,mm,OK,--,8:39:44 PM,6/20/2025,
1488,17.0,gf,1.730,mm,OK,--,8:39:44 PM,6/20/2025,
1489,16.8,gf,1.730,mm,OK,--,8:39:44 PM,6/20/2025,
1490,17.2,gf,1.725,mm,OK,--,8:39:44 PM,6/20/2025,
1491,16.8,gf,1.720,mm,OK,--,8:39:44 PM,6/20/2025,
1492,16.7,gf,1.720,mm,OK,--,8:39:44 PM,6/20/2025,
1493,17.1,gf,1.715,mm,OK,--,8:39:45 PM,6/20/2025,
1494,17.2,gf,1.710,mm,OK,--,8:39:45 PM,6/20/2025,
1495,16.8,gf,1.705,mm,OK,--,8:39:45 PM,6/20/2025,
1496,16.4,gf,1.700,mm,OK,--,8:39:45 PM,6/20/2025,
1497,16.9,gf,1.690,mm,OK,--,8:39:45 PM,6/20/2025,
1498,17.3,gf,1.680,mm,OK,--,8:39:45 PM,6/20/2025,
1499,17.8,gf,1.675,mm,OK,--,8:39:45 PM,6/20/2025,
1500,18.0,gf,1.670,mm,OK,--,8:39:45 PM,6/20/2025,
1501,18.2,gf,1.665,mm,OK,--,8:39:45 PM,6/20/2025,
1502,18.2,gf,1.660,mm,OK,--,8:39:45 PM,6/20/2025,
1503,18.5,gf,1.655,mm,OK,--,8:39:46 PM,6/20/2025,
1504,18.6,gf,1.650,mm,OK,--,8:39:46 PM,6/20/2025,
1505,18.7,gf,1.645,mm,OK,--,8:39:46 PM,6/20/2025,
1506,18.7,gf,1.640,mm,OK,--,8:39:46 PM,6/20/2025,
1507,18.8,gf,1.635,mm,OK,--,8:39:46 PM,6/20/2025,
1508,18.9,gf,1.630,mm,OK,--,8:39:46 PM,6/20/2025,
1509,19.1,gf,1.625,mm,OK,--,8:39:46 PM,6/20/2025,
1510,19.3,gf,1.620,mm,OK,--,8:39:46 PM,6/20/2025,
1511,19.6,gf,1.620,mm,OK,--,8:39:46 PM,6/20/2025,
1512,19.7,gf,1.615,mm,OK,--,8:39:46 PM,6/20/2025,
1513,19.7,gf,1.615,mm,OK,--,8:39:47 PM,6/20/2025,
1514,19.7,gf,1.610,mm,OK,--,8:39:47 PM,6/20/2025,
1515,19.7,gf,1.605,mm,OK,--,8:39:47 PM,6/20/2025,
1516,19.9,gf,1.605,mm,OK,--,8:39:47 PM,6/20/2025,
1517,20.3,gf,1.600,mm,OK,--,8:39:47 PM,6/20/2025,
1518,20.5,gf,1.600,mm,OK,--,8:39:47 PM,6/20/2025,
1519,20.5,gf,1.600,mm,OK,--,8:39:47 PM,6/20/2025,
1520,20.5,gf,1.600,mm,OK,--,8:39:47 PM,6/20/2025,
1521,20.5,gf,1.600,mm,OK,--,8:39:47 PM,6/20/2025,
1522,20.3,gf,1.595,mm,OK,--,8:39:47 PM,6/20/2025,
1523,19.7,gf,1.595,mm,OK,--,8:39:48 PM,6/20/2025,
1524,19.6,gf,1.590,mm,OK,--,8:39:48 PM,6/20/2025,
1525,19.9,gf,1.590,mm,OK,--,8:39:48 PM,6/20/2025,
1526,20.1,gf,1.585,mm,OK,--,8:39:48 PM,6/20/2025,
1527,20.1,gf,1.585,mm,OK,--,8:39:48 PM,6/20/2025,
1528,20.2,gf,1.580,mm,OK,--,8:39:48 PM,6/20/2025,
1529,20.4,gf,1.580,mm,OK,--,8:39:48 PM,6/20/2025,
1530,20.6,gf,1.580,mm,OK,--,8:39:48 PM,6/20/2025,
1531,20.7,gf,1.575,mm,OK,--,8:39:48 PM,6/20/2025,
1532,20.7,gf,1.575,mm,OK,--,8:39:48 PM,6/20/2025,
1533,20.5,gf,1.575,mm,OK,--,8:39:49 PM,6/20/2025,
1534,20.1,gf,1.570,mm,OK,--,8:39:49 PM,6/20/2025,
1535,20.1,gf,1.565,mm,OK,--,8:39:49 PM,6/20/2025,
1536,20.0,gf,1.560,mm,OK,--,8:39:49 PM,6/20/2025,
1537,20.0,gf,1.555,mm,OK,--,8:39:49 PM,6/20/2025,
1538,20.3,gf,1.550,mm,OK,--,8:39:49 PM,6/20/2025,
1539,20.7,gf,1.540,mm,OK,--,8:39:49 PM,6/20/2025,
1540,20.9,gf,1.535,mm,OK,--,8:39:49 PM,6/20/2025,
1541,21.3,gf,1.530,mm,OK,--,8:39:49 PM,6/20/2025,
1542,21.7,gf,1.525,mm,OK,--,8:39:49 PM,6/20/2025,
1543,22.0,gf,1.520,mm,OK,--,8:39:50 PM,6/20/2025,
1544,22.1,gf,1.520,mm,OK,--,8:39:50 PM,6/20/2025,
1545,22.4,gf,1.515,mm,OK,--,8:39:50 PM,6/20/2025,
1546,22.4,gf,1.515,mm,OK,--,8:39:50 PM,6/20/2025,
1547,22.7,gf,1.510,mm,OK,--,8:39:50 PM,6/20/2025,
1548,22.4,gf,1.510,mm,OK,--,8:39:50 PM,6/20/2025,
1549,22.4,gf,1.505,mm,OK,--,8:39:50 PM,6/20/2025,
1550,22.7,gf,1.505,mm,OK,--,8:39:50 PM,6/20/2025,
1551,22.6,gf,1.500,mm,OK,--,8:39:50 PM,6/20/2025,
1552,22.6,gf,1.500,mm,OK,--,8:39:50 PM,6/20/2025,
1553,22.0,gf,1.495,mm,OK,--,8:39:51 PM,6/20/2025,
1554,22.2,gf,1.485,mm,OK,--,8:39:51 PM,6/20/2025,
1555,22.5,gf,1.480,mm,OK,--,8:39:51 PM,6/20/2025,
1556,22.8,gf,1.475,mm,OK,--,8:39:51 PM,6/20/2025,
1557,23.6,gf,1.470,mm,OK,--,8:39:51 PM,6/20/2025,
1558,23.6,gf,1.470,mm,OK,--,8:39:51 PM,6/20/2025,
1559,23.3,gf,1.465,mm,OK,--,8:39:51 PM,6/20/2025,
1560,23.2,gf,1.460,mm,OK,--,8:39:51 PM,6/20/2025,
1561,23.6,gf,1.455,mm,OK,--,8:39:51 PM,6/20/2025,
1562,23.7,gf,1.450,mm,OK,--,8:39:51 PM,6/20/2025,
1563,23.7,gf,1.450,mm,OK,--,8:39:52 PM,6/20/2025,
1564,23.8,gf,1.445,mm,OK,--,8:39:52 PM,6/20/2025,
1565,23.6,gf,1.440,mm,OK,--,8:39:52 PM,6/20/2025,
1566,23.5,gf,1.435,mm,OK,--,8:39:52 PM,6/20/2025,
1567,23.6,gf,1.430,mm,OK,--,8:39:52 PM,6/20/2025,
1568,24.3,gf,1.425,mm,OK,--,8:39:52 PM,6/20/2025,
1569,24.4,gf,1.420,mm,OK,--,8:39:52 PM,6/20/2025,
1570,24.5,gf,1.420,mm,OK,--,8:39:52 PM,6/20/2025,
1571,24.7,gf,1.415,mm,OK,--,8:39:52 PM,6/20/2025,
1572,24.8,gf,1.415,mm,OK,--,8:39:52 PM,6/20/2025,
1573,25.0,gf,1.410,mm,OK,--,8:39:53 PM,6/20/2025,
1574,25.0,gf,1.410,mm,OK,--,8:39:53 PM,6/20/2025,
1575,24.6,gf,1.405,mm,OK,--,8:39:53 PM,6/20/2025,
1576,24.2,gf,1.400,mm,OK,--,8:39:53 PM,6/20/2025,
1577,24.2,gf,1.395,mm,OK,--,8:39:53 PM,6/20/2025,
1578,24.7,gf,1.385,mm,OK,--,8:39:53 PM,6/20/2025,
1579,25.0,gf,1.380,mm,OK,--,8:39:53 PM,6/20/2025,
1580,25.2,gf,1.380,mm,OK,--,8:39:53 PM,6/20/2025,
1581,25.4,gf,1.375,mm,OK,--,8:39:53 PM,6/20/2025,
1582,25.4,gf,1.370,mm,OK,--,8:39:53 PM,6/20/2025,
1583,25.6,gf,1.365,mm,OK,--,8:39:54 PM,6/20/2025,
1584,25.4,gf,1.360,mm,OK,--,8:39:54 PM,6/20/2025,
1585,25.6,gf,1.355,mm,OK,--,8:39:54 PM,6/20/2025,
1586,25.6,gf,1.350,mm,OK,--,8:39:54 PM,6/20/2025,
1587,25.9,gf,1.345,mm,OK,--,8:39:54 PM,6/20/2025,
1588,25.9,gf,1.340,mm,OK,--,8:39:54 PM,6/20/2025,
1589,25.8,gf,1.335,mm,OK,--,8:39:54 PM,6/20/2025,
1590,26.0,gf,1.330,mm,OK,--,8:39:54 PM,6/20/2025,
1591,26.4,gf,1.325,mm,OK,--,8:39:54 PM,6/20/2025,
1592,26.1,gf,1.320,mm,OK,--,8:39:54 PM,6/20/2025,
1593,26.5,gf,1.315,mm,OK,--,8:39:55 PM,6/20/2025,
1594,26.9,gf,1.310,mm,OK,--,8:39:55 PM,6/20/2025,
1595,27.1,gf,1.310,mm,OK,--,8:39:55 PM,6/20/2025,
1596,27.4,gf,1.305,mm,OK,--,8:39:55 PM,6/20/2025,
1597,27.2,gf,1.305,mm,OK,--,8:39:55 PM,6/20/2025,
1598,27.4,gf,1.300,mm,OK,--,8:39:55 PM,6/20/2025,
1599,27.5,gf,1.300,mm,OK,--,8:39:55 PM,6/20/2025,
1600,27.7,gf,1.300,mm,OK,--,8:39:55 PM,6/20/2025,
1601,27.9,gf,1.295,mm,OK,--,8:39:55 PM,6/20/2025,
1602,27.9,gf,1.295,mm,OK,--,8:39:55 PM,6/20/2025,
1603,27.9,gf,1.295,mm,OK,--,8:39:56 PM,6/20/2025,
1604,27.8,gf,1.295,mm,OK,--,8:39:56 PM,6/20/2025,
1605,27.8,gf,1.290,mm,OK,--,8:39:56 PM,6/20/2025,
1606,27.9,gf,1.290,mm,OK,--,8:39:56 PM,6/20/2025,
1607,27.7,gf,1.290,mm,OK,--,8:39:56 PM,6/20/2025,
1608,27.0,gf,1.290,mm,OK,--,8:39:56 PM,6/20/2025,
1609,27.2,gf,1.285,mm,OK,--,8:39:56 PM,6/20/2025,
1610,27.5,gf,1.285,mm,OK,--,8:39:56 PM,6/20/2025,
1611,27.2,gf,1.280,mm,OK,--,8:39:56 PM,6/20/2025,
1612,27.1,gf,1.275,mm,OK,--,8:39:56 PM,6/20/2025,
1613,27.7,gf,1.270,mm,OK,--,8:39:57 PM,6/20/2025,
1614,28.2,gf,1.270,mm,OK,--,8:39:57 PM,6/20/2025,
1615,28.2,gf,1.265,mm,OK,--,8:39:57 PM,6/20/2025,
1616,28.1,gf,1.265,mm,OK,--,8:39:57 PM,6/20/2025,
1617,28.0,gf,1.260,mm,OK,--,8:39:57 PM,6/20/2025,
1618,28.0,gf,1.260,mm,OK,--,8:39:57 PM,6/20/2025,
1619,28.0,gf,1.255,mm,OK,--,8:39:57 PM,6/20/2025,
1620,28.2,gf,1.250,mm,OK,--,8:39:57 PM,6/20/2025,
1621,28.0,gf,1.245,mm,OK,--,8:39:57 PM,6/20/2025,
1622,28.4,gf,1.240,mm,OK,--,8:39:57 PM,6/20/2025,
1623,28.8,gf,1.240,mm,OK,--,8:39:58 PM,6/20/2025,
1624,28.7,gf,1.235,mm,OK,--,8:39:58 PM,6/20/2025,
1625,28.8,gf,1.230,mm,OK,--,8:39:58 PM,6/20/2025,
1626,28.9,gf,1.225,mm,OK,--,8:39:58 PM,6/20/2025,
1627,28.8,gf,1.220,mm,OK,--,8:39:58 PM,6/20/2025,
1628,29.0,gf,1.215,mm,OK,--,8:39:58 PM,6/20/2025,
1629,29.3,gf,1.210,mm,OK,--,8:39:58 PM,6/20/2025,
1630,29.4,gf,1.205,mm,OK,--,8:39:58 PM,6/20/2025,
1631,29.6,gf,1.200,mm,OK,--,8:39:58 PM,6/20/2025,
1632,29.7,gf,1.195,mm,OK,--,8:39:58 PM,6/20/2025,
1633,29.6,gf,1.190,mm,OK,--,8:39:59 PM,6/20/2025,
1634,29.5,gf,1.185,mm,OK,--,8:39:59 PM,6/20/2025,
1635,29.6,gf,1.180,mm,OK,--,8:39:59 PM,6/20/2025,
1636,29.7,gf,1.170,mm,OK,--,8:39:59 PM,6/20/2025,
1637,30.0,gf,1.165,mm,OK,--,8:39:59 PM,6/20/2025,
1638,30.2,gf,1.160,mm,OK,--,8:39:59 PM,6/20/2025,
1639,30.3,gf,1.150,mm,OK,--,8:39:59 PM,6/20/2025,
1640,30.4,gf,1.145,mm,OK,--,8:39:59 PM,6/20/2025,
1641,30.4,gf,1.140,mm,OK,--,8:39:59 PM,6/20/2025,
1642,30.4,gf,1.135,mm,OK,--,8:39:59 PM,6/20/2025,
1643,30.5,gf,1.125,mm,OK,--,8:40:00 PM,6/20/2025,
1644,30.7,gf,1.120,mm,OK,--,8:40:00 PM,6/20/2025,
1645,30.9,gf,1.115,mm,OK,--,8:40:00 PM,6/20/2025,
1646,31.2,gf,1.110,mm,OK,--,8:40:00 PM,6/20/2025,
1647,31.2,gf,1.105,mm,OK,--,8:40:00 PM,6/20/2025,
1648,31.4,gf,1.100,mm,OK,--,8:40:00 PM,6/20/2025,
1649,31.4,gf,1.095,mm,OK,--,8:40:00 PM,6/20/2025,
1650,31.4,gf,1.095,mm,OK,--,8:40:00 PM,6/20/2025,
1651,31.5,gf,1.090,mm,OK,--,8:40:00 PM,6/20/2025,
1652,31.6,gf,1.085,mm,OK,--,8:40:00 PM,6/20/2025,
1653,31.5,gf,1.080,mm,OK,--,8:40:01 PM,6/20/2025,
1654,31.5,gf,1.070,mm,OK,--,8:40:01 PM,6/20/2025,
1655,31.8,gf,1.065,mm,OK,--,8:40:01 PM,6/20/2025,
1656,32.0,gf,1.060,mm,OK,--,8:40:01 PM,6/20/2025,
1657,32.2,gf,1.060,mm,OK,--,8:40:01 PM,6/20/2025,
1658,32.2,gf,1.055,mm,OK,--,8:40:01 PM,6/20/2025,
1659,32.4,gf,1.050,mm,OK,--,8:40:01 PM,6/20/2025,
1660,32.5,gf,1.050,mm,OK,--,8:40:01 PM,6/20/2025,
1661,32.7,gf,1.045,mm,OK,--,8:40:01 PM,6/20/2025,
1662,32.9,gf,1.045,mm,OK,--,8:40:01 PM,6/20/2025,
1663,33.0,gf,1.040,mm,OK,--,8:40:02 PM,6/20/2025,
1664,32.7,gf,1.040,mm,OK,--,8:40:02 PM,6/20/2025,
1665,32.3,gf,1.035,mm,OK,--,8:40:02 PM,6/20/2025,
1666,32.6,gf,1.035,mm,OK,--,8:40:02 PM,6/20/2025,
1667,32.8,gf,1.030,mm,OK,--,8:40:02 PM,6/20/2025,
1668,33.0,gf,1.025,mm,OK,--,8:40:02 PM,6/20/2025,
1669,32.9,gf,1.025,mm,OK,--,8:40:02 PM,6/20/2025,
1670,33.1,gf,1.020,mm,OK,--,8:40:02 PM,6/20/2025,
1671,33.4,gf,1.020,mm,OK,--,8:40:02 PM,6/20/2025,
1672,33.6,gf,1.020,mm,OK,--,8:40:02 PM,6/20/2025,
1673,33.5,gf,1.015,mm,OK,--,8:40:03 PM,6/20/2025,
1674,33.3,gf,1.015,mm,OK,--,8:40:03 PM,6/20/2025,
1675,33.3,gf,1.010,mm,OK,--,8:40:03 PM,6/20/2025,
1676,33.3,gf,1.010,mm,OK,--,8:40:03 PM,6/20/2025,
1677,33.1,gf,1.005,mm,OK,--,8:40:03 PM,6/20/2025,
1678,32.9,gf,1.005,mm,OK,--,8:40:03 PM,6/20/2025,
1679,33.1,gf,1.000,mm,OK,--,8:40:03 PM,6/20/2025,
1680,33.3,gf,0.995,mm,OK,--,8:40:03 PM,6/20/2025,
1681,33.4,gf,0.990,mm,OK,--,8:40:03 PM,6/20/2025,
1682,33.5,gf,0.990,mm,OK,--,8:40:03 PM,6/20/2025,
1683,33.4,gf,0.985,mm,OK,--,8:40:04 PM,6/20/2025,
1684,33.6,gf,0.980,mm,OK,--,8:40:04 PM,6/20/2025,
1685,33.9,gf,0.980,mm,OK,--,8:40:04 PM,6/20/2025,
1686,33.8,gf,0.975,mm,OK,--,8:40:04 PM,6/20/2025,
1687,34.3,gf,0.975,mm,OK,--,8:40:04 PM,6/20/2025,
1688,34.3,gf,0.970,mm,OK,--,8:40:04 PM,6/20/2025,
1689,34.2,gf,0.970,mm,OK,--,8:40:04 PM,6/20/2025,
1690,34.1,gf,0.965,mm,OK,--,8:40:04 PM,6/20/2025,
1691,33.6,gf,0.960,mm,OK,--,8:40:04 PM,6/20/2025,
1692,33.7,gf,0.955,mm,OK,--,8:40:04 PM,6/20/2025,
1693,34.0,gf,0.950,mm,OK,--,8:40:05 PM,6/20/2025,
1694,34.1,gf,0.945,mm,OK,--,8:40:05 PM,6/20/2025,
1695,34.5,gf,0.940,mm,OK,--,8:40:05 PM,6/20/2025,
1696,34.9,gf,0.935,mm,OK,--,8:40:05 PM,6/20/2025,
1697,35.3,gf,0.930,mm,OK,--,8:40:05 PM,6/20/2025,
1698,35.2,gf,0.925,mm,OK,--,8:40:05 PM,6/20/2025,
1699,35.2,gf,0.920,mm,OK,--,8:40:05 PM,6/20/2025,
1700,35.4,gf,0.920,mm,OK,--,8:40:05 PM,6/20/2025,
1701,35.4,gf,0.915,mm,OK,--,8:40:05 PM,6/20/2025,
1702,35.2,gf,0.910,mm,OK,--,8:40:05 PM,6/20/2025,
1703,34.4,gf,0.900,mm,OK,--,8:40:06 PM,6/20/2025,
1704,35.2,gf,0.890,mm,OK,--,8:40:06 PM,6/20/2025,
1705,35.8,gf,0.885,mm,OK,--,8:40:06 PM,6/20/2025,
1706,36.2,gf,0.880,mm,OK,--,8:40:06 PM,6/20/2025,
1707,36.3,gf,0.875,mm,OK,--,8:40:06 PM,6/20/2025,
1708,36.3,gf,0.870,mm,OK,--,8:40:06 PM,6/20/2025,
1709,36.4,gf,0.865,mm,OK,--,8:40:06 PM,6/20/2025,
1710,36.6,gf,0.860,mm,OK,--,8:40:06 PM,6/20/2025,
1711,36.4,gf,0.855,mm,OK,--,8:40:06 PM,6/20/2025,
1712,36.6,gf,0.850,mm,OK,--,8:40:06 PM,6/20/2025,
1713,36.7,gf,0.845,mm,OK,--,8:40:07 PM,6/20/2025,
1714,36.8,gf,0.835,mm,OK,--,8:40:07 PM,6/20/2025,
1715,37.5,gf,0.830,mm,OK,--,8:40:07 PM,6/20/2025,
1716,37.4,gf,0.830,mm,OK,--,8:40:07 PM,6/20/2025,
1717,37.5,gf,0.825,mm,OK,--,8:40:07 PM,6/20/2025,
1718,37.4,gf,0.820,mm,OK,--,8:40:07 PM,6/20/2025,
1719,37.7,gf,0.815,mm,OK,--,8:40:07 PM,6/20/2025,
1720,37.6,gf,0.810,mm,OK,--,8:40:07 PM,6/20/2025,
1721,37.9,gf,0.805,mm,OK,--,8:40:07 PM,6/20/2025,
1722,38.0,gf,0.805,mm,OK,--,8:40:07 PM,6/20/2025,
1723,38.1,gf,0.800,mm,OK,--,8:40:08 PM,6/20/2025,
1724,38.1,gf,0.795,mm,OK,--,8:40:08 PM,6/20/2025,
1725,38.1,gf,0.795,mm,OK,--,8:40:08 PM,6/20/2025,
1726,38.4,gf,0.790,mm,OK,--,8:40:08 PM,6/20/2025,
1727,38.4,gf,0.790,mm,OK,--,8:40:08 PM,6/20/2025,
1728,38.4,gf,0.785,mm,OK,--,8:40:08 PM,6/20/2025,
1729,37.9,gf,0.780,mm,OK,--,8:40:08 PM,6/20/2025,
1730,38.1,gf,0.775,mm,OK,--,8:40:08 PM,6/20/2025,
1731,38.7,gf,0.770,mm,OK,--,8:40:08 PM,6/20/2025,
1732,39.0,gf,0.765,mm,OK,--,8:40:08 PM,6/20/2025,
1733,39.1,gf,0.765,mm,OK,--,8:40:09 PM,6/20/2025,
1734,39.0,gf,0.760,mm,OK,--,8:40:09 PM,6/20/2025,
1735,38.7,gf,0.755,mm,OK,--,8:40:09 PM,6/20/2025,
1736,39.0,gf,0.750,mm,OK,--,8:40:09 PM,6/20/2025,
1737,39.4,gf,0.745,mm,OK,--,8:40:09 PM,6/20/2025,
1738,39.7,gf,0.740,mm,OK,--,8:40:09 PM,6/20/2025,
1739,39.8,gf,0.740,mm,OK,--,8:40:09 PM,6/20/2025,
1740,39.9,gf,0.735,mm,OK,--,8:40:09 PM,6/20/2025,
1741,39.8,gf,0.735,mm,OK,--,8:40:09 PM,6/20/2025,
1742,39.8,gf,0.730,mm,OK,--,8:40:09 PM,6/20/2025,
1743,40.1,gf,0.725,mm,OK,--,8:40:10 PM,6/20/2025,
1744,40.2,gf,0.725,mm,OK,--,8:40:10 PM,6/20/2025,
1745,40.2,gf,0.720,mm,OK,--,8:40:10 PM,6/20/2025,
1746,40.2,gf,0.720,mm,OK,--,8:40:10 PM,6/20/2025,
1747,40.2,gf,0.715,mm,OK,--,8:40:10 PM,6/20/2025,
1748,40.3,gf,0.710,mm,OK,--,8:40:10 PM,6/20/2025,
1749,40.4,gf,0.710,mm,OK,--,8:40:10 PM,6/20/2025,
1750,40.3,gf,0.705,mm,OK,--,8:40:10 PM,6/20/2025,
1751,40.3,gf,0.695,mm,OK,--,8:40:10 PM,6/20/2025,
1752,40.3,gf,0.690,mm,OK,--,8:40:10 PM,6/20/2025,
1753,40.9,gf,0.680,mm,OK,--,8:40:11 PM,6/20/2025,
1754,41.6,gf,0.680,mm,OK,--,8:40:11 PM,6/20/2025,
1755,41.5,gf,0.675,mm,OK,--,8:40:11 PM,6/20/2025,
1756,41.7,gf,0.670,mm,OK,--,8:40:11 PM,6/20/2025,
1757,41.5,gf,0.670,mm,OK,--,8:40:11 PM,6/20/2025,
1758,41.5,gf,0.665,mm,OK,--,8:40:11 PM,6/20/2025,
1759,41.6,gf,0.660,mm,OK,--,8:40:11 PM,6/20/2025,
1760,41.8,gf,0.660,mm,OK,--,8:40:11 PM,6/20/2025,
1761,41.7,gf,0.655,mm,OK,--,8:40:11 PM,6/20/2025,
1762,41.7,gf,0.650,mm,OK,--,8:40:11 PM,6/20/2025,
1763,41.6,gf,0.645,mm,OK,--,8:40:12 PM,6/20/2025,
1764,41.9,gf,0.640,mm,OK,--,8:40:12 PM,6/20/2025,
1765,41.6,gf,0.630,mm,OK,--,8:40:12 PM,6/20/2025,
1766,42.1,gf,0.625,mm,OK,--,8:40:12 PM,6/20/2025,
1767,42.3,gf,0.620,mm,OK,--,8:40:12 PM,6/20/2025,
1768,42.3,gf,0.610,mm,OK,--,8:40:12 PM,6/20/2025,
1769,42.5,gf,0.605,mm,OK,--,8:40:12 PM,6/20/2025,
1770,42.4,gf,0.600,mm,OK,--,8:40:12 PM,6/20/2025,
1771,42.4,gf,0.590,mm,OK,--,8:40:12 PM,6/20/2025,
1772,42.8,gf,0.585,mm,OK,--,8:40:12 PM,6/20/2025,
1773,42.7,gf,0.580,mm,OK,--,8:40:13 PM,6/20/2025,
1774,43.2,gf,0.570,mm,OK,--,8:40:13 PM,6/20/2025,
1775,43.4,gf,0.565,mm,OK,--,8:40:13 PM,6/20/2025,
1776,43.6,gf,0.565,mm,OK,--,8:40:13 PM,6/20/2025,
1777,44.0,gf,0.560,mm,OK,--,8:40:13 PM,6/20/2025,
1778,43.3,gf,0.555,mm,OK,--,8:40:13 PM,6/20/2025,
1779,43.7,gf,0.550,mm,OK,--,8:40:13 PM,6/20/2025,
1780,44.1,gf,0.550,mm,OK,--,8:40:13 PM,6/20/2025,
1781,43.2,gf,0.545,mm,OK,--,8:40:13 PM,6/20/2025,
1782,43.5,gf,0.535,mm,OK,--,8:40:13 PM,6/20/2025,
1783,43.6,gf,0.530,mm,OK,--,8:40:14 PM,6/20/2025,
1784,43.5,gf,0.525,mm,OK,--,8:40:14 PM,6/20/2025,
1785,43.7,gf,0.515,mm,OK,--,8:40:14 PM,6/20/2025,
1786,43.8,gf,0.510,mm,OK,--,8:40:14 PM,6/20/2025,
1787,43.4,gf,0.500,mm,OK,--,8:40:14 PM,6/20/2025,
1788,43.8,gf,0.485,mm,OK,--,8:40:14 PM,6/20/2025,
1789,44.4,gf,0.475,mm,OK,--,8:40:14 PM,6/20/2025,
1790,44.7,gf,0.465,mm,OK,--,8:40:14 PM,6/20/2025,
1791,44.7,gf,0.455,mm,OK,--,8:40:14 PM,6/20/2025,
1792,44.6,gf,0.445,mm,OK,--,8:40:14 PM,6/20/2025,
1793,44.9,gf,0.430,mm,OK,--,8:40:15 PM,6/20/2025,
1794,45.6,gf,0.420,mm,OK,--,8:40:15 PM,6/20/2025,
1795,45.9,gf,0.410,mm,OK,--,8:40:15 PM,6/20/2025,
1796,45.9,gf,0.405,mm,OK,--,8:40:15 PM,6/20/2025,
1797,45.6,gf,0.400,mm,OK,--,8:40:15 PM,6/20/2025,
1798,45.6,gf,0.395,mm,OK,--,8:40:15 PM,6/20/2025,
1799,45.4,gf,0.395,mm,OK,--,8:40:15 PM,6/20/2025,
1800,44.7,gf,0.390,mm,OK,--,8:40:15 PM,6/20/2025,
1801,43.2,gf,0.385,mm,OK,--,8:40:15 PM,6/20/2025,
1802,41.4,gf,0.385,mm,OK,--,8:40:15 PM,6/20/2025,
1803,39.3,gf,0.380,mm,OK,--,8:40:16 PM,6/20/2025,
1804,37.3,gf,0.380,mm,OK,--,8:40:16 PM,6/20/2025,
1805,35.3,gf,0.375,mm,OK,--,8:40:16 PM,6/20/2025,
1806,33.6,gf,0.370,mm,OK,--,8:40:16 PM,6/20/2025,
1807,32.1,gf,0.370,mm,OK,--,8:40:16 PM,6/20/2025,
1808,30.1,gf,0.365,mm,OK,--,8:40:16 PM,6/20/2025,
1809,27.8,gf,0.360,mm,OK,--,8:40:16 PM,6/20/2025,
1810,27.1,gf,0.355,mm,OK,--,8:40:16 PM,6/20/2025,
1811,26.6,gf,0.350,mm,OK,--,8:40:16 PM,6/20/2025,
1812,26.0,gf,0.350,mm,OK,--,8:40:16 PM,6/20/2025,
1813,25.5,gf,0.345,mm,OK,--,8:40:17 PM,6/20/2025,
1814,25.0,gf,0.340,mm,OK,--,8:40:17 PM,6/20/2025,
1815,25.1,gf,0.340,mm,OK,--,8:40:17 PM,6/20/2025,
1816,25.2,gf,0.335,mm,OK,--,8:40:17 PM,6/20/2025,
1817,25.1,gf,0.335,mm,OK,--,8:40:17 PM,6/20/2025,
1818,23.9,gf,0.330,mm,OK,--,8:40:17 PM,6/20/2025,
1819,22.1,gf,0.330,mm,OK,--,8:40:17 PM,6/20/2025,
1820,20.2,gf,0.325,mm,OK,--,8:40:17 PM,6/20/2025,
1821,18.4,gf,0.325,mm,OK,--,8:40:17 PM,6/20/2025,
1822,16.1,gf,0.325,mm,OK,--,8:40:17 PM,6/20/2025,
1823,13.8,gf,0.320,mm,OK,--,8:40:18 PM,6/20/2025,
1824,11.2,gf,0.315,mm,OK,--,8:40:18 PM,6/20/2025,
1825,8.6,gf,0.315,mm,OK,--,8:40:18 PM,6/20/2025,
1826,6.0,gf,0.310,mm,OK,--,8:40:18 PM,6/20/2025,
1827,3.2,gf,0.310,mm,OK,--,8:40:18 PM,6/20/2025,
1828,0.1,gf,0.305,mm,OK,--,8:40:18 PM,6/20/2025,
1829,0.1,gf,0.295,mm,OK,--,8:40:18 PM,6/20/2025,
1830,0.0,gf,0.290,mm,OK,--,8:40:18 PM,6/20/2025,
1831,0.0,gf,0.285,mm,OK,--,8:40:18 PM,6/20/2025,
1832,0.1,gf,0.285,mm,OK,--,8:40:18 PM,6/20/2025,
1833,0.0,gf,0.280,mm,OK,--,8:40:19 PM,6/20/2025,
1834,0.1,gf,0.275,mm,OK,--,8:40:19 PM,6/20/2025,
1835,0.0,gf,0.270,mm,OK,--,8:40:19 PM,6/20/2025,
1836,0.0,gf,0.265,mm,OK,--,8:40:19 PM,6/20/2025,
1837,0.0,gf,0.260,mm,OK,--,8:40:19 PM,6/20/2025,
1838,0.0,gf,0.255,mm,OK,--,8:40:19 PM,6/20/2025,
1839,0.0,gf,0.245,mm,OK,--,8:40:19 PM,6/20/2025,
1840,0.0,gf,0.235,mm,OK,--,8:40:19 PM,6/20/2025,
1841,0.0,gf,0.225,mm,OK,--,8:40:19 PM,6/20/2025,
1842,0.0,gf,0.220,mm,OK,--,8:40:19 PM,6/20/2025,
1843,0.1,gf,0.210,mm,OK,--,8:40:20 PM,6/20/2025,
1844,0.0,gf,0.190,mm,OK,--,8:40:20 PM,6/20/2025,
1845,0.0,gf,0.170,mm,OK,--,8:40:20 PM,6/20/2025,
1846,0.0,gf,0.145,mm,OK,--,8:40:20 PM,6/20/2025,
1847,0.0,gf,0.115,mm,OK,--,8:40:20 PM,6/20/2025,
1848,0.0,gf,0.090,mm,OK,--,8:40:20 PM,6/20/2025,
1849,0.0,gf,0.075,mm,OK,--,8:40:20 PM,6/20/2025,
1850,0.0,gf,0.060,mm,OK,--,8:40:20 PM,6/20/2025,
1851,0.0,gf,0.045,mm,OK,--,8:40:20 PM,6/20/2025,
1852,0.0,gf,0.030,mm,OK,--,8:40:20 PM,6/20/2025,
1853,0.0,gf,0.015,mm,OK,--,8:40:21 PM,6/20/2025,
1854,0.0,gf,0.010,mm,OK,--,8:40:21 PM,6/20/2025,
1855,0.0,gf,0.005,mm,OK,--,8:40:21 PM,6/20/2025,
1856,0.0,gf,-0.005,mm,OK,--,8:40:21 PM,6/20/2025,
1857,0.0,gf,-0.015,mm,OK,--,8:40:21 PM,6/20/2025,
1858,0.0,gf,-0.015,mm,OK,--,8:40:21 PM,6/20/2025,
1859,0.0,gf,-0.020,mm,OK,--,8:40:21 PM,6/20/2025,
1860,0.0,gf,-0.020,mm,OK,--,8:40:21 PM,6/20/2025,
1861,0.1,gf,-0.020,mm,OK,--,8:40:21 PM,6/20/2025,
1862,0.1,gf,-0.020,mm,OK,--,8:40:21 PM,6/20/2025,
1863,0.0,gf,-0.020,mm,OK,--,8:40:22 PM,6/20/2025,
1864,0.0,gf,-0.020,mm,OK,--,8:40:22 PM,6/20/2025,
1865,0.0,gf,-0.020,mm,OK,--,8:40:22 PM,6/20/2025,
1866,0.2,gf,-0.020,mm,OK,--,8:40:22 PM,6/20/2025,
1867,0.1,gf,-0.015,mm,OK,--,8:40:22 PM,6/20/2025,
1868,0.1,gf,-0.015,mm,OK,--,8:40:22 PM,6/20/2025,
1869,0.0,gf,-0.015,mm,OK,--,8:40:22 PM,6/20/2025,
1870,0.0,gf,-0.015,mm,OK,--,8:40:22 PM,6/20/2025,
1871,0.0,gf,-0.010,mm,OK,--,8:40:22 PM,6/20/2025,
1872,0.0,gf,-0.010,mm,OK,--,8:40:22 PM,6/20/2025,
1873,0.0,gf,-0.010,mm,OK,--,8:40:23 PM,6/20/2025,
1874,0.0,gf,-0.010,mm,OK,--,8:40:23 PM,6/20/2025,
1875,0.0,gf,-0.010,mm,OK,--,8:40:23 PM,6/20/2025,
1876,0.0,gf,-0.005,mm,OK,--,8:40:23 PM,6/20/2025,
1877,0.0,gf,-0.005,mm,OK,--,8:40:23 PM,6/20/2025,
1878,0.0,gf,-0.005,mm,OK,--,8:40:23 PM,6/20/2025,
1879,0.0,gf,-0.005,mm,OK,--,8:40:23 PM,6/20/2025,
1880,0.0,gf,-0.005,mm,OK,--,8:40:23 PM,6/20/2025,
1881,0.0,gf,-0.005,mm,OK,--,8:40:23 PM,6/20/2025,
1882,0.0,gf,-0.005,mm,OK,--,8:40:23 PM,6/20/2025,
