Maximum,196.2,@,No.925,,,,,,
Minimum,0.0,@,No.1,,,,,,
Average,60.78,,,,,,,,
Data Quantity,1811,,,,,,,,
Number of NG,0,,,,,,,,
No.,Force,Unit,Displacement,Unit,Judge,Position,Time,Date,
1,0.0,gf,0.000,mm,OK,--,9:29:53 PM,3/2/2025,
2,0.0,gf,0.000,mm,OK,--,9:29:53 PM,3/2/2025,
3,0.0,gf,0.000,mm,OK,--,9:29:53 PM,3/2/2025,
4,0.0,gf,0.000,mm,OK,--,9:29:54 PM,3/2/2025,
5,0.0,gf,0.000,mm,OK,--,9:29:54 PM,3/2/2025,
6,0.0,gf,0.000,mm,OK,--,9:29:54 PM,3/2/2025,
7,0.0,gf,0.000,mm,OK,--,9:29:54 PM,3/2/2025,
8,0.0,gf,0.000,mm,OK,--,9:29:54 PM,3/2/2025,
9,0.0,gf,0.000,mm,OK,--,9:29:54 PM,3/2/2025,
10,0.0,gf,0.000,mm,OK,--,9:29:54 PM,3/2/2025,
11,0.0,gf,0.000,mm,OK,--,9:29:54 PM,3/2/2025,
12,0.0,gf,0.000,mm,OK,--,9:29:54 PM,3/2/2025,
13,0.0,gf,0.000,mm,OK,--,9:29:54 PM,3/2/2025,
14,0.0,gf,0.000,mm,OK,--,9:29:55 PM,3/2/2025,
15,0.0,gf,0.000,mm,OK,--,9:29:55 PM,3/2/2025,
16,0.0,gf,0.000,mm,OK,--,9:29:55 PM,3/2/2025,
17,0.0,gf,0.000,mm,OK,--,9:29:55 PM,3/2/2025,
18,0.0,gf,0.000,mm,OK,--,9:29:55 PM,3/2/2025,
19,0.0,gf,0.000,mm,OK,--,9:29:55 PM,3/2/2025,
20,0.0,gf,0.000,mm,OK,--,9:29:55 PM,3/2/2025,
21,0.0,gf,0.000,mm,OK,--,9:29:55 PM,3/2/2025,
22,0.0,gf,0.000,mm,OK,--,9:29:55 PM,3/2/2025,
23,0.0,gf,0.000,mm,OK,--,9:29:55 PM,3/2/2025,
24,0.0,gf,0.000,mm,OK,--,9:29:56 PM,3/2/2025,
25,0.0,gf,0.005,mm,OK,--,9:29:56 PM,3/2/2025,
26,0.0,gf,0.005,mm,OK,--,9:29:56 PM,3/2/2025,
27,0.0,gf,0.005,mm,OK,--,9:29:56 PM,3/2/2025,
28,0.0,gf,0.010,mm,OK,--,9:29:56 PM,3/2/2025,
29,0.0,gf,0.015,mm,OK,--,9:29:56 PM,3/2/2025,
30,0.0,gf,0.015,mm,OK,--,9:29:56 PM,3/2/2025,
31,0.0,gf,0.020,mm,OK,--,9:29:56 PM,3/2/2025,
32,0.0,gf,0.025,mm,OK,--,9:29:56 PM,3/2/2025,
33,0.0,gf,0.030,mm,OK,--,9:29:56 PM,3/2/2025,
34,0.0,gf,0.030,mm,OK,--,9:29:57 PM,3/2/2025,
35,0.0,gf,0.035,mm,OK,--,9:29:57 PM,3/2/2025,
36,0.0,gf,0.035,mm,OK,--,9:29:57 PM,3/2/2025,
37,0.0,gf,0.040,mm,OK,--,9:29:57 PM,3/2/2025,
38,0.0,gf,0.045,mm,OK,--,9:29:57 PM,3/2/2025,
39,1.5,gf,0.045,mm,OK,--,9:29:57 PM,3/2/2025,
40,4.1,gf,0.050,mm,OK,--,9:29:57 PM,3/2/2025,
41,7.4,gf,0.060,mm,OK,--,9:29:57 PM,3/2/2025,
42,11.7,gf,0.065,mm,OK,--,9:29:57 PM,3/2/2025,
43,16.4,gf,0.070,mm,OK,--,9:29:57 PM,3/2/2025,
44,20.1,gf,0.075,mm,OK,--,9:29:58 PM,3/2/2025,
45,24.2,gf,0.075,mm,OK,--,9:29:58 PM,3/2/2025,
46,28.8,gf,0.085,mm,OK,--,9:29:58 PM,3/2/2025,
47,33.5,gf,0.085,mm,OK,--,9:29:58 PM,3/2/2025,
48,37.8,gf,0.090,mm,OK,--,9:29:58 PM,3/2/2025,
49,42.0,gf,0.095,mm,OK,--,9:29:58 PM,3/2/2025,
50,46.1,gf,0.100,mm,OK,--,9:29:58 PM,3/2/2025,
51,49.7,gf,0.105,mm,OK,--,9:29:58 PM,3/2/2025,
52,53.3,gf,0.105,mm,OK,--,9:29:58 PM,3/2/2025,
53,56.5,gf,0.110,mm,OK,--,9:29:58 PM,3/2/2025,
54,59.6,gf,0.115,mm,OK,--,9:29:59 PM,3/2/2025,
55,61.9,gf,0.115,mm,OK,--,9:29:59 PM,3/2/2025,
56,62.4,gf,0.120,mm,OK,--,9:29:59 PM,3/2/2025,
57,63.0,gf,0.120,mm,OK,--,9:29:59 PM,3/2/2025,
58,63.0,gf,0.120,mm,OK,--,9:29:59 PM,3/2/2025,
59,62.1,gf,0.125,mm,OK,--,9:29:59 PM,3/2/2025,
60,62.0,gf,0.125,mm,OK,--,9:29:59 PM,3/2/2025,
61,62.0,gf,0.125,mm,OK,--,9:29:59 PM,3/2/2025,
62,62.0,gf,0.125,mm,OK,--,9:29:59 PM,3/2/2025,
63,61.8,gf,0.130,mm,OK,--,9:29:59 PM,3/2/2025,
64,61.5,gf,0.130,mm,OK,--,9:30:00 PM,3/2/2025,
65,61.6,gf,0.130,mm,OK,--,9:30:00 PM,3/2/2025,
66,61.6,gf,0.130,mm,OK,--,9:30:00 PM,3/2/2025,
67,61.4,gf,0.135,mm,OK,--,9:30:00 PM,3/2/2025,
68,61.4,gf,0.135,mm,OK,--,9:30:00 PM,3/2/2025,
69,61.2,gf,0.135,mm,OK,--,9:30:00 PM,3/2/2025,
70,61.3,gf,0.135,mm,OK,--,9:30:00 PM,3/2/2025,
71,61.5,gf,0.135,mm,OK,--,9:30:00 PM,3/2/2025,
72,61.6,gf,0.135,mm,OK,--,9:30:00 PM,3/2/2025,
73,61.6,gf,0.140,mm,OK,--,9:30:00 PM,3/2/2025,
74,61.9,gf,0.140,mm,OK,--,9:30:01 PM,3/2/2025,
75,62.2,gf,0.140,mm,OK,--,9:30:01 PM,3/2/2025,
76,62.0,gf,0.145,mm,OK,--,9:30:01 PM,3/2/2025,
77,62.0,gf,0.145,mm,OK,--,9:30:01 PM,3/2/2025,
78,61.9,gf,0.150,mm,OK,--,9:30:01 PM,3/2/2025,
79,61.5,gf,0.155,mm,OK,--,9:30:01 PM,3/2/2025,
80,61.2,gf,0.155,mm,OK,--,9:30:01 PM,3/2/2025,
81,61.1,gf,0.160,mm,OK,--,9:30:01 PM,3/2/2025,
82,61.6,gf,0.165,mm,OK,--,9:30:01 PM,3/2/2025,
83,61.2,gf,0.170,mm,OK,--,9:30:01 PM,3/2/2025,
84,61.2,gf,0.175,mm,OK,--,9:30:02 PM,3/2/2025,
85,61.3,gf,0.180,mm,OK,--,9:30:02 PM,3/2/2025,
86,61.4,gf,0.185,mm,OK,--,9:30:02 PM,3/2/2025,
87,61.4,gf,0.195,mm,OK,--,9:30:02 PM,3/2/2025,
88,61.6,gf,0.205,mm,OK,--,9:30:02 PM,3/2/2025,
89,61.5,gf,0.215,mm,OK,--,9:30:02 PM,3/2/2025,
90,61.4,gf,0.225,mm,OK,--,9:30:02 PM,3/2/2025,
91,60.7,gf,0.230,mm,OK,--,9:30:02 PM,3/2/2025,
92,60.0,gf,0.240,mm,OK,--,9:30:02 PM,3/2/2025,
93,59.7,gf,0.245,mm,OK,--,9:30:02 PM,3/2/2025,
94,59.7,gf,0.255,mm,OK,--,9:30:03 PM,3/2/2025,
95,59.6,gf,0.260,mm,OK,--,9:30:03 PM,3/2/2025,
96,59.8,gf,0.265,mm,OK,--,9:30:03 PM,3/2/2025,
97,59.9,gf,0.270,mm,OK,--,9:30:03 PM,3/2/2025,
98,59.6,gf,0.270,mm,OK,--,9:30:03 PM,3/2/2025,
99,59.5,gf,0.275,mm,OK,--,9:30:03 PM,3/2/2025,
100,59.4,gf,0.280,mm,OK,--,9:30:03 PM,3/2/2025,
101,59.4,gf,0.280,mm,OK,--,9:30:03 PM,3/2/2025,
102,59.4,gf,0.285,mm,OK,--,9:30:03 PM,3/2/2025,
103,59.3,gf,0.290,mm,OK,--,9:30:03 PM,3/2/2025,
104,59.2,gf,0.290,mm,OK,--,9:30:04 PM,3/2/2025,
105,59.1,gf,0.295,mm,OK,--,9:30:04 PM,3/2/2025,
106,59.4,gf,0.295,mm,OK,--,9:30:04 PM,3/2/2025,
107,59.6,gf,0.300,mm,OK,--,9:30:04 PM,3/2/2025,
108,59.3,gf,0.300,mm,OK,--,9:30:04 PM,3/2/2025,
109,59.4,gf,0.305,mm,OK,--,9:30:04 PM,3/2/2025,
110,59.6,gf,0.305,mm,OK,--,9:30:04 PM,3/2/2025,
111,59.6,gf,0.310,mm,OK,--,9:30:04 PM,3/2/2025,
112,59.4,gf,0.310,mm,OK,--,9:30:04 PM,3/2/2025,
113,59.4,gf,0.315,mm,OK,--,9:30:04 PM,3/2/2025,
114,59.5,gf,0.320,mm,OK,--,9:30:05 PM,3/2/2025,
115,59.5,gf,0.325,mm,OK,--,9:30:05 PM,3/2/2025,
116,59.6,gf,0.325,mm,OK,--,9:30:05 PM,3/2/2025,
117,59.6,gf,0.330,mm,OK,--,9:30:05 PM,3/2/2025,
118,59.4,gf,0.340,mm,OK,--,9:30:05 PM,3/2/2025,
119,59.2,gf,0.345,mm,OK,--,9:30:05 PM,3/2/2025,
120,59.3,gf,0.345,mm,OK,--,9:30:05 PM,3/2/2025,
121,59.8,gf,0.355,mm,OK,--,9:30:05 PM,3/2/2025,
122,59.2,gf,0.370,mm,OK,--,9:30:05 PM,3/2/2025,
123,58.9,gf,0.375,mm,OK,--,9:30:05 PM,3/2/2025,
124,59.1,gf,0.385,mm,OK,--,9:30:06 PM,3/2/2025,
125,59.0,gf,0.390,mm,OK,--,9:30:06 PM,3/2/2025,
126,58.8,gf,0.395,mm,OK,--,9:30:06 PM,3/2/2025,
127,59.0,gf,0.405,mm,OK,--,9:30:06 PM,3/2/2025,
128,58.4,gf,0.410,mm,OK,--,9:30:06 PM,3/2/2025,
129,58.5,gf,0.410,mm,OK,--,9:30:06 PM,3/2/2025,
130,58.2,gf,0.415,mm,OK,--,9:30:06 PM,3/2/2025,
131,58.9,gf,0.420,mm,OK,--,9:30:06 PM,3/2/2025,
132,59.0,gf,0.425,mm,OK,--,9:30:06 PM,3/2/2025,
133,58.7,gf,0.430,mm,OK,--,9:30:06 PM,3/2/2025,
134,58.8,gf,0.435,mm,OK,--,9:30:07 PM,3/2/2025,
135,58.7,gf,0.440,mm,OK,--,9:30:07 PM,3/2/2025,
136,58.7,gf,0.445,mm,OK,--,9:30:07 PM,3/2/2025,
137,58.4,gf,0.450,mm,OK,--,9:30:07 PM,3/2/2025,
138,58.2,gf,0.455,mm,OK,--,9:30:07 PM,3/2/2025,
139,58.5,gf,0.460,mm,OK,--,9:30:07 PM,3/2/2025,
140,58.1,gf,0.465,mm,OK,--,9:30:07 PM,3/2/2025,
141,58.0,gf,0.470,mm,OK,--,9:30:07 PM,3/2/2025,
142,58.1,gf,0.475,mm,OK,--,9:30:07 PM,3/2/2025,
143,58.0,gf,0.480,mm,OK,--,9:30:07 PM,3/2/2025,
144,57.5,gf,0.485,mm,OK,--,9:30:08 PM,3/2/2025,
145,56.9,gf,0.485,mm,OK,--,9:30:08 PM,3/2/2025,
146,57.6,gf,0.485,mm,OK,--,9:30:08 PM,3/2/2025,
147,58.1,gf,0.490,mm,OK,--,9:30:08 PM,3/2/2025,
148,58.5,gf,0.495,mm,OK,--,9:30:08 PM,3/2/2025,
149,58.2,gf,0.505,mm,OK,--,9:30:08 PM,3/2/2025,
150,57.9,gf,0.510,mm,OK,--,9:30:08 PM,3/2/2025,
151,57.5,gf,0.515,mm,OK,--,9:30:08 PM,3/2/2025,
152,57.7,gf,0.520,mm,OK,--,9:30:08 PM,3/2/2025,
153,57.6,gf,0.525,mm,OK,--,9:30:08 PM,3/2/2025,
154,57.6,gf,0.530,mm,OK,--,9:30:09 PM,3/2/2025,
155,57.8,gf,0.535,mm,OK,--,9:30:09 PM,3/2/2025,
156,57.4,gf,0.535,mm,OK,--,9:30:09 PM,3/2/2025,
157,57.3,gf,0.540,mm,OK,--,9:30:09 PM,3/2/2025,
158,57.6,gf,0.545,mm,OK,--,9:30:09 PM,3/2/2025,
159,57.8,gf,0.550,mm,OK,--,9:30:09 PM,3/2/2025,
160,57.6,gf,0.555,mm,OK,--,9:30:09 PM,3/2/2025,
161,57.4,gf,0.565,mm,OK,--,9:30:09 PM,3/2/2025,
162,57.1,gf,0.570,mm,OK,--,9:30:09 PM,3/2/2025,
163,57.3,gf,0.575,mm,OK,--,9:30:09 PM,3/2/2025,
164,57.2,gf,0.580,mm,OK,--,9:30:10 PM,3/2/2025,
165,57.0,gf,0.585,mm,OK,--,9:30:10 PM,3/2/2025,
166,56.6,gf,0.590,mm,OK,--,9:30:10 PM,3/2/2025,
167,56.7,gf,0.590,mm,OK,--,9:30:10 PM,3/2/2025,
168,56.6,gf,0.590,mm,OK,--,9:30:10 PM,3/2/2025,
169,56.7,gf,0.595,mm,OK,--,9:30:10 PM,3/2/2025,
170,57.0,gf,0.600,mm,OK,--,9:30:10 PM,3/2/2025,
171,57.1,gf,0.600,mm,OK,--,9:30:10 PM,3/2/2025,
172,57.1,gf,0.605,mm,OK,--,9:30:10 PM,3/2/2025,
173,57.0,gf,0.610,mm,OK,--,9:30:10 PM,3/2/2025,
174,57.0,gf,0.615,mm,OK,--,9:30:11 PM,3/2/2025,
175,57.2,gf,0.620,mm,OK,--,9:30:11 PM,3/2/2025,
176,57.2,gf,0.625,mm,OK,--,9:30:11 PM,3/2/2025,
177,57.2,gf,0.630,mm,OK,--,9:30:11 PM,3/2/2025,
178,57.1,gf,0.640,mm,OK,--,9:30:11 PM,3/2/2025,
179,57.0,gf,0.645,mm,OK,--,9:30:11 PM,3/2/2025,
180,56.8,gf,0.655,mm,OK,--,9:30:11 PM,3/2/2025,
181,56.9,gf,0.665,mm,OK,--,9:30:11 PM,3/2/2025,
182,56.5,gf,0.675,mm,OK,--,9:30:11 PM,3/2/2025,
183,56.3,gf,0.680,mm,OK,--,9:30:11 PM,3/2/2025,
184,56.0,gf,0.690,mm,OK,--,9:30:12 PM,3/2/2025,
185,55.8,gf,0.700,mm,OK,--,9:30:12 PM,3/2/2025,
186,55.6,gf,0.705,mm,OK,--,9:30:12 PM,3/2/2025,
187,55.9,gf,0.710,mm,OK,--,9:30:12 PM,3/2/2025,
188,55.8,gf,0.720,mm,OK,--,9:30:12 PM,3/2/2025,
189,55.4,gf,0.725,mm,OK,--,9:30:12 PM,3/2/2025,
190,55.4,gf,0.730,mm,OK,--,9:30:12 PM,3/2/2025,
191,55.4,gf,0.740,mm,OK,--,9:30:12 PM,3/2/2025,
192,55.3,gf,0.745,mm,OK,--,9:30:12 PM,3/2/2025,
193,55.3,gf,0.750,mm,OK,--,9:30:12 PM,3/2/2025,
194,55.2,gf,0.755,mm,OK,--,9:30:13 PM,3/2/2025,
195,55.1,gf,0.765,mm,OK,--,9:30:13 PM,3/2/2025,
196,54.9,gf,0.770,mm,OK,--,9:30:13 PM,3/2/2025,
197,55.1,gf,0.775,mm,OK,--,9:30:13 PM,3/2/2025,
198,54.9,gf,0.780,mm,OK,--,9:30:13 PM,3/2/2025,
199,54.8,gf,0.785,mm,OK,--,9:30:13 PM,3/2/2025,
200,54.7,gf,0.790,mm,OK,--,9:30:13 PM,3/2/2025,
201,54.8,gf,0.800,mm,OK,--,9:30:13 PM,3/2/2025,
202,54.6,gf,0.805,mm,OK,--,9:30:13 PM,3/2/2025,
203,54.3,gf,0.810,mm,OK,--,9:30:13 PM,3/2/2025,
204,54.6,gf,0.815,mm,OK,--,9:30:14 PM,3/2/2025,
205,54.8,gf,0.820,mm,OK,--,9:30:14 PM,3/2/2025,
206,54.5,gf,0.825,mm,OK,--,9:30:14 PM,3/2/2025,
207,54.4,gf,0.830,mm,OK,--,9:30:14 PM,3/2/2025,
208,54.7,gf,0.840,mm,OK,--,9:30:14 PM,3/2/2025,
209,54.5,gf,0.845,mm,OK,--,9:30:14 PM,3/2/2025,
210,54.5,gf,0.850,mm,OK,--,9:30:14 PM,3/2/2025,
211,54.4,gf,0.855,mm,OK,--,9:30:14 PM,3/2/2025,
212,54.4,gf,0.865,mm,OK,--,9:30:14 PM,3/2/2025,
213,54.4,gf,0.870,mm,OK,--,9:30:14 PM,3/2/2025,
214,54.2,gf,0.880,mm,OK,--,9:30:15 PM,3/2/2025,
215,54.3,gf,0.885,mm,OK,--,9:30:15 PM,3/2/2025,
216,54.1,gf,0.895,mm,OK,--,9:30:15 PM,3/2/2025,
217,54.1,gf,0.905,mm,OK,--,9:30:15 PM,3/2/2025,
218,53.9,gf,0.915,mm,OK,--,9:30:15 PM,3/2/2025,
219,53.7,gf,0.925,mm,OK,--,9:30:15 PM,3/2/2025,
220,53.5,gf,0.930,mm,OK,--,9:30:15 PM,3/2/2025,
221,53.5,gf,0.940,mm,OK,--,9:30:15 PM,3/2/2025,
222,53.5,gf,0.950,mm,OK,--,9:30:15 PM,3/2/2025,
223,53.4,gf,0.960,mm,OK,--,9:30:15 PM,3/2/2025,
224,52.8,gf,0.965,mm,OK,--,9:30:16 PM,3/2/2025,
225,52.6,gf,0.975,mm,OK,--,9:30:16 PM,3/2/2025,
226,52.9,gf,0.980,mm,OK,--,9:30:16 PM,3/2/2025,
227,52.9,gf,0.990,mm,OK,--,9:30:16 PM,3/2/2025,
228,52.7,gf,1.000,mm,OK,--,9:30:16 PM,3/2/2025,
229,52.8,gf,1.005,mm,OK,--,9:30:16 PM,3/2/2025,
230,53.0,gf,1.015,mm,OK,--,9:30:16 PM,3/2/2025,
231,52.6,gf,1.020,mm,OK,--,9:30:16 PM,3/2/2025,
232,52.7,gf,1.030,mm,OK,--,9:30:16 PM,3/2/2025,
233,52.8,gf,1.035,mm,OK,--,9:30:16 PM,3/2/2025,
234,52.6,gf,1.045,mm,OK,--,9:30:17 PM,3/2/2025,
235,52.3,gf,1.050,mm,OK,--,9:30:17 PM,3/2/2025,
236,52.3,gf,1.055,mm,OK,--,9:30:17 PM,3/2/2025,
237,52.4,gf,1.060,mm,OK,--,9:30:17 PM,3/2/2025,
238,52.6,gf,1.065,mm,OK,--,9:30:17 PM,3/2/2025,
239,52.7,gf,1.070,mm,OK,--,9:30:17 PM,3/2/2025,
240,51.8,gf,1.075,mm,OK,--,9:30:17 PM,3/2/2025,
241,52.1,gf,1.080,mm,OK,--,9:30:17 PM,3/2/2025,
242,52.6,gf,1.085,mm,OK,--,9:30:17 PM,3/2/2025,
243,52.4,gf,1.095,mm,OK,--,9:30:17 PM,3/2/2025,
244,51.9,gf,1.100,mm,OK,--,9:30:18 PM,3/2/2025,
245,51.7,gf,1.110,mm,OK,--,9:30:18 PM,3/2/2025,
246,51.7,gf,1.115,mm,OK,--,9:30:18 PM,3/2/2025,
247,51.3,gf,1.125,mm,OK,--,9:30:18 PM,3/2/2025,
248,51.5,gf,1.130,mm,OK,--,9:30:18 PM,3/2/2025,
249,51.3,gf,1.140,mm,OK,--,9:30:18 PM,3/2/2025,
250,50.9,gf,1.145,mm,OK,--,9:30:18 PM,3/2/2025,
251,50.9,gf,1.150,mm,OK,--,9:30:18 PM,3/2/2025,
252,50.8,gf,1.160,mm,OK,--,9:30:18 PM,3/2/2025,
253,50.9,gf,1.165,mm,OK,--,9:30:18 PM,3/2/2025,
254,51.1,gf,1.170,mm,OK,--,9:30:19 PM,3/2/2025,
255,50.8,gf,1.175,mm,OK,--,9:30:19 PM,3/2/2025,
256,50.7,gf,1.180,mm,OK,--,9:30:19 PM,3/2/2025,
257,50.6,gf,1.185,mm,OK,--,9:30:19 PM,3/2/2025,
258,50.5,gf,1.190,mm,OK,--,9:30:19 PM,3/2/2025,
259,50.6,gf,1.195,mm,OK,--,9:30:19 PM,3/2/2025,
260,50.7,gf,1.205,mm,OK,--,9:30:19 PM,3/2/2025,
261,50.7,gf,1.210,mm,OK,--,9:30:19 PM,3/2/2025,
262,50.4,gf,1.215,mm,OK,--,9:30:19 PM,3/2/2025,
263,50.3,gf,1.220,mm,OK,--,9:30:19 PM,3/2/2025,
264,50.2,gf,1.225,mm,OK,--,9:30:20 PM,3/2/2025,
265,50.2,gf,1.230,mm,OK,--,9:30:20 PM,3/2/2025,
266,50.1,gf,1.235,mm,OK,--,9:30:20 PM,3/2/2025,
267,50.0,gf,1.245,mm,OK,--,9:30:20 PM,3/2/2025,
268,49.9,gf,1.245,mm,OK,--,9:30:20 PM,3/2/2025,
269,49.9,gf,1.250,mm,OK,--,9:30:20 PM,3/2/2025,
270,50.2,gf,1.255,mm,OK,--,9:30:20 PM,3/2/2025,
271,49.8,gf,1.260,mm,OK,--,9:30:20 PM,3/2/2025,
272,50.2,gf,1.270,mm,OK,--,9:30:20 PM,3/2/2025,
273,49.9,gf,1.275,mm,OK,--,9:30:20 PM,3/2/2025,
274,49.6,gf,1.285,mm,OK,--,9:30:21 PM,3/2/2025,
275,49.6,gf,1.290,mm,OK,--,9:30:21 PM,3/2/2025,
276,49.9,gf,1.295,mm,OK,--,9:30:21 PM,3/2/2025,
277,49.7,gf,1.300,mm,OK,--,9:30:21 PM,3/2/2025,
278,49.7,gf,1.305,mm,OK,--,9:30:21 PM,3/2/2025,
279,49.6,gf,1.310,mm,OK,--,9:30:21 PM,3/2/2025,
280,49.7,gf,1.315,mm,OK,--,9:30:21 PM,3/2/2025,
281,49.6,gf,1.320,mm,OK,--,9:30:21 PM,3/2/2025,
282,49.2,gf,1.330,mm,OK,--,9:30:21 PM,3/2/2025,
283,49.0,gf,1.335,mm,OK,--,9:30:21 PM,3/2/2025,
284,48.7,gf,1.340,mm,OK,--,9:30:22 PM,3/2/2025,
285,48.8,gf,1.345,mm,OK,--,9:30:22 PM,3/2/2025,
286,48.8,gf,1.350,mm,OK,--,9:30:22 PM,3/2/2025,
287,48.8,gf,1.355,mm,OK,--,9:30:22 PM,3/2/2025,
288,48.9,gf,1.365,mm,OK,--,9:30:22 PM,3/2/2025,
289,48.6,gf,1.370,mm,OK,--,9:30:22 PM,3/2/2025,
290,48.4,gf,1.375,mm,OK,--,9:30:22 PM,3/2/2025,
291,48.0,gf,1.385,mm,OK,--,9:30:22 PM,3/2/2025,
292,48.0,gf,1.390,mm,OK,--,9:30:22 PM,3/2/2025,
293,47.9,gf,1.395,mm,OK,--,9:30:22 PM,3/2/2025,
294,47.8,gf,1.400,mm,OK,--,9:30:23 PM,3/2/2025,
295,47.7,gf,1.400,mm,OK,--,9:30:23 PM,3/2/2025,
296,47.5,gf,1.405,mm,OK,--,9:30:23 PM,3/2/2025,
297,47.7,gf,1.410,mm,OK,--,9:30:23 PM,3/2/2025,
298,47.6,gf,1.415,mm,OK,--,9:30:23 PM,3/2/2025,
299,47.0,gf,1.415,mm,OK,--,9:30:23 PM,3/2/2025,
300,47.0,gf,1.420,mm,OK,--,9:30:23 PM,3/2/2025,
301,47.0,gf,1.420,mm,OK,--,9:30:23 PM,3/2/2025,
302,46.9,gf,1.420,mm,OK,--,9:30:23 PM,3/2/2025,
303,46.6,gf,1.420,mm,OK,--,9:30:23 PM,3/2/2025,
304,47.1,gf,1.425,mm,OK,--,9:30:24 PM,3/2/2025,
305,47.8,gf,1.425,mm,OK,--,9:30:24 PM,3/2/2025,
306,47.8,gf,1.430,mm,OK,--,9:30:24 PM,3/2/2025,
307,47.9,gf,1.435,mm,OK,--,9:30:24 PM,3/2/2025,
308,48.3,gf,1.440,mm,OK,--,9:30:24 PM,3/2/2025,
309,47.3,gf,1.445,mm,OK,--,9:30:24 PM,3/2/2025,
310,47.2,gf,1.450,mm,OK,--,9:30:24 PM,3/2/2025,
311,47.7,gf,1.455,mm,OK,--,9:30:24 PM,3/2/2025,
312,47.7,gf,1.460,mm,OK,--,9:30:24 PM,3/2/2025,
313,47.2,gf,1.470,mm,OK,--,9:30:24 PM,3/2/2025,
314,47.1,gf,1.475,mm,OK,--,9:30:25 PM,3/2/2025,
315,47.4,gf,1.485,mm,OK,--,9:30:25 PM,3/2/2025,
316,47.1,gf,1.500,mm,OK,--,9:30:25 PM,3/2/2025,
317,46.8,gf,1.510,mm,OK,--,9:30:25 PM,3/2/2025,
318,46.4,gf,1.525,mm,OK,--,9:30:25 PM,3/2/2025,
319,46.2,gf,1.535,mm,OK,--,9:30:25 PM,3/2/2025,
320,46.4,gf,1.540,mm,OK,--,9:30:25 PM,3/2/2025,
321,46.2,gf,1.555,mm,OK,--,9:30:25 PM,3/2/2025,
322,45.6,gf,1.565,mm,OK,--,9:30:25 PM,3/2/2025,
323,45.4,gf,1.570,mm,OK,--,9:30:25 PM,3/2/2025,
324,45.4,gf,1.575,mm,OK,--,9:30:26 PM,3/2/2025,
325,45.4,gf,1.580,mm,OK,--,9:30:26 PM,3/2/2025,
326,45.4,gf,1.590,mm,OK,--,9:30:26 PM,3/2/2025,
327,46.0,gf,1.595,mm,OK,--,9:30:26 PM,3/2/2025,
328,45.6,gf,1.605,mm,OK,--,9:30:26 PM,3/2/2025,
329,45.3,gf,1.620,mm,OK,--,9:30:26 PM,3/2/2025,
330,45.1,gf,1.625,mm,OK,--,9:30:26 PM,3/2/2025,
331,45.4,gf,1.635,mm,OK,--,9:30:26 PM,3/2/2025,
332,45.2,gf,1.645,mm,OK,--,9:30:26 PM,3/2/2025,
333,45.1,gf,1.655,mm,OK,--,9:30:26 PM,3/2/2025,
334,44.7,gf,1.660,mm,OK,--,9:30:27 PM,3/2/2025,
335,44.6,gf,1.665,mm,OK,--,9:30:27 PM,3/2/2025,
336,44.6,gf,1.670,mm,OK,--,9:30:27 PM,3/2/2025,
337,44.3,gf,1.675,mm,OK,--,9:30:27 PM,3/2/2025,
338,44.4,gf,1.680,mm,OK,--,9:30:27 PM,3/2/2025,
339,44.7,gf,1.685,mm,OK,--,9:30:27 PM,3/2/2025,
340,44.8,gf,1.685,mm,OK,--,9:30:27 PM,3/2/2025,
341,44.9,gf,1.690,mm,OK,--,9:30:27 PM,3/2/2025,
342,44.8,gf,1.700,mm,OK,--,9:30:27 PM,3/2/2025,
343,44.7,gf,1.705,mm,OK,--,9:30:27 PM,3/2/2025,
344,44.8,gf,1.710,mm,OK,--,9:30:28 PM,3/2/2025,
345,44.8,gf,1.715,mm,OK,--,9:30:28 PM,3/2/2025,
346,44.9,gf,1.720,mm,OK,--,9:30:28 PM,3/2/2025,
347,44.6,gf,1.725,mm,OK,--,9:30:28 PM,3/2/2025,
348,44.2,gf,1.730,mm,OK,--,9:30:28 PM,3/2/2025,
349,44.5,gf,1.735,mm,OK,--,9:30:28 PM,3/2/2025,
350,44.6,gf,1.745,mm,OK,--,9:30:28 PM,3/2/2025,
351,44.6,gf,1.750,mm,OK,--,9:30:28 PM,3/2/2025,
352,44.5,gf,1.755,mm,OK,--,9:30:28 PM,3/2/2025,
353,44.4,gf,1.760,mm,OK,--,9:30:28 PM,3/2/2025,
354,44.2,gf,1.765,mm,OK,--,9:30:29 PM,3/2/2025,
355,44.3,gf,1.770,mm,OK,--,9:30:29 PM,3/2/2025,
356,44.3,gf,1.775,mm,OK,--,9:30:29 PM,3/2/2025,
357,44.3,gf,1.780,mm,OK,--,9:30:29 PM,3/2/2025,
358,44.2,gf,1.780,mm,OK,--,9:30:29 PM,3/2/2025,
359,44.3,gf,1.785,mm,OK,--,9:30:29 PM,3/2/2025,
360,44.3,gf,1.790,mm,OK,--,9:30:29 PM,3/2/2025,
361,44.2,gf,1.795,mm,OK,--,9:30:29 PM,3/2/2025,
362,44.2,gf,1.795,mm,OK,--,9:30:29 PM,3/2/2025,
363,44.2,gf,1.800,mm,OK,--,9:30:29 PM,3/2/2025,
364,44.0,gf,1.805,mm,OK,--,9:30:30 PM,3/2/2025,
365,43.9,gf,1.805,mm,OK,--,9:30:30 PM,3/2/2025,
366,43.8,gf,1.810,mm,OK,--,9:30:30 PM,3/2/2025,
367,43.8,gf,1.810,mm,OK,--,9:30:30 PM,3/2/2025,
368,43.8,gf,1.815,mm,OK,--,9:30:30 PM,3/2/2025,
369,43.8,gf,1.815,mm,OK,--,9:30:30 PM,3/2/2025,
370,44.1,gf,1.820,mm,OK,--,9:30:30 PM,3/2/2025,
371,44.3,gf,1.820,mm,OK,--,9:30:30 PM,3/2/2025,
372,44.3,gf,1.825,mm,OK,--,9:30:30 PM,3/2/2025,
373,44.3,gf,1.825,mm,OK,--,9:30:30 PM,3/2/2025,
374,44.1,gf,1.830,mm,OK,--,9:30:31 PM,3/2/2025,
375,44.0,gf,1.830,mm,OK,--,9:30:31 PM,3/2/2025,
376,44.0,gf,1.835,mm,OK,--,9:30:31 PM,3/2/2025,
377,44.1,gf,1.835,mm,OK,--,9:30:31 PM,3/2/2025,
378,44.1,gf,1.840,mm,OK,--,9:30:31 PM,3/2/2025,
379,44.1,gf,1.840,mm,OK,--,9:30:31 PM,3/2/2025,
380,44.4,gf,1.845,mm,OK,--,9:30:31 PM,3/2/2025,
381,44.3,gf,1.850,mm,OK,--,9:30:31 PM,3/2/2025,
382,44.1,gf,1.850,mm,OK,--,9:30:31 PM,3/2/2025,
383,44.1,gf,1.855,mm,OK,--,9:30:31 PM,3/2/2025,
384,43.9,gf,1.860,mm,OK,--,9:30:32 PM,3/2/2025,
385,43.9,gf,1.860,mm,OK,--,9:30:32 PM,3/2/2025,
386,44.0,gf,1.865,mm,OK,--,9:30:32 PM,3/2/2025,
387,44.0,gf,1.865,mm,OK,--,9:30:32 PM,3/2/2025,
388,43.8,gf,1.865,mm,OK,--,9:30:32 PM,3/2/2025,
389,43.8,gf,1.870,mm,OK,--,9:30:32 PM,3/2/2025,
390,44.0,gf,1.870,mm,OK,--,9:30:32 PM,3/2/2025,
391,44.0,gf,1.875,mm,OK,--,9:30:32 PM,3/2/2025,
392,43.5,gf,1.875,mm,OK,--,9:30:32 PM,3/2/2025,
393,43.2,gf,1.875,mm,OK,--,9:30:32 PM,3/2/2025,
394,43.8,gf,1.875,mm,OK,--,9:30:33 PM,3/2/2025,
395,43.9,gf,1.880,mm,OK,--,9:30:33 PM,3/2/2025,
396,43.7,gf,1.880,mm,OK,--,9:30:33 PM,3/2/2025,
397,43.4,gf,1.880,mm,OK,--,9:30:33 PM,3/2/2025,
398,43.5,gf,1.880,mm,OK,--,9:30:33 PM,3/2/2025,
399,43.5,gf,1.880,mm,OK,--,9:30:33 PM,3/2/2025,
400,43.5,gf,1.885,mm,OK,--,9:30:33 PM,3/2/2025,
401,43.8,gf,1.885,mm,OK,--,9:30:33 PM,3/2/2025,
402,44.0,gf,1.885,mm,OK,--,9:30:33 PM,3/2/2025,
403,44.1,gf,1.885,mm,OK,--,9:30:33 PM,3/2/2025,
404,44.3,gf,1.890,mm,OK,--,9:30:34 PM,3/2/2025,
405,44.7,gf,1.890,mm,OK,--,9:30:34 PM,3/2/2025,
406,44.5,gf,1.895,mm,OK,--,9:30:34 PM,3/2/2025,
407,44.2,gf,1.895,mm,OK,--,9:30:34 PM,3/2/2025,
408,44.4,gf,1.900,mm,OK,--,9:30:34 PM,3/2/2025,
409,44.6,gf,1.900,mm,OK,--,9:30:34 PM,3/2/2025,
410,44.4,gf,1.905,mm,OK,--,9:30:34 PM,3/2/2025,
411,44.3,gf,1.905,mm,OK,--,9:30:34 PM,3/2/2025,
412,44.0,gf,1.905,mm,OK,--,9:30:34 PM,3/2/2025,
413,44.1,gf,1.910,mm,OK,--,9:30:34 PM,3/2/2025,
414,44.2,gf,1.910,mm,OK,--,9:30:35 PM,3/2/2025,
415,44.3,gf,1.915,mm,OK,--,9:30:35 PM,3/2/2025,
416,44.1,gf,1.915,mm,OK,--,9:30:35 PM,3/2/2025,
417,44.3,gf,1.915,mm,OK,--,9:30:35 PM,3/2/2025,
418,44.5,gf,1.920,mm,OK,--,9:30:35 PM,3/2/2025,
419,44.8,gf,1.925,mm,OK,--,9:30:35 PM,3/2/2025,
420,44.9,gf,1.925,mm,OK,--,9:30:35 PM,3/2/2025,
421,44.7,gf,1.930,mm,OK,--,9:30:35 PM,3/2/2025,
422,44.7,gf,1.935,mm,OK,--,9:30:35 PM,3/2/2025,
423,44.8,gf,1.940,mm,OK,--,9:30:35 PM,3/2/2025,
424,45.0,gf,1.945,mm,OK,--,9:30:36 PM,3/2/2025,
425,44.9,gf,1.950,mm,OK,--,9:30:36 PM,3/2/2025,
426,45.0,gf,1.955,mm,OK,--,9:30:36 PM,3/2/2025,
427,44.8,gf,1.960,mm,OK,--,9:30:36 PM,3/2/2025,
428,44.8,gf,1.965,mm,OK,--,9:30:36 PM,3/2/2025,
429,44.7,gf,1.970,mm,OK,--,9:30:36 PM,3/2/2025,
430,44.7,gf,1.970,mm,OK,--,9:30:36 PM,3/2/2025,
431,44.5,gf,1.975,mm,OK,--,9:30:36 PM,3/2/2025,
432,44.5,gf,1.975,mm,OK,--,9:30:36 PM,3/2/2025,
433,44.7,gf,1.975,mm,OK,--,9:30:36 PM,3/2/2025,
434,45.4,gf,1.980,mm,OK,--,9:30:37 PM,3/2/2025,
435,45.5,gf,1.985,mm,OK,--,9:30:37 PM,3/2/2025,
436,45.5,gf,1.990,mm,OK,--,9:30:37 PM,3/2/2025,
437,45.4,gf,1.995,mm,OK,--,9:30:37 PM,3/2/2025,
438,45.2,gf,2.000,mm,OK,--,9:30:37 PM,3/2/2025,
439,45.2,gf,2.005,mm,OK,--,9:30:37 PM,3/2/2025,
440,45.1,gf,2.010,mm,OK,--,9:30:37 PM,3/2/2025,
441,45.1,gf,2.015,mm,OK,--,9:30:37 PM,3/2/2025,
442,45.4,gf,2.020,mm,OK,--,9:30:37 PM,3/2/2025,
443,45.3,gf,2.025,mm,OK,--,9:30:37 PM,3/2/2025,
444,45.1,gf,2.030,mm,OK,--,9:30:38 PM,3/2/2025,
445,45.2,gf,2.035,mm,OK,--,9:30:38 PM,3/2/2025,
446,45.5,gf,2.040,mm,OK,--,9:30:38 PM,3/2/2025,
447,45.6,gf,2.045,mm,OK,--,9:30:38 PM,3/2/2025,
448,45.2,gf,2.050,mm,OK,--,9:30:38 PM,3/2/2025,
449,45.1,gf,2.055,mm,OK,--,9:30:38 PM,3/2/2025,
450,45.1,gf,2.055,mm,OK,--,9:30:38 PM,3/2/2025,
451,45.1,gf,2.060,mm,OK,--,9:30:38 PM,3/2/2025,
452,45.0,gf,2.065,mm,OK,--,9:30:38 PM,3/2/2025,
453,45.2,gf,2.065,mm,OK,--,9:30:38 PM,3/2/2025,
454,45.6,gf,2.070,mm,OK,--,9:30:39 PM,3/2/2025,
455,45.4,gf,2.075,mm,OK,--,9:30:39 PM,3/2/2025,
456,45.6,gf,2.075,mm,OK,--,9:30:39 PM,3/2/2025,
457,45.7,gf,2.080,mm,OK,--,9:30:39 PM,3/2/2025,
458,45.7,gf,2.085,mm,OK,--,9:30:39 PM,3/2/2025,
459,45.9,gf,2.090,mm,OK,--,9:30:39 PM,3/2/2025,
460,45.7,gf,2.100,mm,OK,--,9:30:39 PM,3/2/2025,
461,45.6,gf,2.105,mm,OK,--,9:30:39 PM,3/2/2025,
462,45.8,gf,2.110,mm,OK,--,9:30:39 PM,3/2/2025,
463,45.6,gf,2.115,mm,OK,--,9:30:39 PM,3/2/2025,
464,45.5,gf,2.120,mm,OK,--,9:30:40 PM,3/2/2025,
465,45.6,gf,2.120,mm,OK,--,9:30:40 PM,3/2/2025,
466,45.5,gf,2.125,mm,OK,--,9:30:40 PM,3/2/2025,
467,45.8,gf,2.130,mm,OK,--,9:30:40 PM,3/2/2025,
468,45.9,gf,2.135,mm,OK,--,9:30:40 PM,3/2/2025,
469,45.7,gf,2.140,mm,OK,--,9:30:40 PM,3/2/2025,
470,45.7,gf,2.140,mm,OK,--,9:30:40 PM,3/2/2025,
471,45.8,gf,2.145,mm,OK,--,9:30:40 PM,3/2/2025,
472,45.7,gf,2.150,mm,OK,--,9:30:40 PM,3/2/2025,
473,45.7,gf,2.155,mm,OK,--,9:30:40 PM,3/2/2025,
474,45.8,gf,2.160,mm,OK,--,9:30:41 PM,3/2/2025,
475,45.9,gf,2.165,mm,OK,--,9:30:41 PM,3/2/2025,
476,45.8,gf,2.170,mm,OK,--,9:30:41 PM,3/2/2025,
477,45.8,gf,2.170,mm,OK,--,9:30:41 PM,3/2/2025,
478,45.7,gf,2.175,mm,OK,--,9:30:41 PM,3/2/2025,
479,45.4,gf,2.180,mm,OK,--,9:30:41 PM,3/2/2025,
480,45.5,gf,2.180,mm,OK,--,9:30:41 PM,3/2/2025,
481,45.6,gf,2.185,mm,OK,--,9:30:41 PM,3/2/2025,
482,46.1,gf,2.185,mm,OK,--,9:30:41 PM,3/2/2025,
483,46.4,gf,2.190,mm,OK,--,9:30:41 PM,3/2/2025,
484,46.1,gf,2.200,mm,OK,--,9:30:42 PM,3/2/2025,
485,45.8,gf,2.200,mm,OK,--,9:30:42 PM,3/2/2025,
486,45.9,gf,2.205,mm,OK,--,9:30:42 PM,3/2/2025,
487,45.9,gf,2.210,mm,OK,--,9:30:42 PM,3/2/2025,
488,46.1,gf,2.215,mm,OK,--,9:30:42 PM,3/2/2025,
489,46.1,gf,2.220,mm,OK,--,9:30:42 PM,3/2/2025,
490,46.0,gf,2.220,mm,OK,--,9:30:42 PM,3/2/2025,
491,46.0,gf,2.225,mm,OK,--,9:30:42 PM,3/2/2025,
492,46.2,gf,2.230,mm,OK,--,9:30:42 PM,3/2/2025,
493,46.3,gf,2.235,mm,OK,--,9:30:42 PM,3/2/2025,
494,46.4,gf,2.240,mm,OK,--,9:30:43 PM,3/2/2025,
495,46.5,gf,2.245,mm,OK,--,9:30:43 PM,3/2/2025,
496,46.8,gf,2.250,mm,OK,--,9:30:43 PM,3/2/2025,
497,46.9,gf,2.260,mm,OK,--,9:30:43 PM,3/2/2025,
498,46.7,gf,2.265,mm,OK,--,9:30:43 PM,3/2/2025,
499,46.6,gf,2.275,mm,OK,--,9:30:43 PM,3/2/2025,
500,46.6,gf,2.280,mm,OK,--,9:30:43 PM,3/2/2025,
501,46.7,gf,2.285,mm,OK,--,9:30:43 PM,3/2/2025,
502,46.9,gf,2.290,mm,OK,--,9:30:43 PM,3/2/2025,
503,46.8,gf,2.295,mm,OK,--,9:30:43 PM,3/2/2025,
504,46.7,gf,2.300,mm,OK,--,9:30:44 PM,3/2/2025,
505,46.7,gf,2.305,mm,OK,--,9:30:44 PM,3/2/2025,
506,46.9,gf,2.310,mm,OK,--,9:30:44 PM,3/2/2025,
507,47.1,gf,2.315,mm,OK,--,9:30:44 PM,3/2/2025,
508,47.0,gf,2.320,mm,OK,--,9:30:44 PM,3/2/2025,
509,46.9,gf,2.325,mm,OK,--,9:30:44 PM,3/2/2025,
510,46.8,gf,2.330,mm,OK,--,9:30:44 PM,3/2/2025,
511,46.9,gf,2.335,mm,OK,--,9:30:44 PM,3/2/2025,
512,46.9,gf,2.340,mm,OK,--,9:30:44 PM,3/2/2025,
513,46.8,gf,2.340,mm,OK,--,9:30:44 PM,3/2/2025,
514,46.7,gf,2.345,mm,OK,--,9:30:45 PM,3/2/2025,
515,47.0,gf,2.350,mm,OK,--,9:30:45 PM,3/2/2025,
516,46.8,gf,2.350,mm,OK,--,9:30:45 PM,3/2/2025,
517,46.9,gf,2.355,mm,OK,--,9:30:45 PM,3/2/2025,
518,46.8,gf,2.360,mm,OK,--,9:30:45 PM,3/2/2025,
519,46.8,gf,2.360,mm,OK,--,9:30:45 PM,3/2/2025,
520,46.9,gf,2.360,mm,OK,--,9:30:45 PM,3/2/2025,
521,46.9,gf,2.365,mm,OK,--,9:30:45 PM,3/2/2025,
522,47.1,gf,2.370,mm,OK,--,9:30:45 PM,3/2/2025,
523,47.1,gf,2.370,mm,OK,--,9:30:45 PM,3/2/2025,
524,47.1,gf,2.375,mm,OK,--,9:30:46 PM,3/2/2025,
525,47.0,gf,2.380,mm,OK,--,9:30:46 PM,3/2/2025,
526,46.9,gf,2.380,mm,OK,--,9:30:46 PM,3/2/2025,
527,46.7,gf,2.385,mm,OK,--,9:30:46 PM,3/2/2025,
528,46.7,gf,2.385,mm,OK,--,9:30:46 PM,3/2/2025,
529,46.8,gf,2.390,mm,OK,--,9:30:46 PM,3/2/2025,
530,47.0,gf,2.390,mm,OK,--,9:30:46 PM,3/2/2025,
531,46.9,gf,2.395,mm,OK,--,9:30:46 PM,3/2/2025,
532,47.1,gf,2.395,mm,OK,--,9:30:46 PM,3/2/2025,
533,47.0,gf,2.400,mm,OK,--,9:30:46 PM,3/2/2025,
534,47.0,gf,2.405,mm,OK,--,9:30:47 PM,3/2/2025,
535,47.0,gf,2.410,mm,OK,--,9:30:47 PM,3/2/2025,
536,47.1,gf,2.415,mm,OK,--,9:30:47 PM,3/2/2025,
537,47.0,gf,2.420,mm,OK,--,9:30:47 PM,3/2/2025,
538,47.2,gf,2.420,mm,OK,--,9:30:47 PM,3/2/2025,
539,47.4,gf,2.430,mm,OK,--,9:30:47 PM,3/2/2025,
540,47.3,gf,2.435,mm,OK,--,9:30:47 PM,3/2/2025,
541,47.4,gf,2.440,mm,OK,--,9:30:47 PM,3/2/2025,
542,47.4,gf,2.440,mm,OK,--,9:30:47 PM,3/2/2025,
543,47.5,gf,2.445,mm,OK,--,9:30:47 PM,3/2/2025,
544,47.6,gf,2.450,mm,OK,--,9:30:48 PM,3/2/2025,
545,47.8,gf,2.455,mm,OK,--,9:30:48 PM,3/2/2025,
546,47.8,gf,2.460,mm,OK,--,9:30:48 PM,3/2/2025,
547,47.8,gf,2.465,mm,OK,--,9:30:48 PM,3/2/2025,
548,47.9,gf,2.465,mm,OK,--,9:30:48 PM,3/2/2025,
549,48.0,gf,2.470,mm,OK,--,9:30:48 PM,3/2/2025,
550,48.0,gf,2.475,mm,OK,--,9:30:48 PM,3/2/2025,
551,48.1,gf,2.480,mm,OK,--,9:30:48 PM,3/2/2025,
552,48.1,gf,2.485,mm,OK,--,9:30:48 PM,3/2/2025,
553,48.1,gf,2.485,mm,OK,--,9:30:48 PM,3/2/2025,
554,48.0,gf,2.490,mm,OK,--,9:30:49 PM,3/2/2025,
555,48.1,gf,2.490,mm,OK,--,9:30:49 PM,3/2/2025,
556,48.1,gf,2.495,mm,OK,--,9:30:49 PM,3/2/2025,
557,48.1,gf,2.495,mm,OK,--,9:30:49 PM,3/2/2025,
558,48.2,gf,2.500,mm,OK,--,9:30:49 PM,3/2/2025,
559,48.0,gf,2.500,mm,OK,--,9:30:49 PM,3/2/2025,
560,48.1,gf,2.505,mm,OK,--,9:30:49 PM,3/2/2025,
561,48.1,gf,2.505,mm,OK,--,9:30:49 PM,3/2/2025,
562,48.1,gf,2.505,mm,OK,--,9:30:49 PM,3/2/2025,
563,48.2,gf,2.510,mm,OK,--,9:30:49 PM,3/2/2025,
564,48.3,gf,2.510,mm,OK,--,9:30:50 PM,3/2/2025,
565,48.3,gf,2.515,mm,OK,--,9:30:50 PM,3/2/2025,
566,48.2,gf,2.515,mm,OK,--,9:30:50 PM,3/2/2025,
567,48.2,gf,2.515,mm,OK,--,9:30:50 PM,3/2/2025,
568,48.2,gf,2.520,mm,OK,--,9:30:50 PM,3/2/2025,
569,48.2,gf,2.520,mm,OK,--,9:30:50 PM,3/2/2025,
570,48.5,gf,2.520,mm,OK,--,9:30:50 PM,3/2/2025,
571,48.4,gf,2.525,mm,OK,--,9:30:50 PM,3/2/2025,
572,48.4,gf,2.530,mm,OK,--,9:30:50 PM,3/2/2025,
573,48.1,gf,2.530,mm,OK,--,9:30:50 PM,3/2/2025,
574,48.2,gf,2.530,mm,OK,--,9:30:51 PM,3/2/2025,
575,48.3,gf,2.530,mm,OK,--,9:30:51 PM,3/2/2025,
576,48.3,gf,2.530,mm,OK,--,9:30:51 PM,3/2/2025,
577,48.4,gf,2.535,mm,OK,--,9:30:51 PM,3/2/2025,
578,48.4,gf,2.535,mm,OK,--,9:30:51 PM,3/2/2025,
579,48.5,gf,2.535,mm,OK,--,9:30:51 PM,3/2/2025,
580,48.5,gf,2.540,mm,OK,--,9:30:51 PM,3/2/2025,
581,48.5,gf,2.540,mm,OK,--,9:30:51 PM,3/2/2025,
582,48.5,gf,2.545,mm,OK,--,9:30:51 PM,3/2/2025,
583,48.4,gf,2.545,mm,OK,--,9:30:51 PM,3/2/2025,
584,48.4,gf,2.545,mm,OK,--,9:30:52 PM,3/2/2025,
585,48.3,gf,2.545,mm,OK,--,9:30:52 PM,3/2/2025,
586,48.3,gf,2.545,mm,OK,--,9:30:52 PM,3/2/2025,
587,48.3,gf,2.545,mm,OK,--,9:30:52 PM,3/2/2025,
588,48.4,gf,2.550,mm,OK,--,9:30:52 PM,3/2/2025,
589,48.4,gf,2.550,mm,OK,--,9:30:52 PM,3/2/2025,
590,48.4,gf,2.550,mm,OK,--,9:30:52 PM,3/2/2025,
591,48.4,gf,2.550,mm,OK,--,9:30:52 PM,3/2/2025,
592,48.4,gf,2.550,mm,OK,--,9:30:52 PM,3/2/2025,
593,48.4,gf,2.550,mm,OK,--,9:30:52 PM,3/2/2025,
594,48.6,gf,2.550,mm,OK,--,9:30:53 PM,3/2/2025,
595,48.6,gf,2.555,mm,OK,--,9:30:53 PM,3/2/2025,
596,48.6,gf,2.555,mm,OK,--,9:30:53 PM,3/2/2025,
597,48.6,gf,2.555,mm,OK,--,9:30:53 PM,3/2/2025,
598,48.5,gf,2.555,mm,OK,--,9:30:53 PM,3/2/2025,
599,48.5,gf,2.560,mm,OK,--,9:30:53 PM,3/2/2025,
600,48.6,gf,2.560,mm,OK,--,9:30:53 PM,3/2/2025,
601,48.5,gf,2.560,mm,OK,--,9:30:53 PM,3/2/2025,
602,48.6,gf,2.565,mm,OK,--,9:30:53 PM,3/2/2025,
603,48.6,gf,2.565,mm,OK,--,9:30:53 PM,3/2/2025,
604,48.6,gf,2.565,mm,OK,--,9:30:54 PM,3/2/2025,
605,48.6,gf,2.570,mm,OK,--,9:30:54 PM,3/2/2025,
606,48.6,gf,2.570,mm,OK,--,9:30:54 PM,3/2/2025,
607,48.6,gf,2.570,mm,OK,--,9:30:54 PM,3/2/2025,
608,48.6,gf,2.575,mm,OK,--,9:30:54 PM,3/2/2025,
609,48.6,gf,2.580,mm,OK,--,9:30:54 PM,3/2/2025,
610,48.7,gf,2.585,mm,OK,--,9:30:54 PM,3/2/2025,
611,48.8,gf,2.590,mm,OK,--,9:30:54 PM,3/2/2025,
612,48.9,gf,2.600,mm,OK,--,9:30:54 PM,3/2/2025,
613,48.9,gf,2.605,mm,OK,--,9:30:54 PM,3/2/2025,
614,49.0,gf,2.615,mm,OK,--,9:30:55 PM,3/2/2025,
615,49.0,gf,2.625,mm,OK,--,9:30:55 PM,3/2/2025,
616,49.1,gf,2.635,mm,OK,--,9:30:55 PM,3/2/2025,
617,49.1,gf,2.645,mm,OK,--,9:30:55 PM,3/2/2025,
618,49.1,gf,2.655,mm,OK,--,9:30:55 PM,3/2/2025,
619,49.2,gf,2.665,mm,OK,--,9:30:55 PM,3/2/2025,
620,49.2,gf,2.670,mm,OK,--,9:30:55 PM,3/2/2025,
621,49.2,gf,2.680,mm,OK,--,9:30:55 PM,3/2/2025,
622,49.3,gf,2.690,mm,OK,--,9:30:55 PM,3/2/2025,
623,49.3,gf,2.695,mm,OK,--,9:30:55 PM,3/2/2025,
624,49.3,gf,2.705,mm,OK,--,9:30:56 PM,3/2/2025,
625,49.2,gf,2.710,mm,OK,--,9:30:56 PM,3/2/2025,
626,49.3,gf,2.715,mm,OK,--,9:30:56 PM,3/2/2025,
627,49.3,gf,2.720,mm,OK,--,9:30:56 PM,3/2/2025,
628,49.4,gf,2.725,mm,OK,--,9:30:56 PM,3/2/2025,
629,49.4,gf,2.730,mm,OK,--,9:30:56 PM,3/2/2025,
630,49.3,gf,2.730,mm,OK,--,9:30:56 PM,3/2/2025,
631,49.4,gf,2.735,mm,OK,--,9:30:56 PM,3/2/2025,
632,49.4,gf,2.740,mm,OK,--,9:30:56 PM,3/2/2025,
633,49.4,gf,2.740,mm,OK,--,9:30:56 PM,3/2/2025,
634,49.4,gf,2.745,mm,OK,--,9:30:57 PM,3/2/2025,
635,49.4,gf,2.750,mm,OK,--,9:30:57 PM,3/2/2025,
636,49.5,gf,2.750,mm,OK,--,9:30:57 PM,3/2/2025,
637,49.5,gf,2.755,mm,OK,--,9:30:57 PM,3/2/2025,
638,49.5,gf,2.760,mm,OK,--,9:30:57 PM,3/2/2025,
639,49.5,gf,2.765,mm,OK,--,9:30:57 PM,3/2/2025,
640,49.5,gf,2.765,mm,OK,--,9:30:57 PM,3/2/2025,
641,49.5,gf,2.770,mm,OK,--,9:30:57 PM,3/2/2025,
642,49.5,gf,2.770,mm,OK,--,9:30:57 PM,3/2/2025,
643,49.5,gf,2.775,mm,OK,--,9:30:57 PM,3/2/2025,
644,49.6,gf,2.780,mm,OK,--,9:30:58 PM,3/2/2025,
645,49.6,gf,2.785,mm,OK,--,9:30:58 PM,3/2/2025,
646,49.6,gf,2.790,mm,OK,--,9:30:58 PM,3/2/2025,
647,49.6,gf,2.795,mm,OK,--,9:30:58 PM,3/2/2025,
648,49.6,gf,2.795,mm,OK,--,9:30:58 PM,3/2/2025,
649,49.6,gf,2.800,mm,OK,--,9:30:58 PM,3/2/2025,
650,49.8,gf,2.805,mm,OK,--,9:30:58 PM,3/2/2025,
651,49.9,gf,2.810,mm,OK,--,9:30:58 PM,3/2/2025,
652,50.0,gf,2.810,mm,OK,--,9:30:58 PM,3/2/2025,
653,50.1,gf,2.815,mm,OK,--,9:30:58 PM,3/2/2025,
654,50.1,gf,2.815,mm,OK,--,9:30:59 PM,3/2/2025,
655,50.2,gf,2.820,mm,OK,--,9:30:59 PM,3/2/2025,
656,50.2,gf,2.820,mm,OK,--,9:30:59 PM,3/2/2025,
657,50.2,gf,2.825,mm,OK,--,9:30:59 PM,3/2/2025,
658,50.3,gf,2.830,mm,OK,--,9:30:59 PM,3/2/2025,
659,50.3,gf,2.830,mm,OK,--,9:30:59 PM,3/2/2025,
660,50.4,gf,2.835,mm,OK,--,9:30:59 PM,3/2/2025,
661,50.4,gf,2.840,mm,OK,--,9:30:59 PM,3/2/2025,
662,50.5,gf,2.845,mm,OK,--,9:30:59 PM,3/2/2025,
663,50.6,gf,2.850,mm,OK,--,9:30:59 PM,3/2/2025,
664,50.6,gf,2.860,mm,OK,--,9:31:00 PM,3/2/2025,
665,50.7,gf,2.865,mm,OK,--,9:31:00 PM,3/2/2025,
666,50.7,gf,2.865,mm,OK,--,9:31:00 PM,3/2/2025,
667,50.7,gf,2.870,mm,OK,--,9:31:00 PM,3/2/2025,
668,50.7,gf,2.875,mm,OK,--,9:31:00 PM,3/2/2025,
669,50.7,gf,2.875,mm,OK,--,9:31:00 PM,3/2/2025,
670,50.7,gf,2.880,mm,OK,--,9:31:00 PM,3/2/2025,
671,50.7,gf,2.880,mm,OK,--,9:31:00 PM,3/2/2025,
672,50.7,gf,2.885,mm,OK,--,9:31:00 PM,3/2/2025,
673,50.7,gf,2.885,mm,OK,--,9:31:00 PM,3/2/2025,
674,50.7,gf,2.885,mm,OK,--,9:31:01 PM,3/2/2025,
675,50.8,gf,2.890,mm,OK,--,9:31:01 PM,3/2/2025,
676,50.8,gf,2.890,mm,OK,--,9:31:01 PM,3/2/2025,
677,50.8,gf,2.895,mm,OK,--,9:31:01 PM,3/2/2025,
678,50.8,gf,2.900,mm,OK,--,9:31:01 PM,3/2/2025,
679,50.8,gf,2.900,mm,OK,--,9:31:01 PM,3/2/2025,
680,50.9,gf,2.905,mm,OK,--,9:31:01 PM,3/2/2025,
681,50.9,gf,2.910,mm,OK,--,9:31:01 PM,3/2/2025,
682,50.9,gf,2.915,mm,OK,--,9:31:01 PM,3/2/2025,
683,50.9,gf,2.920,mm,OK,--,9:31:01 PM,3/2/2025,
684,50.9,gf,2.925,mm,OK,--,9:31:02 PM,3/2/2025,
685,50.9,gf,2.930,mm,OK,--,9:31:02 PM,3/2/2025,
686,50.9,gf,2.930,mm,OK,--,9:31:02 PM,3/2/2025,
687,50.9,gf,2.935,mm,OK,--,9:31:02 PM,3/2/2025,
688,50.9,gf,2.940,mm,OK,--,9:31:02 PM,3/2/2025,
689,50.9,gf,2.940,mm,OK,--,9:31:02 PM,3/2/2025,
690,50.9,gf,2.945,mm,OK,--,9:31:02 PM,3/2/2025,
691,50.9,gf,2.945,mm,OK,--,9:31:02 PM,3/2/2025,
692,50.9,gf,2.950,mm,OK,--,9:31:02 PM,3/2/2025,
693,50.9,gf,2.950,mm,OK,--,9:31:02 PM,3/2/2025,
694,50.9,gf,2.950,mm,OK,--,9:31:03 PM,3/2/2025,
695,50.9,gf,2.955,mm,OK,--,9:31:03 PM,3/2/2025,
696,51.0,gf,2.960,mm,OK,--,9:31:03 PM,3/2/2025,
697,51.0,gf,2.965,mm,OK,--,9:31:03 PM,3/2/2025,
698,51.0,gf,2.965,mm,OK,--,9:31:03 PM,3/2/2025,
699,51.1,gf,2.970,mm,OK,--,9:31:03 PM,3/2/2025,
700,51.2,gf,2.975,mm,OK,--,9:31:03 PM,3/2/2025,
701,51.2,gf,2.980,mm,OK,--,9:31:03 PM,3/2/2025,
702,51.2,gf,2.985,mm,OK,--,9:31:03 PM,3/2/2025,
703,51.2,gf,2.985,mm,OK,--,9:31:03 PM,3/2/2025,
704,51.2,gf,2.990,mm,OK,--,9:31:04 PM,3/2/2025,
705,51.2,gf,2.995,mm,OK,--,9:31:04 PM,3/2/2025,
706,51.2,gf,2.995,mm,OK,--,9:31:04 PM,3/2/2025,
707,51.3,gf,3.000,mm,OK,--,9:31:04 PM,3/2/2025,
708,51.3,gf,3.000,mm,OK,--,9:31:04 PM,3/2/2025,
709,51.3,gf,3.005,mm,OK,--,9:31:04 PM,3/2/2025,
710,51.3,gf,3.005,mm,OK,--,9:31:04 PM,3/2/2025,
711,51.4,gf,3.010,mm,OK,--,9:31:04 PM,3/2/2025,
712,51.4,gf,3.015,mm,OK,--,9:31:04 PM,3/2/2025,
713,51.4,gf,3.020,mm,OK,--,9:31:04 PM,3/2/2025,
714,51.4,gf,3.025,mm,OK,--,9:31:05 PM,3/2/2025,
715,51.5,gf,3.030,mm,OK,--,9:31:05 PM,3/2/2025,
716,51.5,gf,3.035,mm,OK,--,9:31:05 PM,3/2/2025,
717,51.5,gf,3.040,mm,OK,--,9:31:05 PM,3/2/2025,
718,51.5,gf,3.045,mm,OK,--,9:31:05 PM,3/2/2025,
719,51.6,gf,3.045,mm,OK,--,9:31:05 PM,3/2/2025,
720,51.6,gf,3.050,mm,OK,--,9:31:05 PM,3/2/2025,
721,51.6,gf,3.055,mm,OK,--,9:31:05 PM,3/2/2025,
722,51.6,gf,3.055,mm,OK,--,9:31:05 PM,3/2/2025,
723,51.6,gf,3.060,mm,OK,--,9:31:05 PM,3/2/2025,
724,51.6,gf,3.065,mm,OK,--,9:31:06 PM,3/2/2025,
725,51.6,gf,3.070,mm,OK,--,9:31:06 PM,3/2/2025,
726,51.6,gf,3.075,mm,OK,--,9:31:06 PM,3/2/2025,
727,51.7,gf,3.080,mm,OK,--,9:31:06 PM,3/2/2025,
728,51.7,gf,3.080,mm,OK,--,9:31:06 PM,3/2/2025,
729,51.7,gf,3.085,mm,OK,--,9:31:06 PM,3/2/2025,
730,51.8,gf,3.090,mm,OK,--,9:31:06 PM,3/2/2025,
731,51.8,gf,3.095,mm,OK,--,9:31:06 PM,3/2/2025,
732,51.8,gf,3.095,mm,OK,--,9:31:06 PM,3/2/2025,
733,51.9,gf,3.100,mm,OK,--,9:31:06 PM,3/2/2025,
734,51.8,gf,3.105,mm,OK,--,9:31:07 PM,3/2/2025,
735,51.9,gf,3.110,mm,OK,--,9:31:07 PM,3/2/2025,
736,52.0,gf,3.115,mm,OK,--,9:31:07 PM,3/2/2025,
737,52.0,gf,3.120,mm,OK,--,9:31:07 PM,3/2/2025,
738,51.9,gf,3.125,mm,OK,--,9:31:07 PM,3/2/2025,
739,52.0,gf,3.125,mm,OK,--,9:31:07 PM,3/2/2025,
740,52.0,gf,3.130,mm,OK,--,9:31:07 PM,3/2/2025,
741,52.0,gf,3.135,mm,OK,--,9:31:07 PM,3/2/2025,
742,52.0,gf,3.135,mm,OK,--,9:31:07 PM,3/2/2025,
743,52.1,gf,3.140,mm,OK,--,9:31:07 PM,3/2/2025,
744,52.1,gf,3.145,mm,OK,--,9:31:08 PM,3/2/2025,
745,52.1,gf,3.155,mm,OK,--,9:31:08 PM,3/2/2025,
746,52.1,gf,3.155,mm,OK,--,9:31:08 PM,3/2/2025,
747,52.1,gf,3.160,mm,OK,--,9:31:08 PM,3/2/2025,
748,52.1,gf,3.160,mm,OK,--,9:31:08 PM,3/2/2025,
749,52.2,gf,3.165,mm,OK,--,9:31:08 PM,3/2/2025,
750,52.2,gf,3.170,mm,OK,--,9:31:08 PM,3/2/2025,
751,52.2,gf,3.175,mm,OK,--,9:31:08 PM,3/2/2025,
752,52.2,gf,3.180,mm,OK,--,9:31:08 PM,3/2/2025,
753,52.2,gf,3.190,mm,OK,--,9:31:08 PM,3/2/2025,
754,52.3,gf,3.195,mm,OK,--,9:31:09 PM,3/2/2025,
755,52.3,gf,3.200,mm,OK,--,9:31:09 PM,3/2/2025,
756,52.3,gf,3.205,mm,OK,--,9:31:09 PM,3/2/2025,
757,52.4,gf,3.210,mm,OK,--,9:31:09 PM,3/2/2025,
758,52.4,gf,3.210,mm,OK,--,9:31:09 PM,3/2/2025,
759,52.4,gf,3.215,mm,OK,--,9:31:09 PM,3/2/2025,
760,52.4,gf,3.215,mm,OK,--,9:31:09 PM,3/2/2025,
761,52.4,gf,3.220,mm,OK,--,9:31:09 PM,3/2/2025,
762,52.4,gf,3.220,mm,OK,--,9:31:09 PM,3/2/2025,
763,52.4,gf,3.220,mm,OK,--,9:31:09 PM,3/2/2025,
764,52.4,gf,3.225,mm,OK,--,9:31:10 PM,3/2/2025,
765,52.4,gf,3.225,mm,OK,--,9:31:10 PM,3/2/2025,
766,52.4,gf,3.230,mm,OK,--,9:31:10 PM,3/2/2025,
767,52.4,gf,3.230,mm,OK,--,9:31:10 PM,3/2/2025,
768,52.5,gf,3.235,mm,OK,--,9:31:10 PM,3/2/2025,
769,52.5,gf,3.240,mm,OK,--,9:31:10 PM,3/2/2025,
770,52.6,gf,3.245,mm,OK,--,9:31:10 PM,3/2/2025,
771,52.6,gf,3.250,mm,OK,--,9:31:10 PM,3/2/2025,
772,52.6,gf,3.255,mm,OK,--,9:31:10 PM,3/2/2025,
773,52.6,gf,3.260,mm,OK,--,9:31:10 PM,3/2/2025,
774,52.6,gf,3.260,mm,OK,--,9:31:11 PM,3/2/2025,
775,52.6,gf,3.265,mm,OK,--,9:31:11 PM,3/2/2025,
776,52.6,gf,3.270,mm,OK,--,9:31:11 PM,3/2/2025,
777,52.8,gf,3.275,mm,OK,--,9:31:11 PM,3/2/2025,
778,52.9,gf,3.280,mm,OK,--,9:31:11 PM,3/2/2025,
779,53.4,gf,3.280,mm,OK,--,9:31:11 PM,3/2/2025,
780,54.5,gf,3.285,mm,OK,--,9:31:11 PM,3/2/2025,
781,56.7,gf,3.290,mm,OK,--,9:31:11 PM,3/2/2025,
782,59.4,gf,3.295,mm,OK,--,9:31:11 PM,3/2/2025,
783,62.3,gf,3.300,mm,OK,--,9:31:11 PM,3/2/2025,
784,65.4,gf,3.305,mm,OK,--,9:31:12 PM,3/2/2025,
785,68.7,gf,3.310,mm,OK,--,9:31:12 PM,3/2/2025,
786,72.3,gf,3.315,mm,OK,--,9:31:12 PM,3/2/2025,
787,76.1,gf,3.315,mm,OK,--,9:31:12 PM,3/2/2025,
788,79.2,gf,3.320,mm,OK,--,9:31:12 PM,3/2/2025,
789,81.5,gf,3.325,mm,OK,--,9:31:12 PM,3/2/2025,
790,83.0,gf,3.325,mm,OK,--,9:31:12 PM,3/2/2025,
791,84.5,gf,3.325,mm,OK,--,9:31:12 PM,3/2/2025,
792,85.9,gf,3.325,mm,OK,--,9:31:12 PM,3/2/2025,
793,87.2,gf,3.330,mm,OK,--,9:31:12 PM,3/2/2025,
794,88.7,gf,3.330,mm,OK,--,9:31:13 PM,3/2/2025,
795,90.0,gf,3.330,mm,OK,--,9:31:13 PM,3/2/2025,
796,91.3,gf,3.335,mm,OK,--,9:31:13 PM,3/2/2025,
797,92.8,gf,3.335,mm,OK,--,9:31:13 PM,3/2/2025,
798,94.0,gf,3.335,mm,OK,--,9:31:13 PM,3/2/2025,
799,95.3,gf,3.335,mm,OK,--,9:31:13 PM,3/2/2025,
800,96.6,gf,3.340,mm,OK,--,9:31:13 PM,3/2/2025,
801,97.9,gf,3.340,mm,OK,--,9:31:13 PM,3/2/2025,
802,99.5,gf,3.340,mm,OK,--,9:31:13 PM,3/2/2025,
803,101.0,gf,3.345,mm,OK,--,9:31:13 PM,3/2/2025,
804,102.8,gf,3.345,mm,OK,--,9:31:14 PM,3/2/2025,
805,104.6,gf,3.345,mm,OK,--,9:31:14 PM,3/2/2025,
806,106.3,gf,3.350,mm,OK,--,9:31:14 PM,3/2/2025,
807,107.9,gf,3.350,mm,OK,--,9:31:14 PM,3/2/2025,
808,109.5,gf,3.350,mm,OK,--,9:31:14 PM,3/2/2025,
809,111.0,gf,3.350,mm,OK,--,9:31:14 PM,3/2/2025,
810,112.5,gf,3.355,mm,OK,--,9:31:14 PM,3/2/2025,
811,113.9,gf,3.355,mm,OK,--,9:31:14 PM,3/2/2025,
812,115.3,gf,3.355,mm,OK,--,9:31:14 PM,3/2/2025,
813,116.6,gf,3.360,mm,OK,--,9:31:14 PM,3/2/2025,
814,118.0,gf,3.360,mm,OK,--,9:31:15 PM,3/2/2025,
815,119.5,gf,3.360,mm,OK,--,9:31:15 PM,3/2/2025,
816,120.9,gf,3.365,mm,OK,--,9:31:15 PM,3/2/2025,
817,122.4,gf,3.365,mm,OK,--,9:31:15 PM,3/2/2025,
818,123.7,gf,3.365,mm,OK,--,9:31:15 PM,3/2/2025,
819,125.1,gf,3.365,mm,OK,--,9:31:15 PM,3/2/2025,
820,126.3,gf,3.370,mm,OK,--,9:31:15 PM,3/2/2025,
821,127.6,gf,3.370,mm,OK,--,9:31:15 PM,3/2/2025,
822,128.9,gf,3.370,mm,OK,--,9:31:15 PM,3/2/2025,
823,129.9,gf,3.370,mm,OK,--,9:31:15 PM,3/2/2025,
824,130.9,gf,3.375,mm,OK,--,9:31:16 PM,3/2/2025,
825,131.9,gf,3.375,mm,OK,--,9:31:16 PM,3/2/2025,
826,132.8,gf,3.375,mm,OK,--,9:31:16 PM,3/2/2025,
827,133.5,gf,3.375,mm,OK,--,9:31:16 PM,3/2/2025,
828,134.2,gf,3.375,mm,OK,--,9:31:16 PM,3/2/2025,
829,134.9,gf,3.375,mm,OK,--,9:31:16 PM,3/2/2025,
830,135.5,gf,3.380,mm,OK,--,9:31:16 PM,3/2/2025,
831,136.2,gf,3.380,mm,OK,--,9:31:16 PM,3/2/2025,
832,136.7,gf,3.380,mm,OK,--,9:31:16 PM,3/2/2025,
833,137.2,gf,3.380,mm,OK,--,9:31:16 PM,3/2/2025,
834,137.8,gf,3.380,mm,OK,--,9:31:17 PM,3/2/2025,
835,138.3,gf,3.380,mm,OK,--,9:31:17 PM,3/2/2025,
836,138.9,gf,3.380,mm,OK,--,9:31:17 PM,3/2/2025,
837,139.6,gf,3.380,mm,OK,--,9:31:17 PM,3/2/2025,
838,140.3,gf,3.385,mm,OK,--,9:31:17 PM,3/2/2025,
839,140.9,gf,3.385,mm,OK,--,9:31:17 PM,3/2/2025,
840,141.6,gf,3.385,mm,OK,--,9:31:17 PM,3/2/2025,
841,142.1,gf,3.385,mm,OK,--,9:31:17 PM,3/2/2025,
842,142.8,gf,3.385,mm,OK,--,9:31:17 PM,3/2/2025,
843,143.6,gf,3.385,mm,OK,--,9:31:17 PM,3/2/2025,
844,144.4,gf,3.385,mm,OK,--,9:31:18 PM,3/2/2025,
845,145.1,gf,3.390,mm,OK,--,9:31:18 PM,3/2/2025,
846,145.7,gf,3.390,mm,OK,--,9:31:18 PM,3/2/2025,
847,146.4,gf,3.390,mm,OK,--,9:31:18 PM,3/2/2025,
848,147.1,gf,3.390,mm,OK,--,9:31:18 PM,3/2/2025,
849,147.7,gf,3.390,mm,OK,--,9:31:18 PM,3/2/2025,
850,148.1,gf,3.390,mm,OK,--,9:31:18 PM,3/2/2025,
851,148.2,gf,3.390,mm,OK,--,9:31:18 PM,3/2/2025,
852,148.3,gf,3.390,mm,OK,--,9:31:18 PM,3/2/2025,
853,148.6,gf,3.390,mm,OK,--,9:31:18 PM,3/2/2025,
854,148.8,gf,3.390,mm,OK,--,9:31:19 PM,3/2/2025,
855,149.1,gf,3.390,mm,OK,--,9:31:19 PM,3/2/2025,
856,149.4,gf,3.390,mm,OK,--,9:31:19 PM,3/2/2025,
857,149.7,gf,3.390,mm,OK,--,9:31:19 PM,3/2/2025,
858,150.1,gf,3.395,mm,OK,--,9:31:19 PM,3/2/2025,
859,150.6,gf,3.395,mm,OK,--,9:31:19 PM,3/2/2025,
860,151.2,gf,3.395,mm,OK,--,9:31:19 PM,3/2/2025,
861,151.7,gf,3.395,mm,OK,--,9:31:19 PM,3/2/2025,
862,152.1,gf,3.395,mm,OK,--,9:31:19 PM,3/2/2025,
863,152.5,gf,3.395,mm,OK,--,9:31:19 PM,3/2/2025,
864,152.9,gf,3.395,mm,OK,--,9:31:20 PM,3/2/2025,
865,153.3,gf,3.395,mm,OK,--,9:31:20 PM,3/2/2025,
866,153.5,gf,3.395,mm,OK,--,9:31:20 PM,3/2/2025,
867,153.7,gf,3.395,mm,OK,--,9:31:20 PM,3/2/2025,
868,154.0,gf,3.395,mm,OK,--,9:31:20 PM,3/2/2025,
869,154.4,gf,3.395,mm,OK,--,9:31:20 PM,3/2/2025,
870,154.8,gf,3.400,mm,OK,--,9:31:20 PM,3/2/2025,
871,155.2,gf,3.400,mm,OK,--,9:31:20 PM,3/2/2025,
872,155.5,gf,3.400,mm,OK,--,9:31:20 PM,3/2/2025,
873,155.9,gf,3.400,mm,OK,--,9:31:20 PM,3/2/2025,
874,156.1,gf,3.400,mm,OK,--,9:31:21 PM,3/2/2025,
875,156.4,gf,3.400,mm,OK,--,9:31:21 PM,3/2/2025,
876,156.8,gf,3.400,mm,OK,--,9:31:21 PM,3/2/2025,
877,157.2,gf,3.400,mm,OK,--,9:31:21 PM,3/2/2025,
878,157.6,gf,3.400,mm,OK,--,9:31:21 PM,3/2/2025,
879,158.0,gf,3.400,mm,OK,--,9:31:21 PM,3/2/2025,
880,158.3,gf,3.400,mm,OK,--,9:31:21 PM,3/2/2025,
881,158.7,gf,3.400,mm,OK,--,9:31:21 PM,3/2/2025,
882,159.1,gf,3.400,mm,OK,--,9:31:21 PM,3/2/2025,
883,159.5,gf,3.400,mm,OK,--,9:31:21 PM,3/2/2025,
884,159.8,gf,3.400,mm,OK,--,9:31:22 PM,3/2/2025,
885,160.1,gf,3.405,mm,OK,--,9:31:22 PM,3/2/2025,
886,160.5,gf,3.405,mm,OK,--,9:31:22 PM,3/2/2025,
887,160.9,gf,3.405,mm,OK,--,9:31:22 PM,3/2/2025,
888,161.4,gf,3.405,mm,OK,--,9:31:22 PM,3/2/2025,
889,161.8,gf,3.405,mm,OK,--,9:31:22 PM,3/2/2025,
890,162.5,gf,3.405,mm,OK,--,9:31:22 PM,3/2/2025,
891,163.1,gf,3.405,mm,OK,--,9:31:22 PM,3/2/2025,
892,163.7,gf,3.405,mm,OK,--,9:31:22 PM,3/2/2025,
893,164.2,gf,3.405,mm,OK,--,9:31:22 PM,3/2/2025,
894,164.9,gf,3.405,mm,OK,--,9:31:23 PM,3/2/2025,
895,165.5,gf,3.410,mm,OK,--,9:31:23 PM,3/2/2025,
896,166.2,gf,3.410,mm,OK,--,9:31:23 PM,3/2/2025,
897,166.9,gf,3.410,mm,OK,--,9:31:23 PM,3/2/2025,
898,167.5,gf,3.410,mm,OK,--,9:31:23 PM,3/2/2025,
899,168.3,gf,3.410,mm,OK,--,9:31:23 PM,3/2/2025,
900,169.1,gf,3.410,mm,OK,--,9:31:23 PM,3/2/2025,
901,169.6,gf,3.410,mm,OK,--,9:31:23 PM,3/2/2025,
902,170.0,gf,3.410,mm,OK,--,9:31:23 PM,3/2/2025,
903,170.5,gf,3.410,mm,OK,--,9:31:23 PM,3/2/2025,
904,171.0,gf,3.415,mm,OK,--,9:31:24 PM,3/2/2025,
905,171.4,gf,3.415,mm,OK,--,9:31:24 PM,3/2/2025,
906,172.0,gf,3.415,mm,OK,--,9:31:24 PM,3/2/2025,
907,172.9,gf,3.415,mm,OK,--,9:31:24 PM,3/2/2025,
908,174.2,gf,3.415,mm,OK,--,9:31:24 PM,3/2/2025,
909,175.7,gf,3.415,mm,OK,--,9:31:24 PM,3/2/2025,
910,177.2,gf,3.420,mm,OK,--,9:31:24 PM,3/2/2025,
911,178.5,gf,3.420,mm,OK,--,9:31:24 PM,3/2/2025,
912,179.7,gf,3.420,mm,OK,--,9:31:24 PM,3/2/2025,
913,181.0,gf,3.420,mm,OK,--,9:31:24 PM,3/2/2025,
914,182.7,gf,3.425,mm,OK,--,9:31:25 PM,3/2/2025,
915,184.2,gf,3.425,mm,OK,--,9:31:25 PM,3/2/2025,
916,185.6,gf,3.425,mm,OK,--,9:31:25 PM,3/2/2025,
917,187.4,gf,3.430,mm,OK,--,9:31:25 PM,3/2/2025,
918,189.2,gf,3.430,mm,OK,--,9:31:25 PM,3/2/2025,
919,190.9,gf,3.430,mm,OK,--,9:31:25 PM,3/2/2025,
920,192.7,gf,3.435,mm,OK,--,9:31:25 PM,3/2/2025,
921,194.2,gf,3.435,mm,OK,--,9:31:25 PM,3/2/2025,
922,195.0,gf,3.435,mm,OK,--,9:31:25 PM,3/2/2025,
923,195.5,gf,3.435,mm,OK,--,9:31:25 PM,3/2/2025,
924,195.9,gf,3.435,mm,OK,--,9:31:26 PM,3/2/2025,
925,196.2,gf,3.435,mm,OK,--,9:31:26 PM,3/2/2025,
926,196.1,gf,3.435,mm,OK,--,9:31:26 PM,3/2/2025,
927,196.1,gf,3.435,mm,OK,--,9:31:26 PM,3/2/2025,
928,196.1,gf,3.435,mm,OK,--,9:31:26 PM,3/2/2025,
929,196.2,gf,3.435,mm,OK,--,9:31:26 PM,3/2/2025,
930,196.0,gf,3.435,mm,OK,--,9:31:26 PM,3/2/2025,
931,196.0,gf,3.435,mm,OK,--,9:31:26 PM,3/2/2025,
932,196.0,gf,3.435,mm,OK,--,9:31:26 PM,3/2/2025,
933,196.0,gf,3.435,mm,OK,--,9:31:26 PM,3/2/2025,
934,196.0,gf,3.435,mm,OK,--,9:31:27 PM,3/2/2025,
935,196.0,gf,3.435,mm,OK,--,9:31:27 PM,3/2/2025,
936,196.0,gf,3.435,mm,OK,--,9:31:27 PM,3/2/2025,
937,196.0,gf,3.435,mm,OK,--,9:31:27 PM,3/2/2025,
938,196.0,gf,3.435,mm,OK,--,9:31:27 PM,3/2/2025,
939,195.9,gf,3.435,mm,OK,--,9:31:27 PM,3/2/2025,
940,195.8,gf,3.435,mm,OK,--,9:31:27 PM,3/2/2025,
941,195.7,gf,3.435,mm,OK,--,9:31:27 PM,3/2/2025,
942,195.6,gf,3.435,mm,OK,--,9:31:27 PM,3/2/2025,
943,195.3,gf,3.435,mm,OK,--,9:31:27 PM,3/2/2025,
944,195.1,gf,3.435,mm,OK,--,9:31:28 PM,3/2/2025,
945,194.8,gf,3.435,mm,OK,--,9:31:28 PM,3/2/2025,
946,194.3,gf,3.435,mm,OK,--,9:31:28 PM,3/2/2025,
947,193.8,gf,3.435,mm,OK,--,9:31:28 PM,3/2/2025,
948,192.5,gf,3.435,mm,OK,--,9:31:28 PM,3/2/2025,
949,190.4,gf,3.435,mm,OK,--,9:31:28 PM,3/2/2025,
950,188.3,gf,3.430,mm,OK,--,9:31:28 PM,3/2/2025,
951,186.7,gf,3.430,mm,OK,--,9:31:28 PM,3/2/2025,
952,185.7,gf,3.430,mm,OK,--,9:31:28 PM,3/2/2025,
953,184.7,gf,3.430,mm,OK,--,9:31:28 PM,3/2/2025,
954,183.6,gf,3.425,mm,OK,--,9:31:29 PM,3/2/2025,
955,182.6,gf,3.425,mm,OK,--,9:31:29 PM,3/2/2025,
956,181.7,gf,3.425,mm,OK,--,9:31:29 PM,3/2/2025,
957,180.9,gf,3.425,mm,OK,--,9:31:29 PM,3/2/2025,
958,180.0,gf,3.425,mm,OK,--,9:31:29 PM,3/2/2025,
959,179.1,gf,3.425,mm,OK,--,9:31:29 PM,3/2/2025,
960,177.7,gf,3.420,mm,OK,--,9:31:29 PM,3/2/2025,
961,176.7,gf,3.420,mm,OK,--,9:31:29 PM,3/2/2025,
962,175.9,gf,3.420,mm,OK,--,9:31:29 PM,3/2/2025,
963,174.9,gf,3.420,mm,OK,--,9:31:29 PM,3/2/2025,
964,174.2,gf,3.420,mm,OK,--,9:31:30 PM,3/2/2025,
965,173.4,gf,3.420,mm,OK,--,9:31:30 PM,3/2/2025,
966,172.9,gf,3.415,mm,OK,--,9:31:30 PM,3/2/2025,
967,172.5,gf,3.415,mm,OK,--,9:31:30 PM,3/2/2025,
968,171.7,gf,3.415,mm,OK,--,9:31:30 PM,3/2/2025,
969,170.6,gf,3.415,mm,OK,--,9:31:30 PM,3/2/2025,
970,169.7,gf,3.415,mm,OK,--,9:31:30 PM,3/2/2025,
971,169.0,gf,3.415,mm,OK,--,9:31:30 PM,3/2/2025,
972,168.6,gf,3.415,mm,OK,--,9:31:30 PM,3/2/2025,
973,168.2,gf,3.415,mm,OK,--,9:31:30 PM,3/2/2025,
974,167.9,gf,3.415,mm,OK,--,9:31:31 PM,3/2/2025,
975,167.1,gf,3.410,mm,OK,--,9:31:31 PM,3/2/2025,
976,166.5,gf,3.410,mm,OK,--,9:31:31 PM,3/2/2025,
977,166.0,gf,3.410,mm,OK,--,9:31:31 PM,3/2/2025,
978,165.7,gf,3.410,mm,OK,--,9:31:31 PM,3/2/2025,
979,165.5,gf,3.410,mm,OK,--,9:31:31 PM,3/2/2025,
980,165.5,gf,3.410,mm,OK,--,9:31:31 PM,3/2/2025,
981,165.4,gf,3.410,mm,OK,--,9:31:31 PM,3/2/2025,
982,165.2,gf,3.410,mm,OK,--,9:31:31 PM,3/2/2025,
983,165.1,gf,3.410,mm,OK,--,9:31:31 PM,3/2/2025,
984,164.6,gf,3.410,mm,OK,--,9:31:32 PM,3/2/2025,
985,163.9,gf,3.410,mm,OK,--,9:31:32 PM,3/2/2025,
986,163.4,gf,3.410,mm,OK,--,9:31:32 PM,3/2/2025,
987,163.2,gf,3.410,mm,OK,--,9:31:32 PM,3/2/2025,
988,163.0,gf,3.410,mm,OK,--,9:31:32 PM,3/2/2025,
989,162.7,gf,3.410,mm,OK,--,9:31:32 PM,3/2/2025,
990,162.5,gf,3.410,mm,OK,--,9:31:32 PM,3/2/2025,
991,162.0,gf,3.410,mm,OK,--,9:31:32 PM,3/2/2025,
992,161.6,gf,3.405,mm,OK,--,9:31:32 PM,3/2/2025,
993,160.9,gf,3.405,mm,OK,--,9:31:32 PM,3/2/2025,
994,160.2,gf,3.405,mm,OK,--,9:31:33 PM,3/2/2025,
995,159.1,gf,3.405,mm,OK,--,9:31:33 PM,3/2/2025,
996,158.3,gf,3.405,mm,OK,--,9:31:33 PM,3/2/2025,
997,157.4,gf,3.405,mm,OK,--,9:31:33 PM,3/2/2025,
998,156.7,gf,3.405,mm,OK,--,9:31:33 PM,3/2/2025,
999,155.8,gf,3.400,mm,OK,--,9:31:33 PM,3/2/2025,
1000,155.0,gf,3.400,mm,OK,--,9:31:33 PM,3/2/2025,
1001,154.2,gf,3.400,mm,OK,--,9:31:33 PM,3/2/2025,
1002,153.3,gf,3.400,mm,OK,--,9:31:33 PM,3/2/2025,
1003,152.4,gf,3.400,mm,OK,--,9:31:33 PM,3/2/2025,
1004,151.3,gf,3.400,mm,OK,--,9:31:34 PM,3/2/2025,
1005,150.2,gf,3.395,mm,OK,--,9:31:34 PM,3/2/2025,
1006,149.1,gf,3.395,mm,OK,--,9:31:34 PM,3/2/2025,
1007,148.3,gf,3.395,mm,OK,--,9:31:34 PM,3/2/2025,
1008,147.6,gf,3.395,mm,OK,--,9:31:34 PM,3/2/2025,
1009,146.7,gf,3.395,mm,OK,--,9:31:34 PM,3/2/2025,
1010,146.1,gf,3.395,mm,OK,--,9:31:34 PM,3/2/2025,
1011,145.7,gf,3.390,mm,OK,--,9:31:34 PM,3/2/2025,
1012,145.3,gf,3.390,mm,OK,--,9:31:34 PM,3/2/2025,
1013,145.0,gf,3.390,mm,OK,--,9:31:34 PM,3/2/2025,
1014,144.6,gf,3.390,mm,OK,--,9:31:35 PM,3/2/2025,
1015,144.2,gf,3.390,mm,OK,--,9:31:35 PM,3/2/2025,
1016,144.0,gf,3.390,mm,OK,--,9:31:35 PM,3/2/2025,
1017,143.8,gf,3.390,mm,OK,--,9:31:35 PM,3/2/2025,
1018,143.7,gf,3.390,mm,OK,--,9:31:35 PM,3/2/2025,
1019,143.4,gf,3.390,mm,OK,--,9:31:35 PM,3/2/2025,
1020,143.3,gf,3.390,mm,OK,--,9:31:35 PM,3/2/2025,
1021,143.1,gf,3.390,mm,OK,--,9:31:35 PM,3/2/2025,
1022,142.9,gf,3.390,mm,OK,--,9:31:35 PM,3/2/2025,
1023,142.4,gf,3.390,mm,OK,--,9:31:35 PM,3/2/2025,
1024,142.1,gf,3.390,mm,OK,--,9:31:36 PM,3/2/2025,
1025,141.8,gf,3.390,mm,OK,--,9:31:36 PM,3/2/2025,
1026,141.5,gf,3.390,mm,OK,--,9:31:36 PM,3/2/2025,
1027,141.3,gf,3.390,mm,OK,--,9:31:36 PM,3/2/2025,
1028,140.9,gf,3.390,mm,OK,--,9:31:36 PM,3/2/2025,
1029,140.5,gf,3.385,mm,OK,--,9:31:36 PM,3/2/2025,
1030,140.3,gf,3.385,mm,OK,--,9:31:36 PM,3/2/2025,
1031,140.0,gf,3.385,mm,OK,--,9:31:36 PM,3/2/2025,
1032,139.6,gf,3.385,mm,OK,--,9:31:36 PM,3/2/2025,
1033,139.3,gf,3.385,mm,OK,--,9:31:36 PM,3/2/2025,
1034,138.9,gf,3.385,mm,OK,--,9:31:37 PM,3/2/2025,
1035,138.5,gf,3.385,mm,OK,--,9:31:37 PM,3/2/2025,
1036,138.1,gf,3.385,mm,OK,--,9:31:37 PM,3/2/2025,
1037,137.9,gf,3.385,mm,OK,--,9:31:37 PM,3/2/2025,
1038,137.7,gf,3.385,mm,OK,--,9:31:37 PM,3/2/2025,
1039,137.3,gf,3.385,mm,OK,--,9:31:37 PM,3/2/2025,
1040,136.5,gf,3.385,mm,OK,--,9:31:37 PM,3/2/2025,
1041,136.0,gf,3.385,mm,OK,--,9:31:37 PM,3/2/2025,
1042,135.3,gf,3.380,mm,OK,--,9:31:37 PM,3/2/2025,
1043,134.7,gf,3.380,mm,OK,--,9:31:37 PM,3/2/2025,
1044,134.0,gf,3.380,mm,OK,--,9:31:38 PM,3/2/2025,
1045,133.3,gf,3.380,mm,OK,--,9:31:38 PM,3/2/2025,
1046,132.8,gf,3.380,mm,OK,--,9:31:38 PM,3/2/2025,
1047,132.3,gf,3.380,mm,OK,--,9:31:38 PM,3/2/2025,
1048,131.9,gf,3.380,mm,OK,--,9:31:38 PM,3/2/2025,
1049,131.6,gf,3.380,mm,OK,--,9:31:38 PM,3/2/2025,
1050,131.2,gf,3.380,mm,OK,--,9:31:38 PM,3/2/2025,
1051,130.9,gf,3.380,mm,OK,--,9:31:38 PM,3/2/2025,
1052,130.4,gf,3.380,mm,OK,--,9:31:38 PM,3/2/2025,
1053,129.9,gf,3.375,mm,OK,--,9:31:38 PM,3/2/2025,
1054,129.4,gf,3.375,mm,OK,--,9:31:39 PM,3/2/2025,
1055,128.7,gf,3.375,mm,OK,--,9:31:39 PM,3/2/2025,
1056,128.2,gf,3.375,mm,OK,--,9:31:39 PM,3/2/2025,
1057,127.8,gf,3.375,mm,OK,--,9:31:39 PM,3/2/2025,
1058,127.4,gf,3.375,mm,OK,--,9:31:39 PM,3/2/2025,
1059,127.0,gf,3.375,mm,OK,--,9:31:39 PM,3/2/2025,
1060,126.7,gf,3.375,mm,OK,--,9:31:39 PM,3/2/2025,
1061,126.5,gf,3.375,mm,OK,--,9:31:39 PM,3/2/2025,
1062,126.2,gf,3.375,mm,OK,--,9:31:39 PM,3/2/2025,
1063,125.9,gf,3.375,mm,OK,--,9:31:39 PM,3/2/2025,
1064,125.8,gf,3.375,mm,OK,--,9:31:40 PM,3/2/2025,
1065,125.5,gf,3.370,mm,OK,--,9:31:40 PM,3/2/2025,
1066,125.2,gf,3.370,mm,OK,--,9:31:40 PM,3/2/2025,
1067,125.0,gf,3.370,mm,OK,--,9:31:40 PM,3/2/2025,
1068,124.7,gf,3.370,mm,OK,--,9:31:40 PM,3/2/2025,
1069,124.5,gf,3.370,mm,OK,--,9:31:40 PM,3/2/2025,
1070,124.2,gf,3.370,mm,OK,--,9:31:40 PM,3/2/2025,
1071,123.9,gf,3.370,mm,OK,--,9:31:40 PM,3/2/2025,
1072,123.6,gf,3.370,mm,OK,--,9:31:40 PM,3/2/2025,
1073,123.2,gf,3.370,mm,OK,--,9:31:40 PM,3/2/2025,
1074,122.8,gf,3.370,mm,OK,--,9:31:41 PM,3/2/2025,
1075,122.4,gf,3.370,mm,OK,--,9:31:41 PM,3/2/2025,
1076,121.9,gf,3.370,mm,OK,--,9:31:41 PM,3/2/2025,
1077,121.4,gf,3.370,mm,OK,--,9:31:41 PM,3/2/2025,
1078,120.9,gf,3.370,mm,OK,--,9:31:41 PM,3/2/2025,
1079,120.3,gf,3.365,mm,OK,--,9:31:41 PM,3/2/2025,
1080,119.9,gf,3.365,mm,OK,--,9:31:41 PM,3/2/2025,
1081,119.4,gf,3.365,mm,OK,--,9:31:41 PM,3/2/2025,
1082,119.0,gf,3.365,mm,OK,--,9:31:41 PM,3/2/2025,
1083,118.6,gf,3.365,mm,OK,--,9:31:41 PM,3/2/2025,
1084,118.1,gf,3.365,mm,OK,--,9:31:42 PM,3/2/2025,
1085,117.7,gf,3.365,mm,OK,--,9:31:42 PM,3/2/2025,
1086,117.2,gf,3.365,mm,OK,--,9:31:42 PM,3/2/2025,
1087,116.8,gf,3.365,mm,OK,--,9:31:42 PM,3/2/2025,
1088,116.4,gf,3.365,mm,OK,--,9:31:42 PM,3/2/2025,
1089,115.9,gf,3.365,mm,OK,--,9:31:42 PM,3/2/2025,
1090,115.6,gf,3.365,mm,OK,--,9:31:42 PM,3/2/2025,
1091,115.1,gf,3.360,mm,OK,--,9:31:42 PM,3/2/2025,
1092,114.8,gf,3.360,mm,OK,--,9:31:42 PM,3/2/2025,
1093,114.6,gf,3.360,mm,OK,--,9:31:42 PM,3/2/2025,
1094,114.4,gf,3.360,mm,OK,--,9:31:43 PM,3/2/2025,
1095,113.7,gf,3.360,mm,OK,--,9:31:43 PM,3/2/2025,
1096,113.3,gf,3.360,mm,OK,--,9:31:43 PM,3/2/2025,
1097,112.8,gf,3.360,mm,OK,--,9:31:43 PM,3/2/2025,
1098,112.4,gf,3.360,mm,OK,--,9:31:43 PM,3/2/2025,
1099,112.2,gf,3.360,mm,OK,--,9:31:43 PM,3/2/2025,
1100,111.8,gf,3.360,mm,OK,--,9:31:43 PM,3/2/2025,
1101,111.4,gf,3.360,mm,OK,--,9:31:43 PM,3/2/2025,
1102,110.9,gf,3.360,mm,OK,--,9:31:43 PM,3/2/2025,
1103,110.4,gf,3.355,mm,OK,--,9:31:43 PM,3/2/2025,
1104,110.0,gf,3.355,mm,OK,--,9:31:44 PM,3/2/2025,
1105,109.4,gf,3.355,mm,OK,--,9:31:44 PM,3/2/2025,
1106,108.9,gf,3.355,mm,OK,--,9:31:44 PM,3/2/2025,
1107,108.6,gf,3.355,mm,OK,--,9:31:44 PM,3/2/2025,
1108,108.2,gf,3.355,mm,OK,--,9:31:44 PM,3/2/2025,
1109,107.7,gf,3.355,mm,OK,--,9:31:44 PM,3/2/2025,
1110,107.3,gf,3.355,mm,OK,--,9:31:44 PM,3/2/2025,
1111,106.8,gf,3.355,mm,OK,--,9:31:44 PM,3/2/2025,
1112,106.4,gf,3.355,mm,OK,--,9:31:44 PM,3/2/2025,
1113,105.9,gf,3.355,mm,OK,--,9:31:44 PM,3/2/2025,
1114,105.5,gf,3.350,mm,OK,--,9:31:45 PM,3/2/2025,
1115,105.0,gf,3.350,mm,OK,--,9:31:45 PM,3/2/2025,
1116,104.5,gf,3.350,mm,OK,--,9:31:45 PM,3/2/2025,
1117,103.9,gf,3.350,mm,OK,--,9:31:45 PM,3/2/2025,
1118,103.4,gf,3.350,mm,OK,--,9:31:45 PM,3/2/2025,
1119,102.9,gf,3.350,mm,OK,--,9:31:45 PM,3/2/2025,
1120,102.3,gf,3.350,mm,OK,--,9:31:45 PM,3/2/2025,
1121,101.4,gf,3.350,mm,OK,--,9:31:45 PM,3/2/2025,
1122,100.3,gf,3.345,mm,OK,--,9:31:45 PM,3/2/2025,
1123,99.2,gf,3.345,mm,OK,--,9:31:45 PM,3/2/2025,
1124,98.0,gf,3.345,mm,OK,--,9:31:46 PM,3/2/2025,
1125,97.0,gf,3.345,mm,OK,--,9:31:46 PM,3/2/2025,
1126,96.0,gf,3.345,mm,OK,--,9:31:46 PM,3/2/2025,
1127,94.8,gf,3.340,mm,OK,--,9:31:46 PM,3/2/2025,
1128,93.6,gf,3.340,mm,OK,--,9:31:46 PM,3/2/2025,
1129,92.3,gf,3.340,mm,OK,--,9:31:46 PM,3/2/2025,
1130,91.0,gf,3.340,mm,OK,--,9:31:46 PM,3/2/2025,
1131,89.6,gf,3.335,mm,OK,--,9:31:46 PM,3/2/2025,
1132,88.3,gf,3.335,mm,OK,--,9:31:46 PM,3/2/2025,
1133,86.8,gf,3.335,mm,OK,--,9:31:46 PM,3/2/2025,
1134,84.2,gf,3.330,mm,OK,--,9:31:47 PM,3/2/2025,
1135,81.8,gf,3.330,mm,OK,--,9:31:47 PM,3/2/2025,
1136,80.0,gf,3.325,mm,OK,--,9:31:47 PM,3/2/2025,
1137,78.3,gf,3.325,mm,OK,--,9:31:47 PM,3/2/2025,
1138,76.7,gf,3.325,mm,OK,--,9:31:47 PM,3/2/2025,
1139,74.8,gf,3.320,mm,OK,--,9:31:47 PM,3/2/2025,
1140,72.9,gf,3.320,mm,OK,--,9:31:47 PM,3/2/2025,
1141,71.2,gf,3.320,mm,OK,--,9:31:47 PM,3/2/2025,
1142,69.3,gf,3.315,mm,OK,--,9:31:47 PM,3/2/2025,
1143,67.1,gf,3.315,mm,OK,--,9:31:47 PM,3/2/2025,
1144,64.5,gf,3.310,mm,OK,--,9:31:48 PM,3/2/2025,
1145,61.7,gf,3.310,mm,OK,--,9:31:48 PM,3/2/2025,
1146,59.0,gf,3.305,mm,OK,--,9:31:48 PM,3/2/2025,
1147,56.2,gf,3.300,mm,OK,--,9:31:48 PM,3/2/2025,
1148,53.8,gf,3.300,mm,OK,--,9:31:48 PM,3/2/2025,
1149,52.9,gf,3.295,mm,OK,--,9:31:48 PM,3/2/2025,
1150,52.4,gf,3.290,mm,OK,--,9:31:48 PM,3/2/2025,
1151,52.2,gf,3.290,mm,OK,--,9:31:48 PM,3/2/2025,
1152,52.2,gf,3.285,mm,OK,--,9:31:48 PM,3/2/2025,
1153,52.1,gf,3.285,mm,OK,--,9:31:48 PM,3/2/2025,
1154,52.1,gf,3.280,mm,OK,--,9:31:49 PM,3/2/2025,
1155,52.1,gf,3.275,mm,OK,--,9:31:49 PM,3/2/2025,
1156,52.0,gf,3.270,mm,OK,--,9:31:49 PM,3/2/2025,
1157,52.0,gf,3.265,mm,OK,--,9:31:49 PM,3/2/2025,
1158,51.9,gf,3.265,mm,OK,--,9:31:49 PM,3/2/2025,
1159,51.9,gf,3.260,mm,OK,--,9:31:49 PM,3/2/2025,
1160,51.8,gf,3.255,mm,OK,--,9:31:49 PM,3/2/2025,
1161,51.8,gf,3.250,mm,OK,--,9:31:49 PM,3/2/2025,
1162,51.8,gf,3.250,mm,OK,--,9:31:49 PM,3/2/2025,
1163,51.7,gf,3.245,mm,OK,--,9:31:49 PM,3/2/2025,
1164,51.7,gf,3.245,mm,OK,--,9:31:50 PM,3/2/2025,
1165,51.7,gf,3.240,mm,OK,--,9:31:50 PM,3/2/2025,
1166,51.7,gf,3.240,mm,OK,--,9:31:50 PM,3/2/2025,
1167,51.6,gf,3.235,mm,OK,--,9:31:50 PM,3/2/2025,
1168,51.5,gf,3.230,mm,OK,--,9:31:50 PM,3/2/2025,
1169,51.5,gf,3.225,mm,OK,--,9:31:50 PM,3/2/2025,
1170,51.4,gf,3.220,mm,OK,--,9:31:50 PM,3/2/2025,
1171,51.4,gf,3.215,mm,OK,--,9:31:50 PM,3/2/2025,
1172,51.3,gf,3.205,mm,OK,--,9:31:50 PM,3/2/2025,
1173,51.3,gf,3.200,mm,OK,--,9:31:50 PM,3/2/2025,
1174,51.3,gf,3.195,mm,OK,--,9:31:51 PM,3/2/2025,
1175,51.3,gf,3.195,mm,OK,--,9:31:51 PM,3/2/2025,
1176,51.3,gf,3.190,mm,OK,--,9:31:51 PM,3/2/2025,
1177,51.3,gf,3.185,mm,OK,--,9:31:51 PM,3/2/2025,
1178,51.2,gf,3.185,mm,OK,--,9:31:51 PM,3/2/2025,
1179,51.2,gf,3.180,mm,OK,--,9:31:51 PM,3/2/2025,
1180,51.2,gf,3.175,mm,OK,--,9:31:51 PM,3/2/2025,
1181,51.1,gf,3.170,mm,OK,--,9:31:51 PM,3/2/2025,
1182,51.1,gf,3.165,mm,OK,--,9:31:51 PM,3/2/2025,
1183,51.1,gf,3.160,mm,OK,--,9:31:51 PM,3/2/2025,
1184,51.0,gf,3.160,mm,OK,--,9:31:52 PM,3/2/2025,
1185,51.0,gf,3.155,mm,OK,--,9:31:52 PM,3/2/2025,
1186,51.0,gf,3.150,mm,OK,--,9:31:52 PM,3/2/2025,
1187,50.9,gf,3.145,mm,OK,--,9:31:52 PM,3/2/2025,
1188,50.9,gf,3.140,mm,OK,--,9:31:52 PM,3/2/2025,
1189,50.9,gf,3.135,mm,OK,--,9:31:52 PM,3/2/2025,
1190,50.8,gf,3.130,mm,OK,--,9:31:52 PM,3/2/2025,
1191,50.8,gf,3.125,mm,OK,--,9:31:52 PM,3/2/2025,
1192,50.8,gf,3.120,mm,OK,--,9:31:52 PM,3/2/2025,
1193,50.7,gf,3.110,mm,OK,--,9:31:52 PM,3/2/2025,
1194,50.7,gf,3.100,mm,OK,--,9:31:53 PM,3/2/2025,
1195,50.6,gf,3.095,mm,OK,--,9:31:53 PM,3/2/2025,
1196,50.6,gf,3.085,mm,OK,--,9:31:53 PM,3/2/2025,
1197,50.6,gf,3.080,mm,OK,--,9:31:53 PM,3/2/2025,
1198,50.5,gf,3.070,mm,OK,--,9:31:53 PM,3/2/2025,
1199,50.5,gf,3.060,mm,OK,--,9:31:53 PM,3/2/2025,
1200,50.5,gf,3.055,mm,OK,--,9:31:53 PM,3/2/2025,
1201,50.4,gf,3.050,mm,OK,--,9:31:53 PM,3/2/2025,
1202,50.4,gf,3.040,mm,OK,--,9:31:53 PM,3/2/2025,
1203,50.3,gf,3.040,mm,OK,--,9:31:53 PM,3/2/2025,
1204,50.3,gf,3.035,mm,OK,--,9:31:54 PM,3/2/2025,
1205,50.3,gf,3.035,mm,OK,--,9:31:54 PM,3/2/2025,
1206,50.2,gf,3.030,mm,OK,--,9:31:54 PM,3/2/2025,
1207,50.2,gf,3.025,mm,OK,--,9:31:54 PM,3/2/2025,
1208,50.2,gf,3.020,mm,OK,--,9:31:54 PM,3/2/2025,
1209,50.2,gf,3.015,mm,OK,--,9:31:54 PM,3/2/2025,
1210,50.2,gf,3.010,mm,OK,--,9:31:54 PM,3/2/2025,
1211,50.2,gf,3.005,mm,OK,--,9:31:54 PM,3/2/2025,
1212,50.1,gf,3.000,mm,OK,--,9:31:54 PM,3/2/2025,
1213,50.1,gf,2.995,mm,OK,--,9:31:54 PM,3/2/2025,
1214,50.1,gf,2.990,mm,OK,--,9:31:55 PM,3/2/2025,
1215,50.0,gf,2.985,mm,OK,--,9:31:55 PM,3/2/2025,
1216,50.0,gf,2.985,mm,OK,--,9:31:55 PM,3/2/2025,
1217,50.0,gf,2.980,mm,OK,--,9:31:55 PM,3/2/2025,
1218,50.0,gf,2.980,mm,OK,--,9:31:55 PM,3/2/2025,
1219,50.0,gf,2.975,mm,OK,--,9:31:55 PM,3/2/2025,
1220,50.0,gf,2.975,mm,OK,--,9:31:55 PM,3/2/2025,
1221,49.9,gf,2.965,mm,OK,--,9:31:55 PM,3/2/2025,
1222,49.9,gf,2.960,mm,OK,--,9:31:55 PM,3/2/2025,
1223,49.9,gf,2.955,mm,OK,--,9:31:55 PM,3/2/2025,
1224,49.9,gf,2.950,mm,OK,--,9:31:56 PM,3/2/2025,
1225,49.8,gf,2.945,mm,OK,--,9:31:56 PM,3/2/2025,
1226,49.8,gf,2.940,mm,OK,--,9:31:56 PM,3/2/2025,
1227,49.9,gf,2.935,mm,OK,--,9:31:56 PM,3/2/2025,
1228,49.8,gf,2.930,mm,OK,--,9:31:56 PM,3/2/2025,
1229,49.8,gf,2.925,mm,OK,--,9:31:56 PM,3/2/2025,
1230,49.7,gf,2.920,mm,OK,--,9:31:56 PM,3/2/2025,
1231,49.7,gf,2.910,mm,OK,--,9:31:56 PM,3/2/2025,
1232,49.6,gf,2.905,mm,OK,--,9:31:56 PM,3/2/2025,
1233,49.6,gf,2.900,mm,OK,--,9:31:56 PM,3/2/2025,
1234,49.6,gf,2.890,mm,OK,--,9:31:57 PM,3/2/2025,
1235,49.6,gf,2.880,mm,OK,--,9:31:57 PM,3/2/2025,
1236,49.5,gf,2.870,mm,OK,--,9:31:57 PM,3/2/2025,
1237,49.5,gf,2.865,mm,OK,--,9:31:57 PM,3/2/2025,
1238,49.3,gf,2.855,mm,OK,--,9:31:57 PM,3/2/2025,
1239,49.2,gf,2.850,mm,OK,--,9:31:57 PM,3/2/2025,
1240,49.1,gf,2.845,mm,OK,--,9:31:57 PM,3/2/2025,
1241,49.1,gf,2.840,mm,OK,--,9:31:57 PM,3/2/2025,
1242,49.0,gf,2.840,mm,OK,--,9:31:57 PM,3/2/2025,
1243,49.0,gf,2.835,mm,OK,--,9:31:57 PM,3/2/2025,
1244,49.0,gf,2.835,mm,OK,--,9:31:58 PM,3/2/2025,
1245,48.9,gf,2.830,mm,OK,--,9:31:58 PM,3/2/2025,
1246,48.8,gf,2.825,mm,OK,--,9:31:58 PM,3/2/2025,
1247,48.7,gf,2.825,mm,OK,--,9:31:58 PM,3/2/2025,
1248,48.7,gf,2.820,mm,OK,--,9:31:58 PM,3/2/2025,
1249,48.7,gf,2.815,mm,OK,--,9:31:58 PM,3/2/2025,
1250,48.6,gf,2.815,mm,OK,--,9:31:58 PM,3/2/2025,
1251,48.6,gf,2.810,mm,OK,--,9:31:58 PM,3/2/2025,
1252,48.4,gf,2.805,mm,OK,--,9:31:58 PM,3/2/2025,
1253,48.3,gf,2.795,mm,OK,--,9:31:58 PM,3/2/2025,
1254,48.3,gf,2.790,mm,OK,--,9:31:59 PM,3/2/2025,
1255,48.2,gf,2.785,mm,OK,--,9:31:59 PM,3/2/2025,
1256,48.2,gf,2.780,mm,OK,--,9:31:59 PM,3/2/2025,
1257,48.1,gf,2.775,mm,OK,--,9:31:59 PM,3/2/2025,
1258,48.1,gf,2.770,mm,OK,--,9:31:59 PM,3/2/2025,
1259,48.1,gf,2.765,mm,OK,--,9:31:59 PM,3/2/2025,
1260,48.1,gf,2.760,mm,OK,--,9:31:59 PM,3/2/2025,
1261,48.0,gf,2.755,mm,OK,--,9:31:59 PM,3/2/2025,
1262,48.0,gf,2.750,mm,OK,--,9:31:59 PM,3/2/2025,
1263,47.9,gf,2.745,mm,OK,--,9:31:59 PM,3/2/2025,
1264,47.9,gf,2.735,mm,OK,--,9:32:00 PM,3/2/2025,
1265,47.8,gf,2.720,mm,OK,--,9:32:00 PM,3/2/2025,
1266,47.7,gf,2.710,mm,OK,--,9:32:00 PM,3/2/2025,
1267,47.6,gf,2.700,mm,OK,--,9:32:00 PM,3/2/2025,
1268,47.5,gf,2.690,mm,OK,--,9:32:00 PM,3/2/2025,
1269,47.5,gf,2.685,mm,OK,--,9:32:00 PM,3/2/2025,
1270,47.4,gf,2.680,mm,OK,--,9:32:00 PM,3/2/2025,
1271,47.4,gf,2.670,mm,OK,--,9:32:00 PM,3/2/2025,
1272,47.4,gf,2.670,mm,OK,--,9:32:00 PM,3/2/2025,
1273,47.3,gf,2.665,mm,OK,--,9:32:00 PM,3/2/2025,
1274,47.2,gf,2.660,mm,OK,--,9:32:01 PM,3/2/2025,
1275,47.2,gf,2.655,mm,OK,--,9:32:01 PM,3/2/2025,
1276,47.2,gf,2.650,mm,OK,--,9:32:01 PM,3/2/2025,
1277,47.1,gf,2.645,mm,OK,--,9:32:01 PM,3/2/2025,
1278,47.1,gf,2.635,mm,OK,--,9:32:01 PM,3/2/2025,
1279,47.0,gf,2.630,mm,OK,--,9:32:01 PM,3/2/2025,
1280,46.9,gf,2.625,mm,OK,--,9:32:01 PM,3/2/2025,
1281,46.9,gf,2.620,mm,OK,--,9:32:01 PM,3/2/2025,
1282,46.9,gf,2.615,mm,OK,--,9:32:01 PM,3/2/2025,
1283,46.8,gf,2.610,mm,OK,--,9:32:01 PM,3/2/2025,
1284,46.7,gf,2.610,mm,OK,--,9:32:02 PM,3/2/2025,
1285,46.6,gf,2.605,mm,OK,--,9:32:02 PM,3/2/2025,
1286,46.6,gf,2.600,mm,OK,--,9:32:02 PM,3/2/2025,
1287,46.5,gf,2.595,mm,OK,--,9:32:02 PM,3/2/2025,
1288,46.4,gf,2.590,mm,OK,--,9:32:02 PM,3/2/2025,
1289,46.3,gf,2.590,mm,OK,--,9:32:02 PM,3/2/2025,
1290,46.0,gf,2.585,mm,OK,--,9:32:02 PM,3/2/2025,
1291,45.8,gf,2.580,mm,OK,--,9:32:02 PM,3/2/2025,
1292,45.5,gf,2.575,mm,OK,--,9:32:02 PM,3/2/2025,
1293,45.2,gf,2.570,mm,OK,--,9:32:02 PM,3/2/2025,
1294,45.0,gf,2.565,mm,OK,--,9:32:03 PM,3/2/2025,
1295,44.7,gf,2.560,mm,OK,--,9:32:03 PM,3/2/2025,
1296,44.4,gf,2.555,mm,OK,--,9:32:03 PM,3/2/2025,
1297,44.1,gf,2.550,mm,OK,--,9:32:03 PM,3/2/2025,
1298,43.9,gf,2.545,mm,OK,--,9:32:03 PM,3/2/2025,
1299,43.6,gf,2.540,mm,OK,--,9:32:03 PM,3/2/2025,
1300,43.3,gf,2.535,mm,OK,--,9:32:03 PM,3/2/2025,
1301,43.0,gf,2.530,mm,OK,--,9:32:03 PM,3/2/2025,
1302,42.7,gf,2.525,mm,OK,--,9:32:03 PM,3/2/2025,
1303,42.4,gf,2.520,mm,OK,--,9:32:03 PM,3/2/2025,
1304,42.0,gf,2.515,mm,OK,--,9:32:04 PM,3/2/2025,
1305,41.6,gf,2.505,mm,OK,--,9:32:04 PM,3/2/2025,
1306,41.2,gf,2.500,mm,OK,--,9:32:04 PM,3/2/2025,
1307,40.8,gf,2.495,mm,OK,--,9:32:04 PM,3/2/2025,
1308,40.5,gf,2.490,mm,OK,--,9:32:04 PM,3/2/2025,
1309,40.1,gf,2.485,mm,OK,--,9:32:04 PM,3/2/2025,
1310,39.7,gf,2.480,mm,OK,--,9:32:04 PM,3/2/2025,
1311,39.3,gf,2.475,mm,OK,--,9:32:04 PM,3/2/2025,
1312,38.9,gf,2.470,mm,OK,--,9:32:04 PM,3/2/2025,
1313,38.6,gf,2.465,mm,OK,--,9:32:04 PM,3/2/2025,
1314,38.3,gf,2.460,mm,OK,--,9:32:05 PM,3/2/2025,
1315,37.9,gf,2.460,mm,OK,--,9:32:05 PM,3/2/2025,
1316,37.7,gf,2.455,mm,OK,--,9:32:05 PM,3/2/2025,
1317,37.4,gf,2.450,mm,OK,--,9:32:05 PM,3/2/2025,
1318,37.0,gf,2.445,mm,OK,--,9:32:05 PM,3/2/2025,
1319,36.4,gf,2.440,mm,OK,--,9:32:05 PM,3/2/2025,
1320,35.6,gf,2.430,mm,OK,--,9:32:05 PM,3/2/2025,
1321,35.1,gf,2.420,mm,OK,--,9:32:05 PM,3/2/2025,
1322,34.6,gf,2.415,mm,OK,--,9:32:05 PM,3/2/2025,
1323,34.2,gf,2.405,mm,OK,--,9:32:05 PM,3/2/2025,
1324,33.7,gf,2.400,mm,OK,--,9:32:06 PM,3/2/2025,
1325,33.5,gf,2.395,mm,OK,--,9:32:06 PM,3/2/2025,
1326,33.2,gf,2.390,mm,OK,--,9:32:06 PM,3/2/2025,
1327,32.9,gf,2.385,mm,OK,--,9:32:06 PM,3/2/2025,
1328,32.7,gf,2.385,mm,OK,--,9:32:06 PM,3/2/2025,
1329,32.3,gf,2.375,mm,OK,--,9:32:06 PM,3/2/2025,
1330,32.2,gf,2.370,mm,OK,--,9:32:06 PM,3/2/2025,
1331,32.3,gf,2.365,mm,OK,--,9:32:06 PM,3/2/2025,
1332,32.2,gf,2.365,mm,OK,--,9:32:06 PM,3/2/2025,
1333,32.0,gf,2.360,mm,OK,--,9:32:06 PM,3/2/2025,
1334,31.9,gf,2.355,mm,OK,--,9:32:07 PM,3/2/2025,
1335,31.7,gf,2.350,mm,OK,--,9:32:07 PM,3/2/2025,
1336,31.6,gf,2.345,mm,OK,--,9:32:07 PM,3/2/2025,
1337,31.7,gf,2.340,mm,OK,--,9:32:07 PM,3/2/2025,
1338,31.7,gf,2.340,mm,OK,--,9:32:07 PM,3/2/2025,
1339,31.5,gf,2.335,mm,OK,--,9:32:07 PM,3/2/2025,
1340,31.3,gf,2.330,mm,OK,--,9:32:07 PM,3/2/2025,
1341,31.0,gf,2.330,mm,OK,--,9:32:07 PM,3/2/2025,
1342,30.9,gf,2.325,mm,OK,--,9:32:07 PM,3/2/2025,
1343,30.9,gf,2.320,mm,OK,--,9:32:07 PM,3/2/2025,
1344,30.7,gf,2.315,mm,OK,--,9:32:08 PM,3/2/2025,
1345,30.7,gf,2.310,mm,OK,--,9:32:08 PM,3/2/2025,
1346,30.7,gf,2.305,mm,OK,--,9:32:08 PM,3/2/2025,
1347,30.5,gf,2.300,mm,OK,--,9:32:08 PM,3/2/2025,
1348,30.3,gf,2.295,mm,OK,--,9:32:08 PM,3/2/2025,
1349,30.2,gf,2.290,mm,OK,--,9:32:08 PM,3/2/2025,
1350,30.2,gf,2.285,mm,OK,--,9:32:08 PM,3/2/2025,
1351,30.1,gf,2.280,mm,OK,--,9:32:08 PM,3/2/2025,
1352,29.9,gf,2.275,mm,OK,--,9:32:08 PM,3/2/2025,
1353,29.7,gf,2.270,mm,OK,--,9:32:08 PM,3/2/2025,
1354,29.6,gf,2.265,mm,OK,--,9:32:09 PM,3/2/2025,
1355,29.4,gf,2.260,mm,OK,--,9:32:09 PM,3/2/2025,
1356,29.2,gf,2.255,mm,OK,--,9:32:09 PM,3/2/2025,
1357,28.9,gf,2.250,mm,OK,--,9:32:09 PM,3/2/2025,
1358,28.6,gf,2.240,mm,OK,--,9:32:09 PM,3/2/2025,
1359,28.4,gf,2.235,mm,OK,--,9:32:09 PM,3/2/2025,
1360,28.4,gf,2.230,mm,OK,--,9:32:09 PM,3/2/2025,
1361,28.3,gf,2.220,mm,OK,--,9:32:09 PM,3/2/2025,
1362,27.6,gf,2.215,mm,OK,--,9:32:09 PM,3/2/2025,
1363,27.7,gf,2.205,mm,OK,--,9:32:09 PM,3/2/2025,
1364,27.5,gf,2.200,mm,OK,--,9:32:10 PM,3/2/2025,
1365,27.2,gf,2.190,mm,OK,--,9:32:10 PM,3/2/2025,
1366,27.0,gf,2.185,mm,OK,--,9:32:10 PM,3/2/2025,
1367,26.5,gf,2.175,mm,OK,--,9:32:10 PM,3/2/2025,
1368,26.7,gf,2.165,mm,OK,--,9:32:10 PM,3/2/2025,
1369,26.3,gf,2.155,mm,OK,--,9:32:10 PM,3/2/2025,
1370,26.1,gf,2.150,mm,OK,--,9:32:10 PM,3/2/2025,
1371,26.0,gf,2.140,mm,OK,--,9:32:10 PM,3/2/2025,
1372,25.6,gf,2.135,mm,OK,--,9:32:10 PM,3/2/2025,
1373,25.4,gf,2.125,mm,OK,--,9:32:10 PM,3/2/2025,
1374,25.3,gf,2.120,mm,OK,--,9:32:11 PM,3/2/2025,
1375,25.1,gf,2.110,mm,OK,--,9:32:11 PM,3/2/2025,
1376,24.8,gf,2.105,mm,OK,--,9:32:11 PM,3/2/2025,
1377,24.6,gf,2.100,mm,OK,--,9:32:11 PM,3/2/2025,
1378,24.5,gf,2.095,mm,OK,--,9:32:11 PM,3/2/2025,
1379,24.3,gf,2.090,mm,OK,--,9:32:11 PM,3/2/2025,
1380,24.1,gf,2.085,mm,OK,--,9:32:11 PM,3/2/2025,
1381,24.2,gf,2.075,mm,OK,--,9:32:11 PM,3/2/2025,
1382,24.0,gf,2.075,mm,OK,--,9:32:11 PM,3/2/2025,
1383,23.6,gf,2.070,mm,OK,--,9:32:11 PM,3/2/2025,
1384,23.5,gf,2.060,mm,OK,--,9:32:12 PM,3/2/2025,
1385,23.3,gf,2.055,mm,OK,--,9:32:12 PM,3/2/2025,
1386,23.4,gf,2.050,mm,OK,--,9:32:12 PM,3/2/2025,
1387,23.2,gf,2.045,mm,OK,--,9:32:12 PM,3/2/2025,
1388,22.9,gf,2.035,mm,OK,--,9:32:12 PM,3/2/2025,
1389,22.9,gf,2.030,mm,OK,--,9:32:12 PM,3/2/2025,
1390,23.0,gf,2.025,mm,OK,--,9:32:12 PM,3/2/2025,
1391,22.8,gf,2.025,mm,OK,--,9:32:12 PM,3/2/2025,
1392,22.7,gf,2.020,mm,OK,--,9:32:12 PM,3/2/2025,
1393,22.6,gf,2.015,mm,OK,--,9:32:12 PM,3/2/2025,
1394,22.5,gf,2.010,mm,OK,--,9:32:13 PM,3/2/2025,
1395,22.1,gf,2.005,mm,OK,--,9:32:13 PM,3/2/2025,
1396,21.9,gf,2.000,mm,OK,--,9:32:13 PM,3/2/2025,
1397,21.8,gf,1.995,mm,OK,--,9:32:13 PM,3/2/2025,
1398,21.4,gf,1.990,mm,OK,--,9:32:13 PM,3/2/2025,
1399,21.4,gf,1.985,mm,OK,--,9:32:13 PM,3/2/2025,
1400,21.8,gf,1.980,mm,OK,--,9:32:13 PM,3/2/2025,
1401,21.8,gf,1.975,mm,OK,--,9:32:13 PM,3/2/2025,
1402,21.4,gf,1.970,mm,OK,--,9:32:13 PM,3/2/2025,
1403,21.4,gf,1.965,mm,OK,--,9:32:13 PM,3/2/2025,
1404,21.5,gf,1.960,mm,OK,--,9:32:14 PM,3/2/2025,
1405,21.5,gf,1.960,mm,OK,--,9:32:14 PM,3/2/2025,
1406,21.3,gf,1.955,mm,OK,--,9:32:14 PM,3/2/2025,
1407,21.3,gf,1.950,mm,OK,--,9:32:14 PM,3/2/2025,
1408,21.3,gf,1.945,mm,OK,--,9:32:14 PM,3/2/2025,
1409,21.3,gf,1.940,mm,OK,--,9:32:14 PM,3/2/2025,
1410,21.4,gf,1.940,mm,OK,--,9:32:14 PM,3/2/2025,
1411,21.3,gf,1.935,mm,OK,--,9:32:14 PM,3/2/2025,
1412,21.2,gf,1.930,mm,OK,--,9:32:14 PM,3/2/2025,
1413,20.9,gf,1.930,mm,OK,--,9:32:14 PM,3/2/2025,
1414,20.7,gf,1.925,mm,OK,--,9:32:15 PM,3/2/2025,
1415,20.6,gf,1.920,mm,OK,--,9:32:15 PM,3/2/2025,
1416,20.7,gf,1.915,mm,OK,--,9:32:15 PM,3/2/2025,
1417,20.4,gf,1.910,mm,OK,--,9:32:15 PM,3/2/2025,
1418,20.2,gf,1.900,mm,OK,--,9:32:15 PM,3/2/2025,
1419,20.8,gf,1.890,mm,OK,--,9:32:15 PM,3/2/2025,
1420,21.0,gf,1.885,mm,OK,--,9:32:15 PM,3/2/2025,
1421,21.4,gf,1.880,mm,OK,--,9:32:15 PM,3/2/2025,
1422,21.2,gf,1.880,mm,OK,--,9:32:15 PM,3/2/2025,
1423,21.1,gf,1.875,mm,OK,--,9:32:15 PM,3/2/2025,
1424,21.1,gf,1.875,mm,OK,--,9:32:16 PM,3/2/2025,
1425,21.2,gf,1.870,mm,OK,--,9:32:16 PM,3/2/2025,
1426,21.1,gf,1.870,mm,OK,--,9:32:16 PM,3/2/2025,
1427,20.4,gf,1.865,mm,OK,--,9:32:16 PM,3/2/2025,
1428,20.3,gf,1.860,mm,OK,--,9:32:16 PM,3/2/2025,
1429,20.6,gf,1.855,mm,OK,--,9:32:16 PM,3/2/2025,
1430,20.3,gf,1.850,mm,OK,--,9:32:16 PM,3/2/2025,
1431,20.0,gf,1.840,mm,OK,--,9:32:16 PM,3/2/2025,
1432,20.8,gf,1.830,mm,OK,--,9:32:16 PM,3/2/2025,
1433,20.9,gf,1.820,mm,OK,--,9:32:16 PM,3/2/2025,
1434,20.7,gf,1.815,mm,OK,--,9:32:17 PM,3/2/2025,
1435,20.6,gf,1.810,mm,OK,--,9:32:17 PM,3/2/2025,
1436,20.5,gf,1.800,mm,OK,--,9:32:17 PM,3/2/2025,
1437,20.7,gf,1.795,mm,OK,--,9:32:17 PM,3/2/2025,
1438,20.6,gf,1.790,mm,OK,--,9:32:17 PM,3/2/2025,
1439,20.4,gf,1.785,mm,OK,--,9:32:17 PM,3/2/2025,
1440,20.2,gf,1.780,mm,OK,--,9:32:17 PM,3/2/2025,
1441,20.5,gf,1.775,mm,OK,--,9:32:17 PM,3/2/2025,
1442,20.6,gf,1.770,mm,OK,--,9:32:17 PM,3/2/2025,
1443,20.8,gf,1.765,mm,OK,--,9:32:17 PM,3/2/2025,
1444,20.4,gf,1.760,mm,OK,--,9:32:18 PM,3/2/2025,
1445,20.7,gf,1.755,mm,OK,--,9:32:18 PM,3/2/2025,
1446,21.1,gf,1.750,mm,OK,--,9:32:18 PM,3/2/2025,
1447,20.9,gf,1.745,mm,OK,--,9:32:18 PM,3/2/2025,
1448,20.8,gf,1.745,mm,OK,--,9:32:18 PM,3/2/2025,
1449,21.1,gf,1.740,mm,OK,--,9:32:18 PM,3/2/2025,
1450,20.9,gf,1.740,mm,OK,--,9:32:18 PM,3/2/2025,
1451,20.8,gf,1.735,mm,OK,--,9:32:18 PM,3/2/2025,
1452,20.6,gf,1.730,mm,OK,--,9:32:18 PM,3/2/2025,
1453,21.0,gf,1.730,mm,OK,--,9:32:18 PM,3/2/2025,
1454,21.0,gf,1.730,mm,OK,--,9:32:19 PM,3/2/2025,
1455,20.7,gf,1.725,mm,OK,--,9:32:19 PM,3/2/2025,
1456,20.4,gf,1.720,mm,OK,--,9:32:19 PM,3/2/2025,
1457,20.2,gf,1.720,mm,OK,--,9:32:19 PM,3/2/2025,
1458,20.5,gf,1.715,mm,OK,--,9:32:19 PM,3/2/2025,
1459,20.7,gf,1.710,mm,OK,--,9:32:19 PM,3/2/2025,
1460,20.7,gf,1.710,mm,OK,--,9:32:19 PM,3/2/2025,
1461,20.5,gf,1.705,mm,OK,--,9:32:19 PM,3/2/2025,
1462,20.6,gf,1.705,mm,OK,--,9:32:19 PM,3/2/2025,
1463,20.5,gf,1.700,mm,OK,--,9:32:19 PM,3/2/2025,
1464,20.3,gf,1.695,mm,OK,--,9:32:20 PM,3/2/2025,
1465,20.2,gf,1.690,mm,OK,--,9:32:20 PM,3/2/2025,
1466,20.2,gf,1.685,mm,OK,--,9:32:20 PM,3/2/2025,
1467,20.5,gf,1.680,mm,OK,--,9:32:20 PM,3/2/2025,
1468,20.5,gf,1.675,mm,OK,--,9:32:20 PM,3/2/2025,
1469,20.7,gf,1.665,mm,OK,--,9:32:20 PM,3/2/2025,
1470,20.4,gf,1.660,mm,OK,--,9:32:20 PM,3/2/2025,
1471,20.3,gf,1.650,mm,OK,--,9:32:20 PM,3/2/2025,
1472,20.4,gf,1.640,mm,OK,--,9:32:20 PM,3/2/2025,
1473,20.8,gf,1.630,mm,OK,--,9:32:20 PM,3/2/2025,
1474,21.0,gf,1.620,mm,OK,--,9:32:21 PM,3/2/2025,
1475,21.1,gf,1.610,mm,OK,--,9:32:21 PM,3/2/2025,
1476,21.7,gf,1.600,mm,OK,--,9:32:21 PM,3/2/2025,
1477,22.2,gf,1.590,mm,OK,--,9:32:21 PM,3/2/2025,
1478,22.2,gf,1.585,mm,OK,--,9:32:21 PM,3/2/2025,
1479,22.4,gf,1.580,mm,OK,--,9:32:21 PM,3/2/2025,
1480,22.4,gf,1.580,mm,OK,--,9:32:21 PM,3/2/2025,
1481,22.5,gf,1.575,mm,OK,--,9:32:21 PM,3/2/2025,
1482,22.4,gf,1.570,mm,OK,--,9:32:21 PM,3/2/2025,
1483,22.4,gf,1.565,mm,OK,--,9:32:21 PM,3/2/2025,
1484,22.7,gf,1.560,mm,OK,--,9:32:22 PM,3/2/2025,
1485,22.6,gf,1.560,mm,OK,--,9:32:22 PM,3/2/2025,
1486,22.6,gf,1.555,mm,OK,--,9:32:22 PM,3/2/2025,
1487,22.8,gf,1.550,mm,OK,--,9:32:22 PM,3/2/2025,
1488,22.7,gf,1.550,mm,OK,--,9:32:22 PM,3/2/2025,
1489,22.8,gf,1.545,mm,OK,--,9:32:22 PM,3/2/2025,
1490,22.8,gf,1.540,mm,OK,--,9:32:22 PM,3/2/2025,
1491,22.7,gf,1.540,mm,OK,--,9:32:22 PM,3/2/2025,
1492,22.8,gf,1.535,mm,OK,--,9:32:22 PM,3/2/2025,
1493,22.7,gf,1.535,mm,OK,--,9:32:22 PM,3/2/2025,
1494,22.7,gf,1.530,mm,OK,--,9:32:23 PM,3/2/2025,
1495,22.2,gf,1.525,mm,OK,--,9:32:23 PM,3/2/2025,
1496,22.6,gf,1.520,mm,OK,--,9:32:23 PM,3/2/2025,
1497,22.5,gf,1.515,mm,OK,--,9:32:23 PM,3/2/2025,
1498,22.3,gf,1.510,mm,OK,--,9:32:23 PM,3/2/2025,
1499,22.7,gf,1.505,mm,OK,--,9:32:23 PM,3/2/2025,
1500,22.9,gf,1.505,mm,OK,--,9:32:23 PM,3/2/2025,
1501,22.9,gf,1.500,mm,OK,--,9:32:23 PM,3/2/2025,
1502,22.4,gf,1.495,mm,OK,--,9:32:23 PM,3/2/2025,
1503,22.5,gf,1.490,mm,OK,--,9:32:23 PM,3/2/2025,
1504,22.8,gf,1.480,mm,OK,--,9:32:24 PM,3/2/2025,
1505,22.6,gf,1.475,mm,OK,--,9:32:24 PM,3/2/2025,
1506,22.9,gf,1.465,mm,OK,--,9:32:24 PM,3/2/2025,
1507,23.1,gf,1.460,mm,OK,--,9:32:24 PM,3/2/2025,
1508,23.3,gf,1.450,mm,OK,--,9:32:24 PM,3/2/2025,
1509,23.4,gf,1.440,mm,OK,--,9:32:24 PM,3/2/2025,
1510,23.4,gf,1.435,mm,OK,--,9:32:24 PM,3/2/2025,
1511,23.5,gf,1.425,mm,OK,--,9:32:24 PM,3/2/2025,
1512,23.8,gf,1.415,mm,OK,--,9:32:24 PM,3/2/2025,
1513,23.8,gf,1.405,mm,OK,--,9:32:24 PM,3/2/2025,
1514,24.1,gf,1.395,mm,OK,--,9:32:25 PM,3/2/2025,
1515,24.4,gf,1.390,mm,OK,--,9:32:25 PM,3/2/2025,
1516,24.6,gf,1.380,mm,OK,--,9:32:25 PM,3/2/2025,
1517,24.6,gf,1.375,mm,OK,--,9:32:25 PM,3/2/2025,
1518,24.6,gf,1.365,mm,OK,--,9:32:25 PM,3/2/2025,
1519,24.6,gf,1.355,mm,OK,--,9:32:25 PM,3/2/2025,
1520,24.8,gf,1.350,mm,OK,--,9:32:25 PM,3/2/2025,
1521,25.0,gf,1.340,mm,OK,--,9:32:25 PM,3/2/2025,
1522,25.0,gf,1.330,mm,OK,--,9:32:25 PM,3/2/2025,
1523,25.1,gf,1.325,mm,OK,--,9:32:25 PM,3/2/2025,
1524,25.5,gf,1.320,mm,OK,--,9:32:26 PM,3/2/2025,
1525,25.6,gf,1.315,mm,OK,--,9:32:26 PM,3/2/2025,
1526,25.7,gf,1.310,mm,OK,--,9:32:26 PM,3/2/2025,
1527,25.8,gf,1.305,mm,OK,--,9:32:26 PM,3/2/2025,
1528,25.5,gf,1.300,mm,OK,--,9:32:26 PM,3/2/2025,
1529,25.2,gf,1.300,mm,OK,--,9:32:26 PM,3/2/2025,
1530,25.6,gf,1.295,mm,OK,--,9:32:26 PM,3/2/2025,
1531,25.3,gf,1.290,mm,OK,--,9:32:26 PM,3/2/2025,
1532,24.9,gf,1.285,mm,OK,--,9:32:26 PM,3/2/2025,
1533,24.6,gf,1.275,mm,OK,--,9:32:26 PM,3/2/2025,
1534,24.9,gf,1.270,mm,OK,--,9:32:27 PM,3/2/2025,
1535,25.4,gf,1.265,mm,OK,--,9:32:27 PM,3/2/2025,
1536,25.3,gf,1.260,mm,OK,--,9:32:27 PM,3/2/2025,
1537,25.4,gf,1.250,mm,OK,--,9:32:27 PM,3/2/2025,
1538,25.5,gf,1.245,mm,OK,--,9:32:27 PM,3/2/2025,
1539,25.5,gf,1.240,mm,OK,--,9:32:27 PM,3/2/2025,
1540,25.8,gf,1.235,mm,OK,--,9:32:27 PM,3/2/2025,
1541,25.8,gf,1.230,mm,OK,--,9:32:27 PM,3/2/2025,
1542,25.7,gf,1.225,mm,OK,--,9:32:27 PM,3/2/2025,
1543,25.9,gf,1.220,mm,OK,--,9:32:27 PM,3/2/2025,
1544,25.9,gf,1.215,mm,OK,--,9:32:28 PM,3/2/2025,
1545,26.6,gf,1.205,mm,OK,--,9:32:28 PM,3/2/2025,
1546,26.9,gf,1.200,mm,OK,--,9:32:28 PM,3/2/2025,
1547,27.0,gf,1.195,mm,OK,--,9:32:28 PM,3/2/2025,
1548,27.0,gf,1.190,mm,OK,--,9:32:28 PM,3/2/2025,
1549,26.9,gf,1.185,mm,OK,--,9:32:28 PM,3/2/2025,
1550,27.1,gf,1.175,mm,OK,--,9:32:28 PM,3/2/2025,
1551,26.9,gf,1.170,mm,OK,--,9:32:28 PM,3/2/2025,
1552,27.0,gf,1.160,mm,OK,--,9:32:28 PM,3/2/2025,
1553,27.6,gf,1.155,mm,OK,--,9:32:28 PM,3/2/2025,
1554,27.8,gf,1.150,mm,OK,--,9:32:29 PM,3/2/2025,
1555,27.8,gf,1.145,mm,OK,--,9:32:29 PM,3/2/2025,
1556,27.9,gf,1.140,mm,OK,--,9:32:29 PM,3/2/2025,
1557,28.0,gf,1.135,mm,OK,--,9:32:29 PM,3/2/2025,
1558,28.1,gf,1.135,mm,OK,--,9:32:29 PM,3/2/2025,
1559,28.2,gf,1.130,mm,OK,--,9:32:29 PM,3/2/2025,
1560,27.7,gf,1.125,mm,OK,--,9:32:29 PM,3/2/2025,
1561,27.8,gf,1.120,mm,OK,--,9:32:29 PM,3/2/2025,
1562,27.7,gf,1.115,mm,OK,--,9:32:29 PM,3/2/2025,
1563,28.0,gf,1.110,mm,OK,--,9:32:29 PM,3/2/2025,
1564,28.3,gf,1.105,mm,OK,--,9:32:30 PM,3/2/2025,
1565,28.4,gf,1.100,mm,OK,--,9:32:30 PM,3/2/2025,
1566,28.4,gf,1.095,mm,OK,--,9:32:30 PM,3/2/2025,
1567,28.3,gf,1.090,mm,OK,--,9:32:30 PM,3/2/2025,
1568,28.2,gf,1.090,mm,OK,--,9:32:30 PM,3/2/2025,
1569,28.0,gf,1.080,mm,OK,--,9:32:30 PM,3/2/2025,
1570,28.1,gf,1.075,mm,OK,--,9:32:30 PM,3/2/2025,
1571,28.4,gf,1.070,mm,OK,--,9:32:30 PM,3/2/2025,
1572,28.5,gf,1.065,mm,OK,--,9:32:30 PM,3/2/2025,
1573,28.5,gf,1.060,mm,OK,--,9:32:30 PM,3/2/2025,
1574,28.6,gf,1.050,mm,OK,--,9:32:31 PM,3/2/2025,
1575,28.5,gf,1.045,mm,OK,--,9:32:31 PM,3/2/2025,
1576,28.7,gf,1.040,mm,OK,--,9:32:31 PM,3/2/2025,
1577,28.5,gf,1.035,mm,OK,--,9:32:31 PM,3/2/2025,
1578,28.5,gf,1.030,mm,OK,--,9:32:31 PM,3/2/2025,
1579,28.8,gf,1.020,mm,OK,--,9:32:31 PM,3/2/2025,
1580,28.7,gf,1.015,mm,OK,--,9:32:31 PM,3/2/2025,
1581,28.6,gf,1.005,mm,OK,--,9:32:31 PM,3/2/2025,
1582,28.9,gf,1.000,mm,OK,--,9:32:31 PM,3/2/2025,
1583,29.1,gf,0.990,mm,OK,--,9:32:31 PM,3/2/2025,
1584,29.1,gf,0.985,mm,OK,--,9:32:32 PM,3/2/2025,
1585,29.4,gf,0.975,mm,OK,--,9:32:32 PM,3/2/2025,
1586,29.5,gf,0.970,mm,OK,--,9:32:32 PM,3/2/2025,
1587,29.9,gf,0.960,mm,OK,--,9:32:32 PM,3/2/2025,
1588,30.2,gf,0.955,mm,OK,--,9:32:32 PM,3/2/2025,
1589,30.0,gf,0.950,mm,OK,--,9:32:32 PM,3/2/2025,
1590,30.2,gf,0.945,mm,OK,--,9:32:32 PM,3/2/2025,
1591,30.1,gf,0.935,mm,OK,--,9:32:32 PM,3/2/2025,
1592,30.0,gf,0.930,mm,OK,--,9:32:32 PM,3/2/2025,
1593,30.2,gf,0.920,mm,OK,--,9:32:32 PM,3/2/2025,
1594,30.3,gf,0.910,mm,OK,--,9:32:33 PM,3/2/2025,
1595,30.8,gf,0.900,mm,OK,--,9:32:33 PM,3/2/2025,
1596,30.8,gf,0.895,mm,OK,--,9:32:33 PM,3/2/2025,
1597,30.9,gf,0.890,mm,OK,--,9:32:33 PM,3/2/2025,
1598,30.8,gf,0.885,mm,OK,--,9:32:33 PM,3/2/2025,
1599,31.2,gf,0.880,mm,OK,--,9:32:33 PM,3/2/2025,
1600,31.3,gf,0.880,mm,OK,--,9:32:33 PM,3/2/2025,
1601,30.8,gf,0.875,mm,OK,--,9:32:33 PM,3/2/2025,
1602,30.7,gf,0.870,mm,OK,--,9:32:33 PM,3/2/2025,
1603,30.9,gf,0.870,mm,OK,--,9:32:33 PM,3/2/2025,
1604,30.9,gf,0.865,mm,OK,--,9:32:34 PM,3/2/2025,
1605,30.9,gf,0.860,mm,OK,--,9:32:34 PM,3/2/2025,
1606,31.0,gf,0.860,mm,OK,--,9:32:34 PM,3/2/2025,
1607,31.1,gf,0.855,mm,OK,--,9:32:34 PM,3/2/2025,
1608,31.1,gf,0.855,mm,OK,--,9:32:34 PM,3/2/2025,
1609,31.1,gf,0.850,mm,OK,--,9:32:34 PM,3/2/2025,
1610,31.0,gf,0.850,mm,OK,--,9:32:34 PM,3/2/2025,
1611,31.0,gf,0.845,mm,OK,--,9:32:34 PM,3/2/2025,
1612,30.7,gf,0.845,mm,OK,--,9:32:34 PM,3/2/2025,
1613,30.8,gf,0.840,mm,OK,--,9:32:34 PM,3/2/2025,
1614,31.1,gf,0.835,mm,OK,--,9:32:35 PM,3/2/2025,
1615,31.0,gf,0.830,mm,OK,--,9:32:35 PM,3/2/2025,
1616,31.1,gf,0.825,mm,OK,--,9:32:35 PM,3/2/2025,
1617,31.4,gf,0.820,mm,OK,--,9:32:35 PM,3/2/2025,
1618,31.5,gf,0.815,mm,OK,--,9:32:35 PM,3/2/2025,
1619,31.7,gf,0.810,mm,OK,--,9:32:35 PM,3/2/2025,
1620,31.4,gf,0.805,mm,OK,--,9:32:35 PM,3/2/2025,
1621,31.7,gf,0.800,mm,OK,--,9:32:35 PM,3/2/2025,
1622,32.1,gf,0.795,mm,OK,--,9:32:35 PM,3/2/2025,
1623,32.1,gf,0.790,mm,OK,--,9:32:35 PM,3/2/2025,
1624,32.2,gf,0.790,mm,OK,--,9:32:36 PM,3/2/2025,
1625,32.2,gf,0.785,mm,OK,--,9:32:36 PM,3/2/2025,
1626,32.2,gf,0.785,mm,OK,--,9:32:36 PM,3/2/2025,
1627,32.2,gf,0.785,mm,OK,--,9:32:36 PM,3/2/2025,
1628,32.1,gf,0.780,mm,OK,--,9:32:36 PM,3/2/2025,
1629,32.2,gf,0.780,mm,OK,--,9:32:36 PM,3/2/2025,
1630,32.3,gf,0.775,mm,OK,--,9:32:36 PM,3/2/2025,
1631,32.4,gf,0.775,mm,OK,--,9:32:36 PM,3/2/2025,
1632,32.4,gf,0.775,mm,OK,--,9:32:36 PM,3/2/2025,
1633,32.5,gf,0.770,mm,OK,--,9:32:36 PM,3/2/2025,
1634,32.2,gf,0.770,mm,OK,--,9:32:37 PM,3/2/2025,
1635,32.0,gf,0.765,mm,OK,--,9:32:37 PM,3/2/2025,
1636,31.7,gf,0.765,mm,OK,--,9:32:37 PM,3/2/2025,
1637,31.8,gf,0.760,mm,OK,--,9:32:37 PM,3/2/2025,
1638,32.0,gf,0.750,mm,OK,--,9:32:37 PM,3/2/2025,
1639,32.2,gf,0.745,mm,OK,--,9:32:37 PM,3/2/2025,
1640,32.6,gf,0.735,mm,OK,--,9:32:37 PM,3/2/2025,
1641,32.7,gf,0.730,mm,OK,--,9:32:37 PM,3/2/2025,
1642,32.6,gf,0.720,mm,OK,--,9:32:37 PM,3/2/2025,
1643,32.7,gf,0.710,mm,OK,--,9:32:37 PM,3/2/2025,
1644,33.7,gf,0.705,mm,OK,--,9:32:38 PM,3/2/2025,
1645,34.3,gf,0.705,mm,OK,--,9:32:38 PM,3/2/2025,
1646,34.0,gf,0.700,mm,OK,--,9:32:38 PM,3/2/2025,
1647,33.6,gf,0.700,mm,OK,--,9:32:38 PM,3/2/2025,
1648,33.2,gf,0.695,mm,OK,--,9:32:38 PM,3/2/2025,
1649,33.0,gf,0.690,mm,OK,--,9:32:38 PM,3/2/2025,
1650,33.2,gf,0.685,mm,OK,--,9:32:38 PM,3/2/2025,
1651,33.3,gf,0.680,mm,OK,--,9:32:38 PM,3/2/2025,
1652,33.3,gf,0.675,mm,OK,--,9:32:38 PM,3/2/2025,
1653,33.5,gf,0.665,mm,OK,--,9:32:38 PM,3/2/2025,
1654,33.9,gf,0.660,mm,OK,--,9:32:39 PM,3/2/2025,
1655,33.8,gf,0.655,mm,OK,--,9:32:39 PM,3/2/2025,
1656,34.0,gf,0.650,mm,OK,--,9:32:39 PM,3/2/2025,
1657,34.2,gf,0.645,mm,OK,--,9:32:39 PM,3/2/2025,
1658,34.2,gf,0.640,mm,OK,--,9:32:39 PM,3/2/2025,
1659,34.5,gf,0.635,mm,OK,--,9:32:39 PM,3/2/2025,
1660,34.3,gf,0.630,mm,OK,--,9:32:39 PM,3/2/2025,
1661,34.5,gf,0.630,mm,OK,--,9:32:39 PM,3/2/2025,
1662,34.3,gf,0.625,mm,OK,--,9:32:39 PM,3/2/2025,
1663,34.2,gf,0.620,mm,OK,--,9:32:39 PM,3/2/2025,
1664,34.2,gf,0.610,mm,OK,--,9:32:40 PM,3/2/2025,
1665,34.5,gf,0.605,mm,OK,--,9:32:40 PM,3/2/2025,
1666,34.7,gf,0.595,mm,OK,--,9:32:40 PM,3/2/2025,
1667,35.2,gf,0.590,mm,OK,--,9:32:40 PM,3/2/2025,
1668,35.2,gf,0.585,mm,OK,--,9:32:40 PM,3/2/2025,
1669,35.5,gf,0.585,mm,OK,--,9:32:40 PM,3/2/2025,
1670,35.2,gf,0.580,mm,OK,--,9:32:40 PM,3/2/2025,
1671,35.3,gf,0.570,mm,OK,--,9:32:40 PM,3/2/2025,
1672,35.2,gf,0.565,mm,OK,--,9:32:40 PM,3/2/2025,
1673,35.2,gf,0.560,mm,OK,--,9:32:40 PM,3/2/2025,
1674,35.5,gf,0.550,mm,OK,--,9:32:41 PM,3/2/2025,
1675,35.7,gf,0.545,mm,OK,--,9:32:41 PM,3/2/2025,
1676,35.9,gf,0.535,mm,OK,--,9:32:41 PM,3/2/2025,
1677,35.9,gf,0.530,mm,OK,--,9:32:41 PM,3/2/2025,
1678,36.1,gf,0.520,mm,OK,--,9:32:41 PM,3/2/2025,
1679,36.4,gf,0.515,mm,OK,--,9:32:41 PM,3/2/2025,
1680,36.6,gf,0.510,mm,OK,--,9:32:41 PM,3/2/2025,
1681,36.7,gf,0.500,mm,OK,--,9:32:41 PM,3/2/2025,
1682,37.1,gf,0.495,mm,OK,--,9:32:41 PM,3/2/2025,
1683,36.8,gf,0.490,mm,OK,--,9:32:41 PM,3/2/2025,
1684,36.6,gf,0.485,mm,OK,--,9:32:42 PM,3/2/2025,
1685,36.8,gf,0.475,mm,OK,--,9:32:42 PM,3/2/2025,
1686,37.2,gf,0.470,mm,OK,--,9:32:42 PM,3/2/2025,
1687,37.3,gf,0.465,mm,OK,--,9:32:42 PM,3/2/2025,
1688,37.6,gf,0.460,mm,OK,--,9:32:42 PM,3/2/2025,
1689,37.8,gf,0.455,mm,OK,--,9:32:42 PM,3/2/2025,
1690,37.8,gf,0.450,mm,OK,--,9:32:42 PM,3/2/2025,
1691,37.8,gf,0.445,mm,OK,--,9:32:42 PM,3/2/2025,
1692,37.7,gf,0.440,mm,OK,--,9:32:42 PM,3/2/2025,
1693,37.8,gf,0.435,mm,OK,--,9:32:42 PM,3/2/2025,
1694,37.9,gf,0.430,mm,OK,--,9:32:43 PM,3/2/2025,
1695,38.3,gf,0.420,mm,OK,--,9:32:43 PM,3/2/2025,
1696,38.3,gf,0.415,mm,OK,--,9:32:43 PM,3/2/2025,
1697,37.4,gf,0.405,mm,OK,--,9:32:43 PM,3/2/2025,
1698,39.4,gf,0.390,mm,OK,--,9:32:43 PM,3/2/2025,
1699,40.0,gf,0.385,mm,OK,--,9:32:43 PM,3/2/2025,
1700,39.6,gf,0.385,mm,OK,--,9:32:43 PM,3/2/2025,
1701,39.5,gf,0.380,mm,OK,--,9:32:43 PM,3/2/2025,
1702,39.5,gf,0.375,mm,OK,--,9:32:43 PM,3/2/2025,
1703,39.7,gf,0.375,mm,OK,--,9:32:43 PM,3/2/2025,
1704,39.5,gf,0.370,mm,OK,--,9:32:44 PM,3/2/2025,
1705,39.7,gf,0.370,mm,OK,--,9:32:44 PM,3/2/2025,
1706,39.6,gf,0.365,mm,OK,--,9:32:44 PM,3/2/2025,
1707,39.7,gf,0.365,mm,OK,--,9:32:44 PM,3/2/2025,
1708,39.6,gf,0.360,mm,OK,--,9:32:44 PM,3/2/2025,
1709,39.8,gf,0.360,mm,OK,--,9:32:44 PM,3/2/2025,
1710,40.1,gf,0.360,mm,OK,--,9:32:44 PM,3/2/2025,
1711,39.9,gf,0.355,mm,OK,--,9:32:44 PM,3/2/2025,
1712,39.9,gf,0.355,mm,OK,--,9:32:44 PM,3/2/2025,
1713,40.1,gf,0.355,mm,OK,--,9:32:44 PM,3/2/2025,
1714,40.0,gf,0.350,mm,OK,--,9:32:45 PM,3/2/2025,
1715,39.9,gf,0.350,mm,OK,--,9:32:45 PM,3/2/2025,
1716,39.8,gf,0.350,mm,OK,--,9:32:45 PM,3/2/2025,
1717,39.8,gf,0.350,mm,OK,--,9:32:45 PM,3/2/2025,
1718,39.7,gf,0.345,mm,OK,--,9:32:45 PM,3/2/2025,
1719,38.7,gf,0.340,mm,OK,--,9:32:45 PM,3/2/2025,
1720,39.7,gf,0.335,mm,OK,--,9:32:45 PM,3/2/2025,
1721,39.5,gf,0.330,mm,OK,--,9:32:45 PM,3/2/2025,
1722,39.7,gf,0.320,mm,OK,--,9:32:45 PM,3/2/2025,
1723,40.1,gf,0.315,mm,OK,--,9:32:45 PM,3/2/2025,
1724,39.9,gf,0.315,mm,OK,--,9:32:46 PM,3/2/2025,
1725,40.1,gf,0.310,mm,OK,--,9:32:46 PM,3/2/2025,
1726,40.3,gf,0.305,mm,OK,--,9:32:46 PM,3/2/2025,
1727,40.3,gf,0.300,mm,OK,--,9:32:46 PM,3/2/2025,
1728,40.0,gf,0.300,mm,OK,--,9:32:46 PM,3/2/2025,
1729,39.9,gf,0.295,mm,OK,--,9:32:46 PM,3/2/2025,
1730,39.9,gf,0.290,mm,OK,--,9:32:46 PM,3/2/2025,
1731,40.0,gf,0.285,mm,OK,--,9:32:46 PM,3/2/2025,
1732,40.1,gf,0.280,mm,OK,--,9:32:46 PM,3/2/2025,
1733,39.9,gf,0.275,mm,OK,--,9:32:46 PM,3/2/2025,
1734,40.3,gf,0.270,mm,OK,--,9:32:47 PM,3/2/2025,
1735,40.7,gf,0.265,mm,OK,--,9:32:47 PM,3/2/2025,
1736,40.7,gf,0.260,mm,OK,--,9:32:47 PM,3/2/2025,
1737,40.6,gf,0.260,mm,OK,--,9:32:47 PM,3/2/2025,
1738,40.4,gf,0.255,mm,OK,--,9:32:47 PM,3/2/2025,
1739,40.2,gf,0.250,mm,OK,--,9:32:47 PM,3/2/2025,
1740,40.2,gf,0.245,mm,OK,--,9:32:47 PM,3/2/2025,
1741,40.2,gf,0.240,mm,OK,--,9:32:47 PM,3/2/2025,
1742,40.4,gf,0.235,mm,OK,--,9:32:47 PM,3/2/2025,
1743,40.9,gf,0.235,mm,OK,--,9:32:47 PM,3/2/2025,
1744,40.6,gf,0.230,mm,OK,--,9:32:48 PM,3/2/2025,
1745,40.5,gf,0.225,mm,OK,--,9:32:48 PM,3/2/2025,
1746,40.3,gf,0.220,mm,OK,--,9:32:48 PM,3/2/2025,
1747,40.2,gf,0.215,mm,OK,--,9:32:48 PM,3/2/2025,
1748,40.6,gf,0.210,mm,OK,--,9:32:48 PM,3/2/2025,
1749,40.7,gf,0.205,mm,OK,--,9:32:48 PM,3/2/2025,
1750,41.0,gf,0.200,mm,OK,--,9:32:48 PM,3/2/2025,
1751,41.2,gf,0.195,mm,OK,--,9:32:48 PM,3/2/2025,
1752,41.1,gf,0.195,mm,OK,--,9:32:48 PM,3/2/2025,
1753,40.9,gf,0.190,mm,OK,--,9:32:48 PM,3/2/2025,
1754,41.1,gf,0.185,mm,OK,--,9:32:49 PM,3/2/2025,
1755,41.5,gf,0.180,mm,OK,--,9:32:49 PM,3/2/2025,
1756,41.5,gf,0.175,mm,OK,--,9:32:49 PM,3/2/2025,
1757,41.7,gf,0.170,mm,OK,--,9:32:49 PM,3/2/2025,
1758,41.7,gf,0.170,mm,OK,--,9:32:49 PM,3/2/2025,
1759,41.4,gf,0.160,mm,OK,--,9:32:49 PM,3/2/2025,
1760,41.6,gf,0.155,mm,OK,--,9:32:49 PM,3/2/2025,
1761,41.5,gf,0.150,mm,OK,--,9:32:49 PM,3/2/2025,
1762,41.8,gf,0.140,mm,OK,--,9:32:49 PM,3/2/2025,
1763,42.4,gf,0.135,mm,OK,--,9:32:49 PM,3/2/2025,
1764,42.4,gf,0.130,mm,OK,--,9:32:50 PM,3/2/2025,
1765,41.9,gf,0.125,mm,OK,--,9:32:50 PM,3/2/2025,
1766,41.6,gf,0.120,mm,OK,--,9:32:50 PM,3/2/2025,
1767,41.5,gf,0.115,mm,OK,--,9:32:50 PM,3/2/2025,
1768,40.3,gf,0.110,mm,OK,--,9:32:50 PM,3/2/2025,
1769,35.8,gf,0.100,mm,OK,--,9:32:50 PM,3/2/2025,
1770,30.0,gf,0.090,mm,OK,--,9:32:50 PM,3/2/2025,
1771,24.7,gf,0.085,mm,OK,--,9:32:50 PM,3/2/2025,
1772,16.4,gf,0.075,mm,OK,--,9:32:50 PM,3/2/2025,
1773,3.0,gf,0.060,mm,OK,--,9:32:50 PM,3/2/2025,
1774,0.0,gf,0.045,mm,OK,--,9:32:51 PM,3/2/2025,
1775,0.0,gf,0.035,mm,OK,--,9:32:51 PM,3/2/2025,
1776,0.1,gf,0.015,mm,OK,--,9:32:51 PM,3/2/2025,
1777,0.1,gf,0.005,mm,OK,--,9:32:51 PM,3/2/2025,
1778,0.1,gf,-0.005,mm,OK,--,9:32:51 PM,3/2/2025,
1779,0.1,gf,-0.020,mm,OK,--,9:32:51 PM,3/2/2025,
1780,0.1,gf,-0.030,mm,OK,--,9:32:51 PM,3/2/2025,
1781,0.0,gf,-0.040,mm,OK,--,9:32:51 PM,3/2/2025,
1782,0.2,gf,-0.045,mm,OK,--,9:32:51 PM,3/2/2025,
1783,0.1,gf,-0.045,mm,OK,--,9:32:51 PM,3/2/2025,
1784,0.0,gf,-0.045,mm,OK,--,9:32:52 PM,3/2/2025,
1785,0.0,gf,-0.045,mm,OK,--,9:32:52 PM,3/2/2025,
1786,0.0,gf,-0.045,mm,OK,--,9:32:52 PM,3/2/2025,
1787,0.0,gf,-0.045,mm,OK,--,9:32:52 PM,3/2/2025,
1788,0.1,gf,-0.045,mm,OK,--,9:32:52 PM,3/2/2025,
1789,0.1,gf,-0.045,mm,OK,--,9:32:52 PM,3/2/2025,
1790,0.0,gf,-0.045,mm,OK,--,9:32:52 PM,3/2/2025,
1791,0.1,gf,-0.045,mm,OK,--,9:32:52 PM,3/2/2025,
1792,0.0,gf,-0.040,mm,OK,--,9:32:52 PM,3/2/2025,
1793,0.0,gf,-0.040,mm,OK,--,9:32:52 PM,3/2/2025,
1794,0.0,gf,-0.035,mm,OK,--,9:32:53 PM,3/2/2025,
1795,0.0,gf,-0.035,mm,OK,--,9:32:53 PM,3/2/2025,
1796,0.0,gf,-0.030,mm,OK,--,9:32:53 PM,3/2/2025,
1797,0.0,gf,-0.030,mm,OK,--,9:32:53 PM,3/2/2025,
1798,0.0,gf,-0.025,mm,OK,--,9:32:53 PM,3/2/2025,
1799,0.1,gf,-0.025,mm,OK,--,9:32:53 PM,3/2/2025,
1800,0.1,gf,-0.020,mm,OK,--,9:32:53 PM,3/2/2025,
1801,0.0,gf,-0.020,mm,OK,--,9:32:53 PM,3/2/2025,
1802,0.0,gf,-0.015,mm,OK,--,9:32:53 PM,3/2/2025,
1803,0.0,gf,-0.015,mm,OK,--,9:32:53 PM,3/2/2025,
1804,0.0,gf,-0.015,mm,OK,--,9:32:54 PM,3/2/2025,
1805,0.0,gf,-0.010,mm,OK,--,9:32:54 PM,3/2/2025,
1806,0.0,gf,-0.010,mm,OK,--,9:32:54 PM,3/2/2025,
1807,0.0,gf,-0.005,mm,OK,--,9:32:54 PM,3/2/2025,
1808,0.0,gf,-0.005,mm,OK,--,9:32:54 PM,3/2/2025,
1809,0.0,gf,-0.005,mm,OK,--,9:32:54 PM,3/2/2025,
1810,0.0,gf,0.000,mm,OK,--,9:32:54 PM,3/2/2025,
1811,0.1,gf,0.000,mm,OK,--,9:32:54 PM,3/2/2025,
