Maximum,196.7,@,No.909,,,,,,
Minimum,-0.1,@,No.16,,,,,,
Average,59.02,,,,,,,,
Data Quantity,1834,,,,,,,,
Number of NG,0,,,,,,,,
No.,Force,Unit,Displacement,Unit,Judge,Position,Time,Date,
1,0.0,gf,0.000,mm,OK,--,12:11:44 PM,9/7/2024,
2,0.0,gf,0.000,mm,OK,--,12:11:44 PM,9/7/2024,
3,0.0,gf,0.000,mm,OK,--,12:11:44 PM,9/7/2024,
4,0.1,gf,0.000,mm,OK,--,12:11:44 PM,9/7/2024,
5,0.1,gf,0.000,mm,OK,--,12:11:44 PM,9/7/2024,
6,0.0,gf,0.000,mm,OK,--,12:11:44 PM,9/7/2024,
7,0.0,gf,0.000,mm,OK,--,12:11:44 PM,9/7/2024,
8,0.0,gf,0.000,mm,OK,--,12:11:44 PM,9/7/2024,
9,0.0,gf,0.000,mm,OK,--,12:11:44 PM,9/7/2024,
10,0.0,gf,0.000,mm,OK,--,12:11:45 PM,9/7/2024,
11,0.0,gf,0.000,mm,OK,--,12:11:45 PM,9/7/2024,
12,0.0,gf,0.000,mm,OK,--,12:11:45 PM,9/7/2024,
13,0.0,gf,0.000,mm,OK,--,12:11:45 PM,9/7/2024,
14,0.0,gf,0.000,mm,OK,--,12:11:45 PM,9/7/2024,
15,0.1,gf,0.000,mm,OK,--,12:11:45 PM,9/7/2024,
16,-0.1,gf,0.000,mm,OK,--,12:11:45 PM,9/7/2024,
17,0.0,gf,0.000,mm,OK,--,12:11:45 PM,9/7/2024,
18,0.0,gf,0.000,mm,OK,--,12:11:45 PM,9/7/2024,
19,0.0,gf,0.000,mm,OK,--,12:11:45 PM,9/7/2024,
20,0.0,gf,0.000,mm,OK,--,12:11:46 PM,9/7/2024,
21,0.0,gf,0.000,mm,OK,--,12:11:46 PM,9/7/2024,
22,0.0,gf,0.000,mm,OK,--,12:11:46 PM,9/7/2024,
23,0.0,gf,0.000,mm,OK,--,12:11:46 PM,9/7/2024,
24,0.0,gf,0.000,mm,OK,--,12:11:46 PM,9/7/2024,
25,0.0,gf,0.005,mm,OK,--,12:11:46 PM,9/7/2024,
26,0.0,gf,0.005,mm,OK,--,12:11:46 PM,9/7/2024,
27,0.0,gf,0.005,mm,OK,--,12:11:46 PM,9/7/2024,
28,0.0,gf,0.005,mm,OK,--,12:11:46 PM,9/7/2024,
29,0.0,gf,0.005,mm,OK,--,12:11:46 PM,9/7/2024,
30,0.0,gf,0.005,mm,OK,--,12:11:47 PM,9/7/2024,
31,0.0,gf,0.005,mm,OK,--,12:11:47 PM,9/7/2024,
32,0.0,gf,0.010,mm,OK,--,12:11:47 PM,9/7/2024,
33,0.0,gf,0.010,mm,OK,--,12:11:47 PM,9/7/2024,
34,0.0,gf,0.010,mm,OK,--,12:11:47 PM,9/7/2024,
35,0.0,gf,0.010,mm,OK,--,12:11:47 PM,9/7/2024,
36,0.0,gf,0.015,mm,OK,--,12:11:47 PM,9/7/2024,
37,0.0,gf,0.015,mm,OK,--,12:11:47 PM,9/7/2024,
38,0.0,gf,0.015,mm,OK,--,12:11:47 PM,9/7/2024,
39,0.0,gf,0.020,mm,OK,--,12:11:47 PM,9/7/2024,
40,0.0,gf,0.020,mm,OK,--,12:11:48 PM,9/7/2024,
41,0.0,gf,0.020,mm,OK,--,12:11:48 PM,9/7/2024,
42,0.0,gf,0.025,mm,OK,--,12:11:48 PM,9/7/2024,
43,0.0,gf,0.025,mm,OK,--,12:11:48 PM,9/7/2024,
44,0.0,gf,0.025,mm,OK,--,12:11:48 PM,9/7/2024,
45,0.0,gf,0.030,mm,OK,--,12:11:48 PM,9/7/2024,
46,0.0,gf,0.030,mm,OK,--,12:11:48 PM,9/7/2024,
47,0.0,gf,0.035,mm,OK,--,12:11:48 PM,9/7/2024,
48,0.0,gf,0.035,mm,OK,--,12:11:48 PM,9/7/2024,
49,0.0,gf,0.040,mm,OK,--,12:11:48 PM,9/7/2024,
50,0.0,gf,0.040,mm,OK,--,12:11:49 PM,9/7/2024,
51,0.2,gf,0.045,mm,OK,--,12:11:49 PM,9/7/2024,
52,1.9,gf,0.045,mm,OK,--,12:11:49 PM,9/7/2024,
53,3.2,gf,0.050,mm,OK,--,12:11:49 PM,9/7/2024,
54,4.3,gf,0.050,mm,OK,--,12:11:49 PM,9/7/2024,
55,5.2,gf,0.050,mm,OK,--,12:11:49 PM,9/7/2024,
56,6.0,gf,0.050,mm,OK,--,12:11:49 PM,9/7/2024,
57,7.0,gf,0.050,mm,OK,--,12:11:49 PM,9/7/2024,
58,8.0,gf,0.055,mm,OK,--,12:11:49 PM,9/7/2024,
59,9.2,gf,0.055,mm,OK,--,12:11:49 PM,9/7/2024,
60,10.3,gf,0.055,mm,OK,--,12:11:50 PM,9/7/2024,
61,11.4,gf,0.055,mm,OK,--,12:11:50 PM,9/7/2024,
62,12.4,gf,0.060,mm,OK,--,12:11:50 PM,9/7/2024,
63,13.2,gf,0.060,mm,OK,--,12:11:50 PM,9/7/2024,
64,13.8,gf,0.060,mm,OK,--,12:11:50 PM,9/7/2024,
65,14.5,gf,0.060,mm,OK,--,12:11:50 PM,9/7/2024,
66,15.1,gf,0.060,mm,OK,--,12:11:50 PM,9/7/2024,
67,15.6,gf,0.060,mm,OK,--,12:11:50 PM,9/7/2024,
68,16.2,gf,0.060,mm,OK,--,12:11:50 PM,9/7/2024,
69,16.6,gf,0.065,mm,OK,--,12:11:50 PM,9/7/2024,
70,17.1,gf,0.065,mm,OK,--,12:11:51 PM,9/7/2024,
71,17.6,gf,0.065,mm,OK,--,12:11:51 PM,9/7/2024,
72,18.1,gf,0.065,mm,OK,--,12:11:51 PM,9/7/2024,
73,18.5,gf,0.065,mm,OK,--,12:11:51 PM,9/7/2024,
74,19.1,gf,0.065,mm,OK,--,12:11:51 PM,9/7/2024,
75,19.6,gf,0.065,mm,OK,--,12:11:51 PM,9/7/2024,
76,20.4,gf,0.065,mm,OK,--,12:11:51 PM,9/7/2024,
77,21.2,gf,0.065,mm,OK,--,12:11:51 PM,9/7/2024,
78,22.0,gf,0.070,mm,OK,--,12:11:51 PM,9/7/2024,
79,22.9,gf,0.070,mm,OK,--,12:11:51 PM,9/7/2024,
80,23.9,gf,0.070,mm,OK,--,12:11:52 PM,9/7/2024,
81,24.8,gf,0.070,mm,OK,--,12:11:52 PM,9/7/2024,
82,25.7,gf,0.070,mm,OK,--,12:11:52 PM,9/7/2024,
83,26.5,gf,0.075,mm,OK,--,12:11:52 PM,9/7/2024,
84,27.6,gf,0.075,mm,OK,--,12:11:52 PM,9/7/2024,
85,28.5,gf,0.075,mm,OK,--,12:11:52 PM,9/7/2024,
86,29.5,gf,0.075,mm,OK,--,12:11:52 PM,9/7/2024,
87,30.2,gf,0.075,mm,OK,--,12:11:52 PM,9/7/2024,
88,30.6,gf,0.080,mm,OK,--,12:11:52 PM,9/7/2024,
89,31.4,gf,0.080,mm,OK,--,12:11:52 PM,9/7/2024,
90,32.0,gf,0.080,mm,OK,--,12:11:53 PM,9/7/2024,
91,32.2,gf,0.080,mm,OK,--,12:11:53 PM,9/7/2024,
92,32.1,gf,0.080,mm,OK,--,12:11:53 PM,9/7/2024,
93,32.2,gf,0.080,mm,OK,--,12:11:53 PM,9/7/2024,
94,32.3,gf,0.080,mm,OK,--,12:11:53 PM,9/7/2024,
95,32.7,gf,0.080,mm,OK,--,12:11:53 PM,9/7/2024,
96,33.2,gf,0.080,mm,OK,--,12:11:53 PM,9/7/2024,
97,34.5,gf,0.080,mm,OK,--,12:11:53 PM,9/7/2024,
98,36.2,gf,0.085,mm,OK,--,12:11:53 PM,9/7/2024,
99,37.2,gf,0.085,mm,OK,--,12:11:53 PM,9/7/2024,
100,38.1,gf,0.085,mm,OK,--,12:11:54 PM,9/7/2024,
101,38.4,gf,0.085,mm,OK,--,12:11:54 PM,9/7/2024,
102,39.1,gf,0.090,mm,OK,--,12:11:54 PM,9/7/2024,
103,39.2,gf,0.090,mm,OK,--,12:11:54 PM,9/7/2024,
104,39.3,gf,0.095,mm,OK,--,12:11:54 PM,9/7/2024,
105,39.7,gf,0.095,mm,OK,--,12:11:54 PM,9/7/2024,
106,40.0,gf,0.095,mm,OK,--,12:11:54 PM,9/7/2024,
107,40.2,gf,0.100,mm,OK,--,12:11:54 PM,9/7/2024,
108,40.5,gf,0.100,mm,OK,--,12:11:54 PM,9/7/2024,
109,40.7,gf,0.105,mm,OK,--,12:11:54 PM,9/7/2024,
110,41.0,gf,0.105,mm,OK,--,12:11:55 PM,9/7/2024,
111,40.9,gf,0.110,mm,OK,--,12:11:55 PM,9/7/2024,
112,41.1,gf,0.110,mm,OK,--,12:11:55 PM,9/7/2024,
113,41.2,gf,0.115,mm,OK,--,12:11:55 PM,9/7/2024,
114,41.4,gf,0.115,mm,OK,--,12:11:55 PM,9/7/2024,
115,41.5,gf,0.120,mm,OK,--,12:11:55 PM,9/7/2024,
116,41.7,gf,0.125,mm,OK,--,12:11:55 PM,9/7/2024,
117,41.9,gf,0.125,mm,OK,--,12:11:55 PM,9/7/2024,
118,42.3,gf,0.130,mm,OK,--,12:11:55 PM,9/7/2024,
119,42.3,gf,0.135,mm,OK,--,12:11:55 PM,9/7/2024,
120,42.5,gf,0.140,mm,OK,--,12:11:56 PM,9/7/2024,
121,42.5,gf,0.145,mm,OK,--,12:11:56 PM,9/7/2024,
122,42.6,gf,0.150,mm,OK,--,12:11:56 PM,9/7/2024,
123,42.7,gf,0.150,mm,OK,--,12:11:56 PM,9/7/2024,
124,42.7,gf,0.155,mm,OK,--,12:11:56 PM,9/7/2024,
125,43.0,gf,0.155,mm,OK,--,12:11:56 PM,9/7/2024,
126,43.0,gf,0.160,mm,OK,--,12:11:56 PM,9/7/2024,
127,43.1,gf,0.160,mm,OK,--,12:11:56 PM,9/7/2024,
128,43.2,gf,0.165,mm,OK,--,12:11:56 PM,9/7/2024,
129,43.1,gf,0.165,mm,OK,--,12:11:56 PM,9/7/2024,
130,43.3,gf,0.165,mm,OK,--,12:11:57 PM,9/7/2024,
131,43.1,gf,0.170,mm,OK,--,12:11:57 PM,9/7/2024,
132,43.2,gf,0.175,mm,OK,--,12:11:57 PM,9/7/2024,
133,43.2,gf,0.175,mm,OK,--,12:11:57 PM,9/7/2024,
134,43.2,gf,0.180,mm,OK,--,12:11:57 PM,9/7/2024,
135,43.2,gf,0.185,mm,OK,--,12:11:57 PM,9/7/2024,
136,43.3,gf,0.190,mm,OK,--,12:11:57 PM,9/7/2024,
137,43.2,gf,0.195,mm,OK,--,12:11:57 PM,9/7/2024,
138,43.0,gf,0.195,mm,OK,--,12:11:57 PM,9/7/2024,
139,43.1,gf,0.200,mm,OK,--,12:11:57 PM,9/7/2024,
140,43.2,gf,0.200,mm,OK,--,12:11:58 PM,9/7/2024,
141,43.2,gf,0.200,mm,OK,--,12:11:58 PM,9/7/2024,
142,43.3,gf,0.205,mm,OK,--,12:11:58 PM,9/7/2024,
143,43.2,gf,0.210,mm,OK,--,12:11:58 PM,9/7/2024,
144,43.2,gf,0.215,mm,OK,--,12:11:58 PM,9/7/2024,
145,43.1,gf,0.215,mm,OK,--,12:11:58 PM,9/7/2024,
146,43.0,gf,0.220,mm,OK,--,12:11:58 PM,9/7/2024,
147,43.0,gf,0.225,mm,OK,--,12:11:58 PM,9/7/2024,
148,43.2,gf,0.225,mm,OK,--,12:11:58 PM,9/7/2024,
149,43.2,gf,0.230,mm,OK,--,12:11:58 PM,9/7/2024,
150,43.3,gf,0.235,mm,OK,--,12:11:59 PM,9/7/2024,
151,43.4,gf,0.240,mm,OK,--,12:11:59 PM,9/7/2024,
152,43.4,gf,0.240,mm,OK,--,12:11:59 PM,9/7/2024,
153,43.6,gf,0.245,mm,OK,--,12:11:59 PM,9/7/2024,
154,43.6,gf,0.250,mm,OK,--,12:11:59 PM,9/7/2024,
155,43.7,gf,0.250,mm,OK,--,12:11:59 PM,9/7/2024,
156,43.8,gf,0.255,mm,OK,--,12:11:59 PM,9/7/2024,
157,43.9,gf,0.260,mm,OK,--,12:11:59 PM,9/7/2024,
158,43.9,gf,0.260,mm,OK,--,12:11:59 PM,9/7/2024,
159,43.9,gf,0.265,mm,OK,--,12:11:59 PM,9/7/2024,
160,43.9,gf,0.270,mm,OK,--,12:12:00 PM,9/7/2024,
161,43.9,gf,0.275,mm,OK,--,12:12:00 PM,9/7/2024,
162,44.0,gf,0.275,mm,OK,--,12:12:00 PM,9/7/2024,
163,44.0,gf,0.280,mm,OK,--,12:12:00 PM,9/7/2024,
164,44.0,gf,0.280,mm,OK,--,12:12:00 PM,9/7/2024,
165,44.1,gf,0.285,mm,OK,--,12:12:00 PM,9/7/2024,
166,44.1,gf,0.290,mm,OK,--,12:12:00 PM,9/7/2024,
167,44.1,gf,0.290,mm,OK,--,12:12:00 PM,9/7/2024,
168,44.1,gf,0.295,mm,OK,--,12:12:00 PM,9/7/2024,
169,44.2,gf,0.295,mm,OK,--,12:12:00 PM,9/7/2024,
170,44.3,gf,0.300,mm,OK,--,12:12:01 PM,9/7/2024,
171,44.4,gf,0.305,mm,OK,--,12:12:01 PM,9/7/2024,
172,44.5,gf,0.305,mm,OK,--,12:12:01 PM,9/7/2024,
173,44.3,gf,0.310,mm,OK,--,12:12:01 PM,9/7/2024,
174,44.4,gf,0.315,mm,OK,--,12:12:01 PM,9/7/2024,
175,44.5,gf,0.320,mm,OK,--,12:12:01 PM,9/7/2024,
176,44.6,gf,0.325,mm,OK,--,12:12:01 PM,9/7/2024,
177,44.6,gf,0.330,mm,OK,--,12:12:01 PM,9/7/2024,
178,44.7,gf,0.335,mm,OK,--,12:12:01 PM,9/7/2024,
179,44.6,gf,0.340,mm,OK,--,12:12:01 PM,9/7/2024,
180,44.7,gf,0.345,mm,OK,--,12:12:02 PM,9/7/2024,
181,44.7,gf,0.350,mm,OK,--,12:12:02 PM,9/7/2024,
182,44.8,gf,0.350,mm,OK,--,12:12:02 PM,9/7/2024,
183,45.0,gf,0.355,mm,OK,--,12:12:02 PM,9/7/2024,
184,45.0,gf,0.355,mm,OK,--,12:12:02 PM,9/7/2024,
185,45.1,gf,0.360,mm,OK,--,12:12:02 PM,9/7/2024,
186,45.1,gf,0.360,mm,OK,--,12:12:02 PM,9/7/2024,
187,45.1,gf,0.365,mm,OK,--,12:12:02 PM,9/7/2024,
188,45.0,gf,0.365,mm,OK,--,12:12:02 PM,9/7/2024,
189,45.0,gf,0.370,mm,OK,--,12:12:02 PM,9/7/2024,
190,45.2,gf,0.375,mm,OK,--,12:12:03 PM,9/7/2024,
191,45.3,gf,0.375,mm,OK,--,12:12:03 PM,9/7/2024,
192,45.4,gf,0.380,mm,OK,--,12:12:03 PM,9/7/2024,
193,45.4,gf,0.380,mm,OK,--,12:12:03 PM,9/7/2024,
194,45.4,gf,0.385,mm,OK,--,12:12:03 PM,9/7/2024,
195,45.4,gf,0.385,mm,OK,--,12:12:03 PM,9/7/2024,
196,45.5,gf,0.390,mm,OK,--,12:12:03 PM,9/7/2024,
197,45.6,gf,0.390,mm,OK,--,12:12:03 PM,9/7/2024,
198,45.6,gf,0.390,mm,OK,--,12:12:03 PM,9/7/2024,
199,45.6,gf,0.395,mm,OK,--,12:12:03 PM,9/7/2024,
200,45.7,gf,0.395,mm,OK,--,12:12:04 PM,9/7/2024,
201,45.8,gf,0.400,mm,OK,--,12:12:04 PM,9/7/2024,
202,45.7,gf,0.400,mm,OK,--,12:12:04 PM,9/7/2024,
203,45.8,gf,0.405,mm,OK,--,12:12:04 PM,9/7/2024,
204,45.9,gf,0.405,mm,OK,--,12:12:04 PM,9/7/2024,
205,45.9,gf,0.410,mm,OK,--,12:12:04 PM,9/7/2024,
206,45.9,gf,0.410,mm,OK,--,12:12:04 PM,9/7/2024,
207,46.1,gf,0.415,mm,OK,--,12:12:04 PM,9/7/2024,
208,46.2,gf,0.415,mm,OK,--,12:12:04 PM,9/7/2024,
209,46.3,gf,0.420,mm,OK,--,12:12:04 PM,9/7/2024,
210,46.3,gf,0.420,mm,OK,--,12:12:05 PM,9/7/2024,
211,46.3,gf,0.425,mm,OK,--,12:12:05 PM,9/7/2024,
212,46.3,gf,0.425,mm,OK,--,12:12:05 PM,9/7/2024,
213,46.4,gf,0.425,mm,OK,--,12:12:05 PM,9/7/2024,
214,46.5,gf,0.430,mm,OK,--,12:12:05 PM,9/7/2024,
215,46.5,gf,0.430,mm,OK,--,12:12:05 PM,9/7/2024,
216,46.5,gf,0.430,mm,OK,--,12:12:05 PM,9/7/2024,
217,46.6,gf,0.435,mm,OK,--,12:12:05 PM,9/7/2024,
218,46.7,gf,0.435,mm,OK,--,12:12:05 PM,9/7/2024,
219,46.7,gf,0.435,mm,OK,--,12:12:05 PM,9/7/2024,
220,46.8,gf,0.440,mm,OK,--,12:12:06 PM,9/7/2024,
221,46.9,gf,0.440,mm,OK,--,12:12:06 PM,9/7/2024,
222,46.9,gf,0.445,mm,OK,--,12:12:06 PM,9/7/2024,
223,46.8,gf,0.445,mm,OK,--,12:12:06 PM,9/7/2024,
224,46.9,gf,0.450,mm,OK,--,12:12:06 PM,9/7/2024,
225,46.9,gf,0.450,mm,OK,--,12:12:06 PM,9/7/2024,
226,47.0,gf,0.450,mm,OK,--,12:12:06 PM,9/7/2024,
227,47.0,gf,0.450,mm,OK,--,12:12:06 PM,9/7/2024,
228,47.1,gf,0.455,mm,OK,--,12:12:06 PM,9/7/2024,
229,47.0,gf,0.455,mm,OK,--,12:12:06 PM,9/7/2024,
230,47.0,gf,0.455,mm,OK,--,12:12:07 PM,9/7/2024,
231,47.0,gf,0.455,mm,OK,--,12:12:07 PM,9/7/2024,
232,47.1,gf,0.460,mm,OK,--,12:12:07 PM,9/7/2024,
233,47.1,gf,0.460,mm,OK,--,12:12:07 PM,9/7/2024,
234,47.1,gf,0.460,mm,OK,--,12:12:07 PM,9/7/2024,
235,47.3,gf,0.460,mm,OK,--,12:12:07 PM,9/7/2024,
236,47.3,gf,0.460,mm,OK,--,12:12:07 PM,9/7/2024,
237,47.1,gf,0.465,mm,OK,--,12:12:07 PM,9/7/2024,
238,47.2,gf,0.465,mm,OK,--,12:12:07 PM,9/7/2024,
239,47.4,gf,0.465,mm,OK,--,12:12:07 PM,9/7/2024,
240,47.5,gf,0.470,mm,OK,--,12:12:08 PM,9/7/2024,
241,47.5,gf,0.470,mm,OK,--,12:12:08 PM,9/7/2024,
242,47.6,gf,0.480,mm,OK,--,12:12:08 PM,9/7/2024,
243,47.7,gf,0.485,mm,OK,--,12:12:08 PM,9/7/2024,
244,47.9,gf,0.490,mm,OK,--,12:12:08 PM,9/7/2024,
245,47.9,gf,0.495,mm,OK,--,12:12:08 PM,9/7/2024,
246,48.0,gf,0.500,mm,OK,--,12:12:08 PM,9/7/2024,
247,48.2,gf,0.500,mm,OK,--,12:12:08 PM,9/7/2024,
248,48.3,gf,0.505,mm,OK,--,12:12:08 PM,9/7/2024,
249,48.4,gf,0.510,mm,OK,--,12:12:08 PM,9/7/2024,
250,48.4,gf,0.510,mm,OK,--,12:12:09 PM,9/7/2024,
251,48.7,gf,0.515,mm,OK,--,12:12:09 PM,9/7/2024,
252,48.7,gf,0.520,mm,OK,--,12:12:09 PM,9/7/2024,
253,48.7,gf,0.520,mm,OK,--,12:12:09 PM,9/7/2024,
254,48.9,gf,0.525,mm,OK,--,12:12:09 PM,9/7/2024,
255,48.7,gf,0.535,mm,OK,--,12:12:09 PM,9/7/2024,
256,48.9,gf,0.540,mm,OK,--,12:12:09 PM,9/7/2024,
257,48.9,gf,0.545,mm,OK,--,12:12:09 PM,9/7/2024,
258,49.1,gf,0.550,mm,OK,--,12:12:09 PM,9/7/2024,
259,49.1,gf,0.550,mm,OK,--,12:12:09 PM,9/7/2024,
260,49.0,gf,0.555,mm,OK,--,12:12:10 PM,9/7/2024,
261,49.0,gf,0.555,mm,OK,--,12:12:10 PM,9/7/2024,
262,49.2,gf,0.560,mm,OK,--,12:12:10 PM,9/7/2024,
263,49.2,gf,0.560,mm,OK,--,12:12:10 PM,9/7/2024,
264,49.2,gf,0.560,mm,OK,--,12:12:10 PM,9/7/2024,
265,49.3,gf,0.565,mm,OK,--,12:12:10 PM,9/7/2024,
266,49.2,gf,0.565,mm,OK,--,12:12:10 PM,9/7/2024,
267,49.2,gf,0.565,mm,OK,--,12:12:10 PM,9/7/2024,
268,49.3,gf,0.570,mm,OK,--,12:12:10 PM,9/7/2024,
269,49.4,gf,0.570,mm,OK,--,12:12:10 PM,9/7/2024,
270,49.4,gf,0.570,mm,OK,--,12:12:11 PM,9/7/2024,
271,49.3,gf,0.570,mm,OK,--,12:12:11 PM,9/7/2024,
272,49.3,gf,0.575,mm,OK,--,12:12:11 PM,9/7/2024,
273,49.4,gf,0.575,mm,OK,--,12:12:11 PM,9/7/2024,
274,49.4,gf,0.575,mm,OK,--,12:12:11 PM,9/7/2024,
275,49.5,gf,0.575,mm,OK,--,12:12:11 PM,9/7/2024,
276,49.6,gf,0.580,mm,OK,--,12:12:11 PM,9/7/2024,
277,49.6,gf,0.580,mm,OK,--,12:12:11 PM,9/7/2024,
278,49.6,gf,0.580,mm,OK,--,12:12:11 PM,9/7/2024,
279,49.6,gf,0.585,mm,OK,--,12:12:11 PM,9/7/2024,
280,49.7,gf,0.585,mm,OK,--,12:12:12 PM,9/7/2024,
281,49.7,gf,0.590,mm,OK,--,12:12:12 PM,9/7/2024,
282,49.8,gf,0.595,mm,OK,--,12:12:12 PM,9/7/2024,
283,49.8,gf,0.600,mm,OK,--,12:12:12 PM,9/7/2024,
284,49.7,gf,0.600,mm,OK,--,12:12:12 PM,9/7/2024,
285,49.8,gf,0.605,mm,OK,--,12:12:12 PM,9/7/2024,
286,49.8,gf,0.610,mm,OK,--,12:12:12 PM,9/7/2024,
287,49.8,gf,0.610,mm,OK,--,12:12:12 PM,9/7/2024,
288,49.7,gf,0.615,mm,OK,--,12:12:12 PM,9/7/2024,
289,49.8,gf,0.615,mm,OK,--,12:12:13 PM,9/7/2024,
290,49.8,gf,0.615,mm,OK,--,12:12:13 PM,9/7/2024,
291,49.8,gf,0.620,mm,OK,--,12:12:13 PM,9/7/2024,
292,49.8,gf,0.620,mm,OK,--,12:12:13 PM,9/7/2024,
293,49.8,gf,0.620,mm,OK,--,12:12:13 PM,9/7/2024,
294,49.7,gf,0.625,mm,OK,--,12:12:13 PM,9/7/2024,
295,49.9,gf,0.625,mm,OK,--,12:12:13 PM,9/7/2024,
296,49.9,gf,0.625,mm,OK,--,12:12:13 PM,9/7/2024,
297,49.9,gf,0.625,mm,OK,--,12:12:13 PM,9/7/2024,
298,50.0,gf,0.630,mm,OK,--,12:12:13 PM,9/7/2024,
299,50.0,gf,0.630,mm,OK,--,12:12:13 PM,9/7/2024,
300,50.0,gf,0.635,mm,OK,--,12:12:14 PM,9/7/2024,
301,50.0,gf,0.635,mm,OK,--,12:12:14 PM,9/7/2024,
302,50.0,gf,0.640,mm,OK,--,12:12:14 PM,9/7/2024,
303,50.0,gf,0.640,mm,OK,--,12:12:14 PM,9/7/2024,
304,50.1,gf,0.645,mm,OK,--,12:12:14 PM,9/7/2024,
305,50.1,gf,0.645,mm,OK,--,12:12:14 PM,9/7/2024,
306,50.1,gf,0.650,mm,OK,--,12:12:14 PM,9/7/2024,
307,50.1,gf,0.655,mm,OK,--,12:12:14 PM,9/7/2024,
308,50.1,gf,0.655,mm,OK,--,12:12:14 PM,9/7/2024,
309,49.9,gf,0.660,mm,OK,--,12:12:14 PM,9/7/2024,
310,49.9,gf,0.665,mm,OK,--,12:12:15 PM,9/7/2024,
311,50.0,gf,0.665,mm,OK,--,12:12:15 PM,9/7/2024,
312,50.0,gf,0.670,mm,OK,--,12:12:15 PM,9/7/2024,
313,50.1,gf,0.675,mm,OK,--,12:12:15 PM,9/7/2024,
314,50.0,gf,0.680,mm,OK,--,12:12:15 PM,9/7/2024,
315,50.1,gf,0.685,mm,OK,--,12:12:15 PM,9/7/2024,
316,50.1,gf,0.690,mm,OK,--,12:12:15 PM,9/7/2024,
317,50.3,gf,0.695,mm,OK,--,12:12:15 PM,9/7/2024,
318,50.4,gf,0.700,mm,OK,--,12:12:15 PM,9/7/2024,
319,50.5,gf,0.710,mm,OK,--,12:12:15 PM,9/7/2024,
320,50.6,gf,0.715,mm,OK,--,12:12:16 PM,9/7/2024,
321,50.7,gf,0.725,mm,OK,--,12:12:16 PM,9/7/2024,
322,50.7,gf,0.730,mm,OK,--,12:12:16 PM,9/7/2024,
323,50.8,gf,0.740,mm,OK,--,12:12:16 PM,9/7/2024,
324,50.8,gf,0.745,mm,OK,--,12:12:16 PM,9/7/2024,
325,50.7,gf,0.750,mm,OK,--,12:12:16 PM,9/7/2024,
326,50.7,gf,0.755,mm,OK,--,12:12:16 PM,9/7/2024,
327,50.6,gf,0.760,mm,OK,--,12:12:16 PM,9/7/2024,
328,50.6,gf,0.760,mm,OK,--,12:12:16 PM,9/7/2024,
329,50.6,gf,0.765,mm,OK,--,12:12:16 PM,9/7/2024,
330,50.6,gf,0.765,mm,OK,--,12:12:17 PM,9/7/2024,
331,50.7,gf,0.770,mm,OK,--,12:12:17 PM,9/7/2024,
332,50.7,gf,0.770,mm,OK,--,12:12:17 PM,9/7/2024,
333,50.7,gf,0.775,mm,OK,--,12:12:17 PM,9/7/2024,
334,50.6,gf,0.780,mm,OK,--,12:12:17 PM,9/7/2024,
335,50.5,gf,0.780,mm,OK,--,12:12:17 PM,9/7/2024,
336,50.6,gf,0.785,mm,OK,--,12:12:17 PM,9/7/2024,
337,50.7,gf,0.790,mm,OK,--,12:12:17 PM,9/7/2024,
338,50.8,gf,0.795,mm,OK,--,12:12:17 PM,9/7/2024,
339,50.9,gf,0.795,mm,OK,--,12:12:17 PM,9/7/2024,
340,51.0,gf,0.800,mm,OK,--,12:12:18 PM,9/7/2024,
341,51.0,gf,0.805,mm,OK,--,12:12:18 PM,9/7/2024,
342,50.9,gf,0.810,mm,OK,--,12:12:18 PM,9/7/2024,
343,50.9,gf,0.810,mm,OK,--,12:12:18 PM,9/7/2024,
344,50.7,gf,0.815,mm,OK,--,12:12:18 PM,9/7/2024,
345,50.6,gf,0.815,mm,OK,--,12:12:18 PM,9/7/2024,
346,50.7,gf,0.820,mm,OK,--,12:12:18 PM,9/7/2024,
347,50.7,gf,0.825,mm,OK,--,12:12:18 PM,9/7/2024,
348,50.7,gf,0.825,mm,OK,--,12:12:18 PM,9/7/2024,
349,50.7,gf,0.830,mm,OK,--,12:12:18 PM,9/7/2024,
350,50.7,gf,0.835,mm,OK,--,12:12:19 PM,9/7/2024,
351,50.7,gf,0.840,mm,OK,--,12:12:19 PM,9/7/2024,
352,50.8,gf,0.840,mm,OK,--,12:12:19 PM,9/7/2024,
353,51.0,gf,0.845,mm,OK,--,12:12:19 PM,9/7/2024,
354,50.9,gf,0.855,mm,OK,--,12:12:19 PM,9/7/2024,
355,50.9,gf,0.860,mm,OK,--,12:12:19 PM,9/7/2024,
356,50.8,gf,0.870,mm,OK,--,12:12:19 PM,9/7/2024,
357,50.9,gf,0.875,mm,OK,--,12:12:19 PM,9/7/2024,
358,50.9,gf,0.880,mm,OK,--,12:12:19 PM,9/7/2024,
359,50.9,gf,0.885,mm,OK,--,12:12:19 PM,9/7/2024,
360,50.9,gf,0.890,mm,OK,--,12:12:20 PM,9/7/2024,
361,50.8,gf,0.895,mm,OK,--,12:12:20 PM,9/7/2024,
362,50.8,gf,0.900,mm,OK,--,12:12:20 PM,9/7/2024,
363,50.8,gf,0.905,mm,OK,--,12:12:20 PM,9/7/2024,
364,50.9,gf,0.910,mm,OK,--,12:12:20 PM,9/7/2024,
365,50.9,gf,0.915,mm,OK,--,12:12:20 PM,9/7/2024,
366,50.9,gf,0.920,mm,OK,--,12:12:20 PM,9/7/2024,
367,50.9,gf,0.925,mm,OK,--,12:12:20 PM,9/7/2024,
368,50.9,gf,0.930,mm,OK,--,12:12:20 PM,9/7/2024,
369,50.9,gf,0.940,mm,OK,--,12:12:20 PM,9/7/2024,
370,50.8,gf,0.950,mm,OK,--,12:12:21 PM,9/7/2024,
371,50.9,gf,0.955,mm,OK,--,12:12:21 PM,9/7/2024,
372,50.9,gf,0.960,mm,OK,--,12:12:21 PM,9/7/2024,
373,50.8,gf,0.965,mm,OK,--,12:12:21 PM,9/7/2024,
374,50.8,gf,0.970,mm,OK,--,12:12:21 PM,9/7/2024,
375,50.9,gf,0.975,mm,OK,--,12:12:21 PM,9/7/2024,
376,50.8,gf,0.980,mm,OK,--,12:12:21 PM,9/7/2024,
377,50.8,gf,0.985,mm,OK,--,12:12:21 PM,9/7/2024,
378,50.9,gf,0.990,mm,OK,--,12:12:21 PM,9/7/2024,
379,50.8,gf,0.995,mm,OK,--,12:12:21 PM,9/7/2024,
380,50.9,gf,1.000,mm,OK,--,12:12:22 PM,9/7/2024,
381,50.9,gf,1.005,mm,OK,--,12:12:22 PM,9/7/2024,
382,51.0,gf,1.010,mm,OK,--,12:12:22 PM,9/7/2024,
383,50.8,gf,1.015,mm,OK,--,12:12:22 PM,9/7/2024,
384,50.9,gf,1.015,mm,OK,--,12:12:22 PM,9/7/2024,
385,50.8,gf,1.020,mm,OK,--,12:12:22 PM,9/7/2024,
386,50.8,gf,1.025,mm,OK,--,12:12:22 PM,9/7/2024,
387,50.9,gf,1.025,mm,OK,--,12:12:22 PM,9/7/2024,
388,50.9,gf,1.030,mm,OK,--,12:12:22 PM,9/7/2024,
389,50.9,gf,1.030,mm,OK,--,12:12:22 PM,9/7/2024,
390,50.9,gf,1.035,mm,OK,--,12:12:23 PM,9/7/2024,
391,50.9,gf,1.040,mm,OK,--,12:12:23 PM,9/7/2024,
392,50.8,gf,1.040,mm,OK,--,12:12:23 PM,9/7/2024,
393,50.9,gf,1.045,mm,OK,--,12:12:23 PM,9/7/2024,
394,50.8,gf,1.055,mm,OK,--,12:12:23 PM,9/7/2024,
395,50.9,gf,1.060,mm,OK,--,12:12:23 PM,9/7/2024,
396,50.8,gf,1.065,mm,OK,--,12:12:23 PM,9/7/2024,
397,50.8,gf,1.065,mm,OK,--,12:12:23 PM,9/7/2024,
398,50.8,gf,1.070,mm,OK,--,12:12:23 PM,9/7/2024,
399,50.8,gf,1.075,mm,OK,--,12:12:23 PM,9/7/2024,
400,50.8,gf,1.075,mm,OK,--,12:12:24 PM,9/7/2024,
401,50.9,gf,1.080,mm,OK,--,12:12:24 PM,9/7/2024,
402,50.8,gf,1.085,mm,OK,--,12:12:24 PM,9/7/2024,
403,50.6,gf,1.090,mm,OK,--,12:12:24 PM,9/7/2024,
404,50.7,gf,1.095,mm,OK,--,12:12:24 PM,9/7/2024,
405,50.8,gf,1.100,mm,OK,--,12:12:24 PM,9/7/2024,
406,50.4,gf,1.110,mm,OK,--,12:12:24 PM,9/7/2024,
407,50.1,gf,1.120,mm,OK,--,12:12:24 PM,9/7/2024,
408,50.1,gf,1.130,mm,OK,--,12:12:24 PM,9/7/2024,
409,50.4,gf,1.140,mm,OK,--,12:12:24 PM,9/7/2024,
410,50.5,gf,1.145,mm,OK,--,12:12:25 PM,9/7/2024,
411,50.5,gf,1.155,mm,OK,--,12:12:25 PM,9/7/2024,
412,50.8,gf,1.165,mm,OK,--,12:12:25 PM,9/7/2024,
413,50.8,gf,1.170,mm,OK,--,12:12:25 PM,9/7/2024,
414,50.7,gf,1.180,mm,OK,--,12:12:25 PM,9/7/2024,
415,50.3,gf,1.185,mm,OK,--,12:12:25 PM,9/7/2024,
416,50.5,gf,1.190,mm,OK,--,12:12:25 PM,9/7/2024,
417,50.7,gf,1.195,mm,OK,--,12:12:25 PM,9/7/2024,
418,50.8,gf,1.200,mm,OK,--,12:12:25 PM,9/7/2024,
419,50.7,gf,1.205,mm,OK,--,12:12:25 PM,9/7/2024,
420,50.5,gf,1.210,mm,OK,--,12:12:26 PM,9/7/2024,
421,50.1,gf,1.220,mm,OK,--,12:12:26 PM,9/7/2024,
422,50.1,gf,1.225,mm,OK,--,12:12:26 PM,9/7/2024,
423,49.9,gf,1.230,mm,OK,--,12:12:26 PM,9/7/2024,
424,49.9,gf,1.240,mm,OK,--,12:12:26 PM,9/7/2024,
425,50.0,gf,1.245,mm,OK,--,12:12:26 PM,9/7/2024,
426,49.7,gf,1.250,mm,OK,--,12:12:26 PM,9/7/2024,
427,49.7,gf,1.255,mm,OK,--,12:12:26 PM,9/7/2024,
428,49.5,gf,1.260,mm,OK,--,12:12:26 PM,9/7/2024,
429,49.4,gf,1.260,mm,OK,--,12:12:26 PM,9/7/2024,
430,49.3,gf,1.265,mm,OK,--,12:12:27 PM,9/7/2024,
431,49.4,gf,1.270,mm,OK,--,12:12:27 PM,9/7/2024,
432,49.1,gf,1.275,mm,OK,--,12:12:27 PM,9/7/2024,
433,49.0,gf,1.280,mm,OK,--,12:12:27 PM,9/7/2024,
434,48.9,gf,1.285,mm,OK,--,12:12:27 PM,9/7/2024,
435,48.8,gf,1.285,mm,OK,--,12:12:27 PM,9/7/2024,
436,48.8,gf,1.290,mm,OK,--,12:12:27 PM,9/7/2024,
437,48.9,gf,1.290,mm,OK,--,12:12:27 PM,9/7/2024,
438,49.1,gf,1.295,mm,OK,--,12:12:27 PM,9/7/2024,
439,49.2,gf,1.295,mm,OK,--,12:12:27 PM,9/7/2024,
440,49.3,gf,1.300,mm,OK,--,12:12:28 PM,9/7/2024,
441,49.3,gf,1.300,mm,OK,--,12:12:28 PM,9/7/2024,
442,49.2,gf,1.300,mm,OK,--,12:12:28 PM,9/7/2024,
443,49.2,gf,1.305,mm,OK,--,12:12:28 PM,9/7/2024,
444,49.5,gf,1.305,mm,OK,--,12:12:28 PM,9/7/2024,
445,49.4,gf,1.305,mm,OK,--,12:12:28 PM,9/7/2024,
446,49.5,gf,1.310,mm,OK,--,12:12:28 PM,9/7/2024,
447,49.6,gf,1.310,mm,OK,--,12:12:28 PM,9/7/2024,
448,49.5,gf,1.315,mm,OK,--,12:12:28 PM,9/7/2024,
449,49.3,gf,1.320,mm,OK,--,12:12:28 PM,9/7/2024,
450,49.1,gf,1.325,mm,OK,--,12:12:29 PM,9/7/2024,
451,49.2,gf,1.330,mm,OK,--,12:12:29 PM,9/7/2024,
452,49.1,gf,1.330,mm,OK,--,12:12:29 PM,9/7/2024,
453,49.1,gf,1.335,mm,OK,--,12:12:29 PM,9/7/2024,
454,49.1,gf,1.335,mm,OK,--,12:12:29 PM,9/7/2024,
455,49.1,gf,1.335,mm,OK,--,12:12:29 PM,9/7/2024,
456,49.3,gf,1.340,mm,OK,--,12:12:29 PM,9/7/2024,
457,49.3,gf,1.340,mm,OK,--,12:12:29 PM,9/7/2024,
458,49.3,gf,1.345,mm,OK,--,12:12:29 PM,9/7/2024,
459,49.2,gf,1.345,mm,OK,--,12:12:29 PM,9/7/2024,
460,49.2,gf,1.350,mm,OK,--,12:12:30 PM,9/7/2024,
461,49.1,gf,1.350,mm,OK,--,12:12:30 PM,9/7/2024,
462,49.0,gf,1.355,mm,OK,--,12:12:30 PM,9/7/2024,
463,48.9,gf,1.355,mm,OK,--,12:12:30 PM,9/7/2024,
464,48.9,gf,1.360,mm,OK,--,12:12:30 PM,9/7/2024,
465,49.1,gf,1.360,mm,OK,--,12:12:30 PM,9/7/2024,
466,48.9,gf,1.365,mm,OK,--,12:12:30 PM,9/7/2024,
467,48.7,gf,1.370,mm,OK,--,12:12:30 PM,9/7/2024,
468,48.5,gf,1.380,mm,OK,--,12:12:30 PM,9/7/2024,
469,48.2,gf,1.385,mm,OK,--,12:12:30 PM,9/7/2024,
470,48.2,gf,1.395,mm,OK,--,12:12:31 PM,9/7/2024,
471,48.2,gf,1.400,mm,OK,--,12:12:31 PM,9/7/2024,
472,48.1,gf,1.410,mm,OK,--,12:12:31 PM,9/7/2024,
473,48.3,gf,1.415,mm,OK,--,12:12:31 PM,9/7/2024,
474,48.0,gf,1.420,mm,OK,--,12:12:31 PM,9/7/2024,
475,48.0,gf,1.425,mm,OK,--,12:12:31 PM,9/7/2024,
476,48.0,gf,1.430,mm,OK,--,12:12:31 PM,9/7/2024,
477,47.9,gf,1.435,mm,OK,--,12:12:31 PM,9/7/2024,
478,47.8,gf,1.435,mm,OK,--,12:12:31 PM,9/7/2024,
479,47.9,gf,1.440,mm,OK,--,12:12:31 PM,9/7/2024,
480,47.8,gf,1.445,mm,OK,--,12:12:32 PM,9/7/2024,
481,47.8,gf,1.450,mm,OK,--,12:12:32 PM,9/7/2024,
482,48.0,gf,1.450,mm,OK,--,12:12:32 PM,9/7/2024,
483,47.9,gf,1.455,mm,OK,--,12:12:32 PM,9/7/2024,
484,47.9,gf,1.460,mm,OK,--,12:12:32 PM,9/7/2024,
485,48.0,gf,1.465,mm,OK,--,12:12:32 PM,9/7/2024,
486,48.0,gf,1.470,mm,OK,--,12:12:32 PM,9/7/2024,
487,48.0,gf,1.475,mm,OK,--,12:12:32 PM,9/7/2024,
488,47.9,gf,1.480,mm,OK,--,12:12:32 PM,9/7/2024,
489,47.9,gf,1.485,mm,OK,--,12:12:32 PM,9/7/2024,
490,47.8,gf,1.490,mm,OK,--,12:12:33 PM,9/7/2024,
491,47.9,gf,1.495,mm,OK,--,12:12:33 PM,9/7/2024,
492,47.9,gf,1.495,mm,OK,--,12:12:33 PM,9/7/2024,
493,47.9,gf,1.500,mm,OK,--,12:12:33 PM,9/7/2024,
494,47.9,gf,1.505,mm,OK,--,12:12:33 PM,9/7/2024,
495,47.9,gf,1.510,mm,OK,--,12:12:33 PM,9/7/2024,
496,48.0,gf,1.515,mm,OK,--,12:12:33 PM,9/7/2024,
497,48.0,gf,1.520,mm,OK,--,12:12:33 PM,9/7/2024,
498,47.9,gf,1.525,mm,OK,--,12:12:33 PM,9/7/2024,
499,47.9,gf,1.530,mm,OK,--,12:12:33 PM,9/7/2024,
500,47.9,gf,1.530,mm,OK,--,12:12:34 PM,9/7/2024,
501,47.9,gf,1.535,mm,OK,--,12:12:34 PM,9/7/2024,
502,47.9,gf,1.540,mm,OK,--,12:12:34 PM,9/7/2024,
503,48.0,gf,1.545,mm,OK,--,12:12:34 PM,9/7/2024,
504,47.9,gf,1.550,mm,OK,--,12:12:34 PM,9/7/2024,
505,48.0,gf,1.555,mm,OK,--,12:12:34 PM,9/7/2024,
506,48.0,gf,1.560,mm,OK,--,12:12:34 PM,9/7/2024,
507,48.0,gf,1.570,mm,OK,--,12:12:34 PM,9/7/2024,
508,48.0,gf,1.575,mm,OK,--,12:12:34 PM,9/7/2024,
509,48.1,gf,1.580,mm,OK,--,12:12:34 PM,9/7/2024,
510,48.2,gf,1.590,mm,OK,--,12:12:35 PM,9/7/2024,
511,48.1,gf,1.595,mm,OK,--,12:12:35 PM,9/7/2024,
512,48.2,gf,1.600,mm,OK,--,12:12:35 PM,9/7/2024,
513,48.2,gf,1.605,mm,OK,--,12:12:35 PM,9/7/2024,
514,48.3,gf,1.610,mm,OK,--,12:12:35 PM,9/7/2024,
515,48.3,gf,1.615,mm,OK,--,12:12:35 PM,9/7/2024,
516,48.5,gf,1.620,mm,OK,--,12:12:35 PM,9/7/2024,
517,48.4,gf,1.630,mm,OK,--,12:12:35 PM,9/7/2024,
518,48.4,gf,1.635,mm,OK,--,12:12:35 PM,9/7/2024,
519,48.7,gf,1.640,mm,OK,--,12:12:35 PM,9/7/2024,
520,48.6,gf,1.645,mm,OK,--,12:12:36 PM,9/7/2024,
521,48.5,gf,1.655,mm,OK,--,12:12:36 PM,9/7/2024,
522,48.7,gf,1.660,mm,OK,--,12:12:36 PM,9/7/2024,
523,48.8,gf,1.670,mm,OK,--,12:12:36 PM,9/7/2024,
524,48.8,gf,1.675,mm,OK,--,12:12:36 PM,9/7/2024,
525,48.9,gf,1.680,mm,OK,--,12:12:36 PM,9/7/2024,
526,49.0,gf,1.690,mm,OK,--,12:12:36 PM,9/7/2024,
527,49.0,gf,1.695,mm,OK,--,12:12:36 PM,9/7/2024,
528,49.0,gf,1.700,mm,OK,--,12:12:36 PM,9/7/2024,
529,49.0,gf,1.705,mm,OK,--,12:12:36 PM,9/7/2024,
530,49.0,gf,1.710,mm,OK,--,12:12:37 PM,9/7/2024,
531,49.0,gf,1.715,mm,OK,--,12:12:37 PM,9/7/2024,
532,49.0,gf,1.720,mm,OK,--,12:12:37 PM,9/7/2024,
533,49.0,gf,1.720,mm,OK,--,12:12:37 PM,9/7/2024,
534,49.1,gf,1.725,mm,OK,--,12:12:37 PM,9/7/2024,
535,49.0,gf,1.730,mm,OK,--,12:12:37 PM,9/7/2024,
536,48.9,gf,1.735,mm,OK,--,12:12:37 PM,9/7/2024,
537,48.8,gf,1.735,mm,OK,--,12:12:37 PM,9/7/2024,
538,48.8,gf,1.740,mm,OK,--,12:12:37 PM,9/7/2024,
539,48.7,gf,1.740,mm,OK,--,12:12:37 PM,9/7/2024,
540,48.7,gf,1.745,mm,OK,--,12:12:38 PM,9/7/2024,
541,48.6,gf,1.750,mm,OK,--,12:12:38 PM,9/7/2024,
542,48.5,gf,1.750,mm,OK,--,12:12:38 PM,9/7/2024,
543,48.5,gf,1.755,mm,OK,--,12:12:38 PM,9/7/2024,
544,48.5,gf,1.755,mm,OK,--,12:12:38 PM,9/7/2024,
545,48.4,gf,1.760,mm,OK,--,12:12:38 PM,9/7/2024,
546,48.2,gf,1.760,mm,OK,--,12:12:38 PM,9/7/2024,
547,48.1,gf,1.765,mm,OK,--,12:12:38 PM,9/7/2024,
548,48.2,gf,1.765,mm,OK,--,12:12:38 PM,9/7/2024,
549,48.3,gf,1.770,mm,OK,--,12:12:38 PM,9/7/2024,
550,48.4,gf,1.775,mm,OK,--,12:12:39 PM,9/7/2024,
551,48.6,gf,1.775,mm,OK,--,12:12:39 PM,9/7/2024,
552,48.6,gf,1.780,mm,OK,--,12:12:39 PM,9/7/2024,
553,48.6,gf,1.785,mm,OK,--,12:12:39 PM,9/7/2024,
554,48.7,gf,1.790,mm,OK,--,12:12:39 PM,9/7/2024,
555,48.7,gf,1.795,mm,OK,--,12:12:39 PM,9/7/2024,
556,48.7,gf,1.800,mm,OK,--,12:12:39 PM,9/7/2024,
557,49.0,gf,1.805,mm,OK,--,12:12:39 PM,9/7/2024,
558,49.2,gf,1.810,mm,OK,--,12:12:39 PM,9/7/2024,
559,49.5,gf,1.815,mm,OK,--,12:12:39 PM,9/7/2024,
560,49.7,gf,1.820,mm,OK,--,12:12:40 PM,9/7/2024,
561,49.8,gf,1.820,mm,OK,--,12:12:40 PM,9/7/2024,
562,50.0,gf,1.825,mm,OK,--,12:12:40 PM,9/7/2024,
563,50.2,gf,1.830,mm,OK,--,12:12:40 PM,9/7/2024,
564,50.4,gf,1.830,mm,OK,--,12:12:40 PM,9/7/2024,
565,50.6,gf,1.835,mm,OK,--,12:12:40 PM,9/7/2024,
566,50.7,gf,1.835,mm,OK,--,12:12:40 PM,9/7/2024,
567,50.8,gf,1.835,mm,OK,--,12:12:40 PM,9/7/2024,
568,50.8,gf,1.835,mm,OK,--,12:12:40 PM,9/7/2024,
569,51.0,gf,1.835,mm,OK,--,12:12:40 PM,9/7/2024,
570,51.1,gf,1.840,mm,OK,--,12:12:41 PM,9/7/2024,
571,51.2,gf,1.840,mm,OK,--,12:12:41 PM,9/7/2024,
572,51.2,gf,1.840,mm,OK,--,12:12:41 PM,9/7/2024,
573,51.2,gf,1.840,mm,OK,--,12:12:41 PM,9/7/2024,
574,51.4,gf,1.845,mm,OK,--,12:12:41 PM,9/7/2024,
575,51.7,gf,1.845,mm,OK,--,12:12:41 PM,9/7/2024,
576,51.9,gf,1.850,mm,OK,--,12:12:41 PM,9/7/2024,
577,52.0,gf,1.855,mm,OK,--,12:12:41 PM,9/7/2024,
578,52.2,gf,1.860,mm,OK,--,12:12:41 PM,9/7/2024,
579,52.3,gf,1.860,mm,OK,--,12:12:41 PM,9/7/2024,
580,52.6,gf,1.870,mm,OK,--,12:12:42 PM,9/7/2024,
581,53.0,gf,1.875,mm,OK,--,12:12:42 PM,9/7/2024,
582,53.1,gf,1.880,mm,OK,--,12:12:42 PM,9/7/2024,
583,53.2,gf,1.885,mm,OK,--,12:12:42 PM,9/7/2024,
584,53.3,gf,1.890,mm,OK,--,12:12:42 PM,9/7/2024,
585,53.3,gf,1.895,mm,OK,--,12:12:42 PM,9/7/2024,
586,53.4,gf,1.900,mm,OK,--,12:12:42 PM,9/7/2024,
587,53.6,gf,1.905,mm,OK,--,12:12:42 PM,9/7/2024,
588,53.7,gf,1.910,mm,OK,--,12:12:42 PM,9/7/2024,
589,53.9,gf,1.915,mm,OK,--,12:12:42 PM,9/7/2024,
590,54.0,gf,1.920,mm,OK,--,12:12:43 PM,9/7/2024,
591,54.1,gf,1.925,mm,OK,--,12:12:43 PM,9/7/2024,
592,54.2,gf,1.930,mm,OK,--,12:12:43 PM,9/7/2024,
593,54.2,gf,1.935,mm,OK,--,12:12:43 PM,9/7/2024,
594,54.2,gf,1.940,mm,OK,--,12:12:43 PM,9/7/2024,
595,54.2,gf,1.945,mm,OK,--,12:12:43 PM,9/7/2024,
596,54.2,gf,1.950,mm,OK,--,12:12:43 PM,9/7/2024,
597,54.2,gf,1.955,mm,OK,--,12:12:43 PM,9/7/2024,
598,54.2,gf,1.960,mm,OK,--,12:12:43 PM,9/7/2024,
599,54.2,gf,1.970,mm,OK,--,12:12:43 PM,9/7/2024,
600,54.3,gf,1.980,mm,OK,--,12:12:44 PM,9/7/2024,
601,54.4,gf,1.985,mm,OK,--,12:12:44 PM,9/7/2024,
602,54.5,gf,1.995,mm,OK,--,12:12:44 PM,9/7/2024,
603,54.6,gf,2.000,mm,OK,--,12:12:44 PM,9/7/2024,
604,54.7,gf,2.005,mm,OK,--,12:12:44 PM,9/7/2024,
605,54.8,gf,2.010,mm,OK,--,12:12:44 PM,9/7/2024,
606,54.8,gf,2.015,mm,OK,--,12:12:44 PM,9/7/2024,
607,54.9,gf,2.020,mm,OK,--,12:12:44 PM,9/7/2024,
608,55.0,gf,2.025,mm,OK,--,12:12:44 PM,9/7/2024,
609,55.1,gf,2.030,mm,OK,--,12:12:44 PM,9/7/2024,
610,55.2,gf,2.035,mm,OK,--,12:12:45 PM,9/7/2024,
611,55.2,gf,2.040,mm,OK,--,12:12:45 PM,9/7/2024,
612,55.1,gf,2.045,mm,OK,--,12:12:45 PM,9/7/2024,
613,55.1,gf,2.055,mm,OK,--,12:12:45 PM,9/7/2024,
614,55.1,gf,2.060,mm,OK,--,12:12:45 PM,9/7/2024,
615,55.2,gf,2.065,mm,OK,--,12:12:45 PM,9/7/2024,
616,55.4,gf,2.070,mm,OK,--,12:12:45 PM,9/7/2024,
617,55.4,gf,2.080,mm,OK,--,12:12:45 PM,9/7/2024,
618,55.4,gf,2.085,mm,OK,--,12:12:45 PM,9/7/2024,
619,55.4,gf,2.090,mm,OK,--,12:12:45 PM,9/7/2024,
620,55.4,gf,2.095,mm,OK,--,12:12:46 PM,9/7/2024,
621,55.5,gf,2.100,mm,OK,--,12:12:46 PM,9/7/2024,
622,55.7,gf,2.105,mm,OK,--,12:12:46 PM,9/7/2024,
623,55.8,gf,2.110,mm,OK,--,12:12:46 PM,9/7/2024,
624,55.8,gf,2.115,mm,OK,--,12:12:46 PM,9/7/2024,
625,55.8,gf,2.120,mm,OK,--,12:12:46 PM,9/7/2024,
626,55.8,gf,2.125,mm,OK,--,12:12:46 PM,9/7/2024,
627,55.8,gf,2.130,mm,OK,--,12:12:46 PM,9/7/2024,
628,55.9,gf,2.135,mm,OK,--,12:12:46 PM,9/7/2024,
629,56.0,gf,2.140,mm,OK,--,12:12:46 PM,9/7/2024,
630,56.1,gf,2.145,mm,OK,--,12:12:47 PM,9/7/2024,
631,56.1,gf,2.150,mm,OK,--,12:12:47 PM,9/7/2024,
632,56.1,gf,2.155,mm,OK,--,12:12:47 PM,9/7/2024,
633,56.1,gf,2.160,mm,OK,--,12:12:47 PM,9/7/2024,
634,56.1,gf,2.165,mm,OK,--,12:12:47 PM,9/7/2024,
635,56.1,gf,2.170,mm,OK,--,12:12:47 PM,9/7/2024,
636,56.2,gf,2.175,mm,OK,--,12:12:47 PM,9/7/2024,
637,56.2,gf,2.180,mm,OK,--,12:12:47 PM,9/7/2024,
638,56.1,gf,2.180,mm,OK,--,12:12:47 PM,9/7/2024,
639,56.2,gf,2.185,mm,OK,--,12:12:47 PM,9/7/2024,
640,56.2,gf,2.185,mm,OK,--,12:12:48 PM,9/7/2024,
641,56.3,gf,2.190,mm,OK,--,12:12:48 PM,9/7/2024,
642,56.3,gf,2.195,mm,OK,--,12:12:48 PM,9/7/2024,
643,56.2,gf,2.200,mm,OK,--,12:12:48 PM,9/7/2024,
644,56.3,gf,2.200,mm,OK,--,12:12:48 PM,9/7/2024,
645,56.3,gf,2.205,mm,OK,--,12:12:48 PM,9/7/2024,
646,56.3,gf,2.210,mm,OK,--,12:12:48 PM,9/7/2024,
647,56.2,gf,2.215,mm,OK,--,12:12:48 PM,9/7/2024,
648,56.3,gf,2.215,mm,OK,--,12:12:48 PM,9/7/2024,
649,56.4,gf,2.220,mm,OK,--,12:12:48 PM,9/7/2024,
650,56.5,gf,2.225,mm,OK,--,12:12:49 PM,9/7/2024,
651,56.4,gf,2.230,mm,OK,--,12:12:49 PM,9/7/2024,
652,56.5,gf,2.235,mm,OK,--,12:12:49 PM,9/7/2024,
653,56.5,gf,2.240,mm,OK,--,12:12:49 PM,9/7/2024,
654,56.5,gf,2.240,mm,OK,--,12:12:49 PM,9/7/2024,
655,56.5,gf,2.245,mm,OK,--,12:12:49 PM,9/7/2024,
656,56.5,gf,2.250,mm,OK,--,12:12:49 PM,9/7/2024,
657,56.6,gf,2.255,mm,OK,--,12:12:49 PM,9/7/2024,
658,56.7,gf,2.260,mm,OK,--,12:12:49 PM,9/7/2024,
659,56.8,gf,2.265,mm,OK,--,12:12:49 PM,9/7/2024,
660,56.9,gf,2.270,mm,OK,--,12:12:50 PM,9/7/2024,
661,56.9,gf,2.275,mm,OK,--,12:12:50 PM,9/7/2024,
662,56.9,gf,2.280,mm,OK,--,12:12:50 PM,9/7/2024,
663,56.9,gf,2.285,mm,OK,--,12:12:50 PM,9/7/2024,
664,56.9,gf,2.285,mm,OK,--,12:12:50 PM,9/7/2024,
665,57.0,gf,2.290,mm,OK,--,12:12:50 PM,9/7/2024,
666,57.0,gf,2.295,mm,OK,--,12:12:50 PM,9/7/2024,
667,57.1,gf,2.300,mm,OK,--,12:12:50 PM,9/7/2024,
668,57.1,gf,2.300,mm,OK,--,12:12:50 PM,9/7/2024,
669,57.2,gf,2.305,mm,OK,--,12:12:50 PM,9/7/2024,
670,57.2,gf,2.310,mm,OK,--,12:12:51 PM,9/7/2024,
671,57.3,gf,2.315,mm,OK,--,12:12:51 PM,9/7/2024,
672,57.2,gf,2.320,mm,OK,--,12:12:51 PM,9/7/2024,
673,57.4,gf,2.325,mm,OK,--,12:12:51 PM,9/7/2024,
674,57.4,gf,2.330,mm,OK,--,12:12:51 PM,9/7/2024,
675,57.4,gf,2.335,mm,OK,--,12:12:51 PM,9/7/2024,
676,57.5,gf,2.340,mm,OK,--,12:12:51 PM,9/7/2024,
677,57.6,gf,2.345,mm,OK,--,12:12:51 PM,9/7/2024,
678,57.7,gf,2.350,mm,OK,--,12:12:51 PM,9/7/2024,
679,57.7,gf,2.355,mm,OK,--,12:12:51 PM,9/7/2024,
680,57.7,gf,2.360,mm,OK,--,12:12:52 PM,9/7/2024,
681,57.7,gf,2.365,mm,OK,--,12:12:52 PM,9/7/2024,
682,57.7,gf,2.370,mm,OK,--,12:12:52 PM,9/7/2024,
683,57.7,gf,2.375,mm,OK,--,12:12:52 PM,9/7/2024,
684,57.8,gf,2.375,mm,OK,--,12:12:52 PM,9/7/2024,
685,57.8,gf,2.380,mm,OK,--,12:12:52 PM,9/7/2024,
686,57.7,gf,2.385,mm,OK,--,12:12:52 PM,9/7/2024,
687,57.7,gf,2.385,mm,OK,--,12:12:52 PM,9/7/2024,
688,57.8,gf,2.390,mm,OK,--,12:12:52 PM,9/7/2024,
689,57.8,gf,2.390,mm,OK,--,12:12:52 PM,9/7/2024,
690,57.7,gf,2.395,mm,OK,--,12:12:53 PM,9/7/2024,
691,57.8,gf,2.395,mm,OK,--,12:12:53 PM,9/7/2024,
692,57.9,gf,2.400,mm,OK,--,12:12:53 PM,9/7/2024,
693,57.9,gf,2.405,mm,OK,--,12:12:53 PM,9/7/2024,
694,57.9,gf,2.410,mm,OK,--,12:12:53 PM,9/7/2024,
695,57.9,gf,2.415,mm,OK,--,12:12:53 PM,9/7/2024,
696,58.0,gf,2.415,mm,OK,--,12:12:53 PM,9/7/2024,
697,57.8,gf,2.425,mm,OK,--,12:12:53 PM,9/7/2024,
698,57.8,gf,2.425,mm,OK,--,12:12:53 PM,9/7/2024,
699,58.0,gf,2.430,mm,OK,--,12:12:53 PM,9/7/2024,
700,58.0,gf,2.435,mm,OK,--,12:12:54 PM,9/7/2024,
701,58.1,gf,2.440,mm,OK,--,12:12:54 PM,9/7/2024,
702,58.1,gf,2.440,mm,OK,--,12:12:54 PM,9/7/2024,
703,58.1,gf,2.445,mm,OK,--,12:12:54 PM,9/7/2024,
704,58.2,gf,2.445,mm,OK,--,12:12:54 PM,9/7/2024,
705,58.1,gf,2.450,mm,OK,--,12:12:54 PM,9/7/2024,
706,58.1,gf,2.455,mm,OK,--,12:12:54 PM,9/7/2024,
707,58.1,gf,2.460,mm,OK,--,12:12:54 PM,9/7/2024,
708,58.1,gf,2.465,mm,OK,--,12:12:54 PM,9/7/2024,
709,58.1,gf,2.465,mm,OK,--,12:12:54 PM,9/7/2024,
710,58.2,gf,2.470,mm,OK,--,12:12:55 PM,9/7/2024,
711,58.2,gf,2.470,mm,OK,--,12:12:55 PM,9/7/2024,
712,58.3,gf,2.475,mm,OK,--,12:12:55 PM,9/7/2024,
713,58.3,gf,2.475,mm,OK,--,12:12:55 PM,9/7/2024,
714,58.3,gf,2.480,mm,OK,--,12:12:55 PM,9/7/2024,
715,58.3,gf,2.480,mm,OK,--,12:12:55 PM,9/7/2024,
716,58.3,gf,2.485,mm,OK,--,12:12:55 PM,9/7/2024,
717,58.4,gf,2.490,mm,OK,--,12:12:55 PM,9/7/2024,
718,58.4,gf,2.500,mm,OK,--,12:12:55 PM,9/7/2024,
719,58.4,gf,2.505,mm,OK,--,12:12:55 PM,9/7/2024,
720,58.4,gf,2.515,mm,OK,--,12:12:56 PM,9/7/2024,
721,58.5,gf,2.520,mm,OK,--,12:12:56 PM,9/7/2024,
722,58.6,gf,2.525,mm,OK,--,12:12:56 PM,9/7/2024,
723,58.6,gf,2.530,mm,OK,--,12:12:56 PM,9/7/2024,
724,58.7,gf,2.540,mm,OK,--,12:12:56 PM,9/7/2024,
725,58.8,gf,2.550,mm,OK,--,12:12:56 PM,9/7/2024,
726,58.8,gf,2.560,mm,OK,--,12:12:56 PM,9/7/2024,
727,58.8,gf,2.565,mm,OK,--,12:12:56 PM,9/7/2024,
728,59.0,gf,2.570,mm,OK,--,12:12:56 PM,9/7/2024,
729,59.2,gf,2.575,mm,OK,--,12:12:56 PM,9/7/2024,
730,59.3,gf,2.585,mm,OK,--,12:12:57 PM,9/7/2024,
731,59.3,gf,2.590,mm,OK,--,12:12:57 PM,9/7/2024,
732,59.5,gf,2.600,mm,OK,--,12:12:57 PM,9/7/2024,
733,59.5,gf,2.610,mm,OK,--,12:12:57 PM,9/7/2024,
734,59.5,gf,2.620,mm,OK,--,12:12:57 PM,9/7/2024,
735,59.6,gf,2.630,mm,OK,--,12:12:57 PM,9/7/2024,
736,59.8,gf,2.640,mm,OK,--,12:12:57 PM,9/7/2024,
737,59.8,gf,2.645,mm,OK,--,12:12:57 PM,9/7/2024,
738,59.8,gf,2.655,mm,OK,--,12:12:57 PM,9/7/2024,
739,59.9,gf,2.660,mm,OK,--,12:12:57 PM,9/7/2024,
740,60.1,gf,2.670,mm,OK,--,12:12:58 PM,9/7/2024,
741,60.2,gf,2.675,mm,OK,--,12:12:58 PM,9/7/2024,
742,60.3,gf,2.680,mm,OK,--,12:12:58 PM,9/7/2024,
743,60.5,gf,2.690,mm,OK,--,12:12:58 PM,9/7/2024,
744,60.4,gf,2.695,mm,OK,--,12:12:58 PM,9/7/2024,
745,60.5,gf,2.700,mm,OK,--,12:12:58 PM,9/7/2024,
746,60.5,gf,2.705,mm,OK,--,12:12:58 PM,9/7/2024,
747,60.6,gf,2.710,mm,OK,--,12:12:58 PM,9/7/2024,
748,60.6,gf,2.710,mm,OK,--,12:12:58 PM,9/7/2024,
749,60.7,gf,2.715,mm,OK,--,12:12:58 PM,9/7/2024,
750,60.8,gf,2.720,mm,OK,--,12:12:59 PM,9/7/2024,
751,60.8,gf,2.720,mm,OK,--,12:12:59 PM,9/7/2024,
752,60.9,gf,2.725,mm,OK,--,12:12:59 PM,9/7/2024,
753,60.8,gf,2.730,mm,OK,--,12:12:59 PM,9/7/2024,
754,60.9,gf,2.730,mm,OK,--,12:12:59 PM,9/7/2024,
755,60.8,gf,2.735,mm,OK,--,12:12:59 PM,9/7/2024,
756,60.8,gf,2.740,mm,OK,--,12:12:59 PM,9/7/2024,
757,60.9,gf,2.745,mm,OK,--,12:12:59 PM,9/7/2024,
758,60.9,gf,2.750,mm,OK,--,12:12:59 PM,9/7/2024,
759,61.0,gf,2.755,mm,OK,--,12:12:59 PM,9/7/2024,
760,61.1,gf,2.765,mm,OK,--,12:13:00 PM,9/7/2024,
761,61.2,gf,2.770,mm,OK,--,12:13:00 PM,9/7/2024,
762,61.1,gf,2.775,mm,OK,--,12:13:00 PM,9/7/2024,
763,61.1,gf,2.780,mm,OK,--,12:13:00 PM,9/7/2024,
764,61.1,gf,2.785,mm,OK,--,12:13:00 PM,9/7/2024,
765,61.2,gf,2.790,mm,OK,--,12:13:00 PM,9/7/2024,
766,61.3,gf,2.795,mm,OK,--,12:13:00 PM,9/7/2024,
767,61.3,gf,2.800,mm,OK,--,12:13:00 PM,9/7/2024,
768,61.2,gf,2.800,mm,OK,--,12:13:00 PM,9/7/2024,
769,61.3,gf,2.805,mm,OK,--,12:13:00 PM,9/7/2024,
770,61.3,gf,2.810,mm,OK,--,12:13:01 PM,9/7/2024,
771,61.3,gf,2.810,mm,OK,--,12:13:01 PM,9/7/2024,
772,61.3,gf,2.815,mm,OK,--,12:13:01 PM,9/7/2024,
773,61.4,gf,2.820,mm,OK,--,12:13:01 PM,9/7/2024,
774,61.3,gf,2.820,mm,OK,--,12:13:01 PM,9/7/2024,
775,61.4,gf,2.825,mm,OK,--,12:13:01 PM,9/7/2024,
776,61.4,gf,2.830,mm,OK,--,12:13:01 PM,9/7/2024,
777,61.5,gf,2.835,mm,OK,--,12:13:01 PM,9/7/2024,
778,61.6,gf,2.840,mm,OK,--,12:13:01 PM,9/7/2024,
779,61.6,gf,2.840,mm,OK,--,12:13:01 PM,9/7/2024,
780,61.7,gf,2.845,mm,OK,--,12:13:02 PM,9/7/2024,
781,61.8,gf,2.850,mm,OK,--,12:13:02 PM,9/7/2024,
782,61.8,gf,2.855,mm,OK,--,12:13:02 PM,9/7/2024,
783,62.0,gf,2.855,mm,OK,--,12:13:02 PM,9/7/2024,
784,62.0,gf,2.860,mm,OK,--,12:13:02 PM,9/7/2024,
785,62.0,gf,2.865,mm,OK,--,12:13:02 PM,9/7/2024,
786,62.1,gf,2.865,mm,OK,--,12:13:02 PM,9/7/2024,
787,62.2,gf,2.870,mm,OK,--,12:13:02 PM,9/7/2024,
788,62.3,gf,2.875,mm,OK,--,12:13:02 PM,9/7/2024,
789,62.3,gf,2.880,mm,OK,--,12:13:02 PM,9/7/2024,
790,62.3,gf,2.880,mm,OK,--,12:13:03 PM,9/7/2024,
791,62.3,gf,2.885,mm,OK,--,12:13:03 PM,9/7/2024,
792,62.3,gf,2.890,mm,OK,--,12:13:03 PM,9/7/2024,
793,62.4,gf,2.890,mm,OK,--,12:13:03 PM,9/7/2024,
794,62.5,gf,2.895,mm,OK,--,12:13:03 PM,9/7/2024,
795,62.5,gf,2.900,mm,OK,--,12:13:03 PM,9/7/2024,
796,62.6,gf,2.905,mm,OK,--,12:13:03 PM,9/7/2024,
797,62.5,gf,2.910,mm,OK,--,12:13:03 PM,9/7/2024,
798,62.5,gf,2.910,mm,OK,--,12:13:03 PM,9/7/2024,
799,62.6,gf,2.915,mm,OK,--,12:13:03 PM,9/7/2024,
800,62.6,gf,2.920,mm,OK,--,12:13:04 PM,9/7/2024,
801,62.6,gf,2.920,mm,OK,--,12:13:04 PM,9/7/2024,
802,62.7,gf,2.925,mm,OK,--,12:13:04 PM,9/7/2024,
803,62.6,gf,2.930,mm,OK,--,12:13:04 PM,9/7/2024,
804,62.7,gf,2.930,mm,OK,--,12:13:04 PM,9/7/2024,
805,62.6,gf,2.935,mm,OK,--,12:13:04 PM,9/7/2024,
806,62.6,gf,2.940,mm,OK,--,12:13:04 PM,9/7/2024,
807,62.7,gf,2.940,mm,OK,--,12:13:04 PM,9/7/2024,
808,62.7,gf,2.945,mm,OK,--,12:13:04 PM,9/7/2024,
809,62.7,gf,2.950,mm,OK,--,12:13:04 PM,9/7/2024,
810,62.8,gf,2.950,mm,OK,--,12:13:05 PM,9/7/2024,
811,62.7,gf,2.955,mm,OK,--,12:13:05 PM,9/7/2024,
812,62.8,gf,2.955,mm,OK,--,12:13:05 PM,9/7/2024,
813,62.9,gf,2.960,mm,OK,--,12:13:05 PM,9/7/2024,
814,62.8,gf,2.965,mm,OK,--,12:13:05 PM,9/7/2024,
815,62.8,gf,2.965,mm,OK,--,12:13:05 PM,9/7/2024,
816,62.8,gf,2.970,mm,OK,--,12:13:05 PM,9/7/2024,
817,62.9,gf,2.975,mm,OK,--,12:13:05 PM,9/7/2024,
818,63.0,gf,2.980,mm,OK,--,12:13:05 PM,9/7/2024,
819,62.9,gf,2.985,mm,OK,--,12:13:05 PM,9/7/2024,
820,63.0,gf,2.995,mm,OK,--,12:13:06 PM,9/7/2024,
821,63.2,gf,3.000,mm,OK,--,12:13:06 PM,9/7/2024,
822,63.2,gf,3.010,mm,OK,--,12:13:06 PM,9/7/2024,
823,64.3,gf,3.015,mm,OK,--,12:13:06 PM,9/7/2024,
824,68.0,gf,3.025,mm,OK,--,12:13:06 PM,9/7/2024,
825,70.9,gf,3.035,mm,OK,--,12:13:06 PM,9/7/2024,
826,76.9,gf,3.040,mm,OK,--,12:13:06 PM,9/7/2024,
827,83.4,gf,3.045,mm,OK,--,12:13:06 PM,9/7/2024,
828,89.9,gf,3.055,mm,OK,--,12:13:06 PM,9/7/2024,
829,96.0,gf,3.060,mm,OK,--,12:13:06 PM,9/7/2024,
830,100.7,gf,3.070,mm,OK,--,12:13:07 PM,9/7/2024,
831,103.3,gf,3.080,mm,OK,--,12:13:07 PM,9/7/2024,
832,104.5,gf,3.085,mm,OK,--,12:13:07 PM,9/7/2024,
833,105.5,gf,3.090,mm,OK,--,12:13:07 PM,9/7/2024,
834,108.0,gf,3.095,mm,OK,--,12:13:07 PM,9/7/2024,
835,111.4,gf,3.100,mm,OK,--,12:13:07 PM,9/7/2024,
836,115.0,gf,3.105,mm,OK,--,12:13:07 PM,9/7/2024,
837,118.2,gf,3.105,mm,OK,--,12:13:07 PM,9/7/2024,
838,120.4,gf,3.110,mm,OK,--,12:13:07 PM,9/7/2024,
839,122.3,gf,3.110,mm,OK,--,12:13:07 PM,9/7/2024,
840,124.2,gf,3.115,mm,OK,--,12:13:08 PM,9/7/2024,
841,126.1,gf,3.115,mm,OK,--,12:13:08 PM,9/7/2024,
842,127.7,gf,3.115,mm,OK,--,12:13:08 PM,9/7/2024,
843,129.0,gf,3.120,mm,OK,--,12:13:08 PM,9/7/2024,
844,130.4,gf,3.120,mm,OK,--,12:13:08 PM,9/7/2024,
845,132.1,gf,3.120,mm,OK,--,12:13:08 PM,9/7/2024,
846,133.6,gf,3.125,mm,OK,--,12:13:08 PM,9/7/2024,
847,134.9,gf,3.125,mm,OK,--,12:13:08 PM,9/7/2024,
848,135.8,gf,3.125,mm,OK,--,12:13:08 PM,9/7/2024,
849,137.0,gf,3.125,mm,OK,--,12:13:08 PM,9/7/2024,
850,138.4,gf,3.125,mm,OK,--,12:13:09 PM,9/7/2024,
851,139.8,gf,3.130,mm,OK,--,12:13:09 PM,9/7/2024,
852,141.1,gf,3.130,mm,OK,--,12:13:09 PM,9/7/2024,
853,142.5,gf,3.130,mm,OK,--,12:13:09 PM,9/7/2024,
854,144.2,gf,3.135,mm,OK,--,12:13:09 PM,9/7/2024,
855,146.0,gf,3.135,mm,OK,--,12:13:09 PM,9/7/2024,
856,147.6,gf,3.135,mm,OK,--,12:13:09 PM,9/7/2024,
857,149.0,gf,3.140,mm,OK,--,12:13:09 PM,9/7/2024,
858,150.4,gf,3.140,mm,OK,--,12:13:09 PM,9/7/2024,
859,151.7,gf,3.140,mm,OK,--,12:13:09 PM,9/7/2024,
860,153.0,gf,3.140,mm,OK,--,12:13:10 PM,9/7/2024,
861,154.1,gf,3.145,mm,OK,--,12:13:10 PM,9/7/2024,
862,155.1,gf,3.145,mm,OK,--,12:13:10 PM,9/7/2024,
863,156.0,gf,3.145,mm,OK,--,12:13:10 PM,9/7/2024,
864,156.8,gf,3.145,mm,OK,--,12:13:10 PM,9/7/2024,
865,157.6,gf,3.145,mm,OK,--,12:13:10 PM,9/7/2024,
866,158.5,gf,3.150,mm,OK,--,12:13:10 PM,9/7/2024,
867,159.3,gf,3.150,mm,OK,--,12:13:10 PM,9/7/2024,
868,160.3,gf,3.150,mm,OK,--,12:13:10 PM,9/7/2024,
869,161.1,gf,3.150,mm,OK,--,12:13:10 PM,9/7/2024,
870,161.9,gf,3.150,mm,OK,--,12:13:11 PM,9/7/2024,
871,162.7,gf,3.150,mm,OK,--,12:13:11 PM,9/7/2024,
872,163.5,gf,3.155,mm,OK,--,12:13:11 PM,9/7/2024,
873,164.1,gf,3.155,mm,OK,--,12:13:11 PM,9/7/2024,
874,164.9,gf,3.155,mm,OK,--,12:13:11 PM,9/7/2024,
875,165.7,gf,3.155,mm,OK,--,12:13:11 PM,9/7/2024,
876,166.5,gf,3.155,mm,OK,--,12:13:11 PM,9/7/2024,
877,167.2,gf,3.155,mm,OK,--,12:13:11 PM,9/7/2024,
878,168.0,gf,3.160,mm,OK,--,12:13:11 PM,9/7/2024,
879,169.0,gf,3.160,mm,OK,--,12:13:11 PM,9/7/2024,
880,170.0,gf,3.160,mm,OK,--,12:13:12 PM,9/7/2024,
881,171.0,gf,3.160,mm,OK,--,12:13:12 PM,9/7/2024,
882,172.0,gf,3.160,mm,OK,--,12:13:12 PM,9/7/2024,
883,173.0,gf,3.165,mm,OK,--,12:13:12 PM,9/7/2024,
884,173.7,gf,3.165,mm,OK,--,12:13:12 PM,9/7/2024,
885,174.3,gf,3.165,mm,OK,--,12:13:12 PM,9/7/2024,
886,174.9,gf,3.165,mm,OK,--,12:13:12 PM,9/7/2024,
887,175.8,gf,3.165,mm,OK,--,12:13:12 PM,9/7/2024,
888,176.7,gf,3.165,mm,OK,--,12:13:12 PM,9/7/2024,
889,177.6,gf,3.165,mm,OK,--,12:13:12 PM,9/7/2024,
890,178.5,gf,3.170,mm,OK,--,12:13:13 PM,9/7/2024,
891,179.3,gf,3.170,mm,OK,--,12:13:13 PM,9/7/2024,
892,180.1,gf,3.170,mm,OK,--,12:13:13 PM,9/7/2024,
893,181.0,gf,3.170,mm,OK,--,12:13:13 PM,9/7/2024,
894,181.5,gf,3.170,mm,OK,--,12:13:13 PM,9/7/2024,
895,182.2,gf,3.170,mm,OK,--,12:13:13 PM,9/7/2024,
896,182.9,gf,3.175,mm,OK,--,12:13:13 PM,9/7/2024,
897,184.1,gf,3.175,mm,OK,--,12:13:13 PM,9/7/2024,
898,185.5,gf,3.175,mm,OK,--,12:13:13 PM,9/7/2024,
899,186.8,gf,3.175,mm,OK,--,12:13:13 PM,9/7/2024,
900,188.1,gf,3.180,mm,OK,--,12:13:14 PM,9/7/2024,
901,189.8,gf,3.180,mm,OK,--,12:13:14 PM,9/7/2024,
902,191.2,gf,3.180,mm,OK,--,12:13:14 PM,9/7/2024,
903,192.9,gf,3.180,mm,OK,--,12:13:14 PM,9/7/2024,
904,194.0,gf,3.185,mm,OK,--,12:13:14 PM,9/7/2024,
905,194.8,gf,3.185,mm,OK,--,12:13:14 PM,9/7/2024,
906,195.1,gf,3.185,mm,OK,--,12:13:14 PM,9/7/2024,
907,195.6,gf,3.185,mm,OK,--,12:13:14 PM,9/7/2024,
908,196.4,gf,3.185,mm,OK,--,12:13:14 PM,9/7/2024,
909,196.7,gf,3.185,mm,OK,--,12:13:14 PM,9/7/2024,
910,196.7,gf,3.185,mm,OK,--,12:13:15 PM,9/7/2024,
911,196.6,gf,3.185,mm,OK,--,12:13:15 PM,9/7/2024,
912,196.4,gf,3.185,mm,OK,--,12:13:15 PM,9/7/2024,
913,196.5,gf,3.185,mm,OK,--,12:13:15 PM,9/7/2024,
914,196.4,gf,3.185,mm,OK,--,12:13:15 PM,9/7/2024,
915,196.4,gf,3.185,mm,OK,--,12:13:15 PM,9/7/2024,
916,196.4,gf,3.185,mm,OK,--,12:13:15 PM,9/7/2024,
917,196.4,gf,3.185,mm,OK,--,12:13:15 PM,9/7/2024,
918,196.3,gf,3.185,mm,OK,--,12:13:15 PM,9/7/2024,
919,196.3,gf,3.185,mm,OK,--,12:13:15 PM,9/7/2024,
920,196.2,gf,3.185,mm,OK,--,12:13:16 PM,9/7/2024,
921,196.2,gf,3.185,mm,OK,--,12:13:16 PM,9/7/2024,
922,196.1,gf,3.185,mm,OK,--,12:13:16 PM,9/7/2024,
923,196.1,gf,3.185,mm,OK,--,12:13:16 PM,9/7/2024,
924,195.9,gf,3.185,mm,OK,--,12:13:16 PM,9/7/2024,
925,195.7,gf,3.185,mm,OK,--,12:13:16 PM,9/7/2024,
926,195.6,gf,3.185,mm,OK,--,12:13:16 PM,9/7/2024,
927,195.5,gf,3.185,mm,OK,--,12:13:16 PM,9/7/2024,
928,195.6,gf,3.185,mm,OK,--,12:13:16 PM,9/7/2024,
929,195.5,gf,3.185,mm,OK,--,12:13:16 PM,9/7/2024,
930,195.4,gf,3.185,mm,OK,--,12:13:17 PM,9/7/2024,
931,195.4,gf,3.185,mm,OK,--,12:13:17 PM,9/7/2024,
932,195.3,gf,3.185,mm,OK,--,12:13:17 PM,9/7/2024,
933,195.4,gf,3.185,mm,OK,--,12:13:17 PM,9/7/2024,
934,195.3,gf,3.185,mm,OK,--,12:13:17 PM,9/7/2024,
935,195.1,gf,3.185,mm,OK,--,12:13:17 PM,9/7/2024,
936,194.3,gf,3.185,mm,OK,--,12:13:17 PM,9/7/2024,
937,194.0,gf,3.185,mm,OK,--,12:13:17 PM,9/7/2024,
938,193.6,gf,3.185,mm,OK,--,12:13:17 PM,9/7/2024,
939,193.1,gf,3.185,mm,OK,--,12:13:17 PM,9/7/2024,
940,191.7,gf,3.185,mm,OK,--,12:13:18 PM,9/7/2024,
941,191.7,gf,3.185,mm,OK,--,12:13:18 PM,9/7/2024,
942,191.6,gf,3.185,mm,OK,--,12:13:18 PM,9/7/2024,
943,190.9,gf,3.185,mm,OK,--,12:13:18 PM,9/7/2024,
944,189.2,gf,3.180,mm,OK,--,12:13:18 PM,9/7/2024,
945,187.8,gf,3.180,mm,OK,--,12:13:18 PM,9/7/2024,
946,187.4,gf,3.180,mm,OK,--,12:13:18 PM,9/7/2024,
947,187.4,gf,3.180,mm,OK,--,12:13:18 PM,9/7/2024,
948,187.4,gf,3.180,mm,OK,--,12:13:18 PM,9/7/2024,
949,186.9,gf,3.180,mm,OK,--,12:13:18 PM,9/7/2024,
950,186.7,gf,3.180,mm,OK,--,12:13:19 PM,9/7/2024,
951,185.8,gf,3.180,mm,OK,--,12:13:19 PM,9/7/2024,
952,185.4,gf,3.180,mm,OK,--,12:13:19 PM,9/7/2024,
953,185.2,gf,3.180,mm,OK,--,12:13:19 PM,9/7/2024,
954,185.0,gf,3.175,mm,OK,--,12:13:19 PM,9/7/2024,
955,185.0,gf,3.175,mm,OK,--,12:13:19 PM,9/7/2024,
956,184.3,gf,3.175,mm,OK,--,12:13:19 PM,9/7/2024,
957,183.8,gf,3.175,mm,OK,--,12:13:19 PM,9/7/2024,
958,183.6,gf,3.175,mm,OK,--,12:13:19 PM,9/7/2024,
959,183.1,gf,3.175,mm,OK,--,12:13:19 PM,9/7/2024,
960,182.3,gf,3.175,mm,OK,--,12:13:20 PM,9/7/2024,
961,180.9,gf,3.175,mm,OK,--,12:13:20 PM,9/7/2024,
962,179.2,gf,3.170,mm,OK,--,12:13:20 PM,9/7/2024,
963,178.2,gf,3.170,mm,OK,--,12:13:20 PM,9/7/2024,
964,177.1,gf,3.170,mm,OK,--,12:13:20 PM,9/7/2024,
965,175.0,gf,3.170,mm,OK,--,12:13:20 PM,9/7/2024,
966,172.5,gf,3.165,mm,OK,--,12:13:20 PM,9/7/2024,
967,169.8,gf,3.165,mm,OK,--,12:13:20 PM,9/7/2024,
968,167.4,gf,3.160,mm,OK,--,12:13:20 PM,9/7/2024,
969,165.5,gf,3.160,mm,OK,--,12:13:20 PM,9/7/2024,
970,164.6,gf,3.160,mm,OK,--,12:13:21 PM,9/7/2024,
971,164.3,gf,3.160,mm,OK,--,12:13:21 PM,9/7/2024,
972,163.9,gf,3.155,mm,OK,--,12:13:21 PM,9/7/2024,
973,163.5,gf,3.155,mm,OK,--,12:13:21 PM,9/7/2024,
974,163.4,gf,3.155,mm,OK,--,12:13:21 PM,9/7/2024,
975,162.4,gf,3.155,mm,OK,--,12:13:21 PM,9/7/2024,
976,161.8,gf,3.155,mm,OK,--,12:13:21 PM,9/7/2024,
977,161.7,gf,3.155,mm,OK,--,12:13:21 PM,9/7/2024,
978,161.5,gf,3.155,mm,OK,--,12:13:21 PM,9/7/2024,
979,161.3,gf,3.155,mm,OK,--,12:13:21 PM,9/7/2024,
980,161.1,gf,3.155,mm,OK,--,12:13:22 PM,9/7/2024,
981,161.0,gf,3.155,mm,OK,--,12:13:22 PM,9/7/2024,
982,160.8,gf,3.155,mm,OK,--,12:13:22 PM,9/7/2024,
983,160.4,gf,3.155,mm,OK,--,12:13:22 PM,9/7/2024,
984,159.9,gf,3.155,mm,OK,--,12:13:22 PM,9/7/2024,
985,159.4,gf,3.155,mm,OK,--,12:13:22 PM,9/7/2024,
986,158.7,gf,3.150,mm,OK,--,12:13:22 PM,9/7/2024,
987,158.5,gf,3.150,mm,OK,--,12:13:22 PM,9/7/2024,
988,158.2,gf,3.150,mm,OK,--,12:13:22 PM,9/7/2024,
989,157.9,gf,3.150,mm,OK,--,12:13:22 PM,9/7/2024,
990,157.6,gf,3.150,mm,OK,--,12:13:23 PM,9/7/2024,
991,157.4,gf,3.150,mm,OK,--,12:13:23 PM,9/7/2024,
992,157.3,gf,3.150,mm,OK,--,12:13:23 PM,9/7/2024,
993,157.2,gf,3.150,mm,OK,--,12:13:23 PM,9/7/2024,
994,157.1,gf,3.150,mm,OK,--,12:13:23 PM,9/7/2024,
995,156.8,gf,3.150,mm,OK,--,12:13:23 PM,9/7/2024,
996,156.5,gf,3.150,mm,OK,--,12:13:23 PM,9/7/2024,
997,156.4,gf,3.150,mm,OK,--,12:13:23 PM,9/7/2024,
998,156.3,gf,3.150,mm,OK,--,12:13:23 PM,9/7/2024,
999,155.9,gf,3.150,mm,OK,--,12:13:23 PM,9/7/2024,
1000,155.4,gf,3.150,mm,OK,--,12:13:24 PM,9/7/2024,
1001,155.1,gf,3.150,mm,OK,--,12:13:24 PM,9/7/2024,
1002,155.0,gf,3.150,mm,OK,--,12:13:24 PM,9/7/2024,
1003,154.7,gf,3.150,mm,OK,--,12:13:24 PM,9/7/2024,
1004,154.2,gf,3.150,mm,OK,--,12:13:24 PM,9/7/2024,
1005,154.0,gf,3.145,mm,OK,--,12:13:24 PM,9/7/2024,
1006,153.7,gf,3.145,mm,OK,--,12:13:24 PM,9/7/2024,
1007,153.1,gf,3.145,mm,OK,--,12:13:24 PM,9/7/2024,
1008,152.5,gf,3.145,mm,OK,--,12:13:24 PM,9/7/2024,
1009,151.9,gf,3.145,mm,OK,--,12:13:24 PM,9/7/2024,
1010,151.1,gf,3.145,mm,OK,--,12:13:25 PM,9/7/2024,
1011,149.9,gf,3.145,mm,OK,--,12:13:25 PM,9/7/2024,
1012,148.6,gf,3.140,mm,OK,--,12:13:25 PM,9/7/2024,
1013,147.9,gf,3.140,mm,OK,--,12:13:25 PM,9/7/2024,
1014,147.1,gf,3.140,mm,OK,--,12:13:25 PM,9/7/2024,
1015,146.5,gf,3.140,mm,OK,--,12:13:25 PM,9/7/2024,
1016,145.9,gf,3.140,mm,OK,--,12:13:25 PM,9/7/2024,
1017,145.5,gf,3.140,mm,OK,--,12:13:25 PM,9/7/2024,
1018,145.1,gf,3.140,mm,OK,--,12:13:25 PM,9/7/2024,
1019,144.5,gf,3.140,mm,OK,--,12:13:25 PM,9/7/2024,
1020,144.1,gf,3.140,mm,OK,--,12:13:26 PM,9/7/2024,
1021,143.5,gf,3.135,mm,OK,--,12:13:26 PM,9/7/2024,
1022,142.8,gf,3.135,mm,OK,--,12:13:26 PM,9/7/2024,
1023,142.1,gf,3.135,mm,OK,--,12:13:26 PM,9/7/2024,
1024,141.6,gf,3.135,mm,OK,--,12:13:26 PM,9/7/2024,
1025,140.8,gf,3.135,mm,OK,--,12:13:26 PM,9/7/2024,
1026,140.1,gf,3.135,mm,OK,--,12:13:26 PM,9/7/2024,
1027,139.3,gf,3.135,mm,OK,--,12:13:26 PM,9/7/2024,
1028,138.6,gf,3.135,mm,OK,--,12:13:26 PM,9/7/2024,
1029,137.7,gf,3.130,mm,OK,--,12:13:26 PM,9/7/2024,
1030,137.1,gf,3.130,mm,OK,--,12:13:27 PM,9/7/2024,
1031,136.3,gf,3.130,mm,OK,--,12:13:27 PM,9/7/2024,
1032,135.6,gf,3.130,mm,OK,--,12:13:27 PM,9/7/2024,
1033,134.9,gf,3.130,mm,OK,--,12:13:27 PM,9/7/2024,
1034,133.8,gf,3.130,mm,OK,--,12:13:27 PM,9/7/2024,
1035,132.8,gf,3.125,mm,OK,--,12:13:27 PM,9/7/2024,
1036,131.6,gf,3.125,mm,OK,--,12:13:27 PM,9/7/2024,
1037,130.4,gf,3.125,mm,OK,--,12:13:27 PM,9/7/2024,
1038,129.3,gf,3.125,mm,OK,--,12:13:27 PM,9/7/2024,
1039,128.1,gf,3.125,mm,OK,--,12:13:27 PM,9/7/2024,
1040,126.9,gf,3.120,mm,OK,--,12:13:28 PM,9/7/2024,
1041,125.6,gf,3.120,mm,OK,--,12:13:28 PM,9/7/2024,
1042,124.2,gf,3.120,mm,OK,--,12:13:28 PM,9/7/2024,
1043,122.6,gf,3.115,mm,OK,--,12:13:28 PM,9/7/2024,
1044,120.9,gf,3.115,mm,OK,--,12:13:28 PM,9/7/2024,
1045,118.8,gf,3.115,mm,OK,--,12:13:28 PM,9/7/2024,
1046,116.4,gf,3.110,mm,OK,--,12:13:28 PM,9/7/2024,
1047,113.3,gf,3.110,mm,OK,--,12:13:28 PM,9/7/2024,
1048,109.8,gf,3.105,mm,OK,--,12:13:28 PM,9/7/2024,
1049,106.6,gf,3.100,mm,OK,--,12:13:28 PM,9/7/2024,
1050,103.1,gf,3.100,mm,OK,--,12:13:29 PM,9/7/2024,
1051,99.9,gf,3.095,mm,OK,--,12:13:29 PM,9/7/2024,
1052,96.7,gf,3.090,mm,OK,--,12:13:29 PM,9/7/2024,
1053,93.6,gf,3.090,mm,OK,--,12:13:29 PM,9/7/2024,
1054,90.2,gf,3.085,mm,OK,--,12:13:29 PM,9/7/2024,
1055,86.5,gf,3.080,mm,OK,--,12:13:29 PM,9/7/2024,
1056,82.5,gf,3.075,mm,OK,--,12:13:29 PM,9/7/2024,
1057,78.9,gf,3.070,mm,OK,--,12:13:29 PM,9/7/2024,
1058,75.6,gf,3.065,mm,OK,--,12:13:29 PM,9/7/2024,
1059,72.8,gf,3.065,mm,OK,--,12:13:29 PM,9/7/2024,
1060,71.1,gf,3.060,mm,OK,--,12:13:30 PM,9/7/2024,
1061,70.4,gf,3.055,mm,OK,--,12:13:30 PM,9/7/2024,
1062,69.7,gf,3.055,mm,OK,--,12:13:30 PM,9/7/2024,
1063,68.9,gf,3.055,mm,OK,--,12:13:30 PM,9/7/2024,
1064,68.3,gf,3.050,mm,OK,--,12:13:30 PM,9/7/2024,
1065,67.8,gf,3.050,mm,OK,--,12:13:30 PM,9/7/2024,
1066,67.3,gf,3.050,mm,OK,--,12:13:30 PM,9/7/2024,
1067,66.6,gf,3.045,mm,OK,--,12:13:30 PM,9/7/2024,
1068,65.5,gf,3.045,mm,OK,--,12:13:30 PM,9/7/2024,
1069,64.2,gf,3.045,mm,OK,--,12:13:30 PM,9/7/2024,
1070,62.5,gf,3.040,mm,OK,--,12:13:31 PM,9/7/2024,
1071,61.2,gf,3.040,mm,OK,--,12:13:31 PM,9/7/2024,
1072,60.2,gf,3.035,mm,OK,--,12:13:31 PM,9/7/2024,
1073,59.3,gf,3.035,mm,OK,--,12:13:31 PM,9/7/2024,
1074,59.0,gf,3.035,mm,OK,--,12:13:31 PM,9/7/2024,
1075,59.0,gf,3.030,mm,OK,--,12:13:31 PM,9/7/2024,
1076,58.7,gf,3.030,mm,OK,--,12:13:31 PM,9/7/2024,
1077,58.3,gf,3.030,mm,OK,--,12:13:31 PM,9/7/2024,
1078,58.2,gf,3.025,mm,OK,--,12:13:31 PM,9/7/2024,
1079,58.0,gf,3.025,mm,OK,--,12:13:31 PM,9/7/2024,
1080,57.9,gf,3.020,mm,OK,--,12:13:32 PM,9/7/2024,
1081,57.9,gf,3.020,mm,OK,--,12:13:32 PM,9/7/2024,
1082,57.9,gf,3.015,mm,OK,--,12:13:32 PM,9/7/2024,
1083,57.8,gf,3.015,mm,OK,--,12:13:32 PM,9/7/2024,
1084,57.8,gf,3.010,mm,OK,--,12:13:32 PM,9/7/2024,
1085,57.7,gf,3.005,mm,OK,--,12:13:32 PM,9/7/2024,
1086,57.7,gf,3.005,mm,OK,--,12:13:32 PM,9/7/2024,
1087,57.6,gf,3.000,mm,OK,--,12:13:32 PM,9/7/2024,
1088,57.6,gf,2.995,mm,OK,--,12:13:32 PM,9/7/2024,
1089,57.6,gf,2.990,mm,OK,--,12:13:32 PM,9/7/2024,
1090,57.5,gf,2.985,mm,OK,--,12:13:33 PM,9/7/2024,
1091,57.5,gf,2.985,mm,OK,--,12:13:33 PM,9/7/2024,
1092,57.4,gf,2.980,mm,OK,--,12:13:33 PM,9/7/2024,
1093,57.3,gf,2.980,mm,OK,--,12:13:33 PM,9/7/2024,
1094,57.3,gf,2.975,mm,OK,--,12:13:33 PM,9/7/2024,
1095,57.2,gf,2.970,mm,OK,--,12:13:33 PM,9/7/2024,
1096,57.2,gf,2.970,mm,OK,--,12:13:33 PM,9/7/2024,
1097,57.7,gf,2.965,mm,OK,--,12:13:33 PM,9/7/2024,
1098,57.5,gf,2.965,mm,OK,--,12:13:33 PM,9/7/2024,
1099,57.4,gf,2.960,mm,OK,--,12:13:33 PM,9/7/2024,
1100,57.3,gf,2.960,mm,OK,--,12:13:34 PM,9/7/2024,
1101,57.3,gf,2.955,mm,OK,--,12:13:34 PM,9/7/2024,
1102,57.3,gf,2.955,mm,OK,--,12:13:34 PM,9/7/2024,
1103,57.3,gf,2.950,mm,OK,--,12:13:34 PM,9/7/2024,
1104,57.3,gf,2.950,mm,OK,--,12:13:34 PM,9/7/2024,
1105,57.3,gf,2.945,mm,OK,--,12:13:34 PM,9/7/2024,
1106,57.2,gf,2.940,mm,OK,--,12:13:34 PM,9/7/2024,
1107,57.1,gf,2.935,mm,OK,--,12:13:34 PM,9/7/2024,
1108,57.1,gf,2.935,mm,OK,--,12:13:34 PM,9/7/2024,
1109,57.1,gf,2.930,mm,OK,--,12:13:34 PM,9/7/2024,
1110,57.1,gf,2.925,mm,OK,--,12:13:35 PM,9/7/2024,
1111,57.0,gf,2.925,mm,OK,--,12:13:35 PM,9/7/2024,
1112,57.0,gf,2.925,mm,OK,--,12:13:35 PM,9/7/2024,
1113,57.0,gf,2.920,mm,OK,--,12:13:35 PM,9/7/2024,
1114,57.0,gf,2.920,mm,OK,--,12:13:35 PM,9/7/2024,
1115,56.9,gf,2.915,mm,OK,--,12:13:35 PM,9/7/2024,
1116,56.9,gf,2.915,mm,OK,--,12:13:35 PM,9/7/2024,
1117,56.9,gf,2.915,mm,OK,--,12:13:35 PM,9/7/2024,
1118,56.9,gf,2.910,mm,OK,--,12:13:35 PM,9/7/2024,
1119,56.9,gf,2.910,mm,OK,--,12:13:35 PM,9/7/2024,
1120,56.9,gf,2.905,mm,OK,--,12:13:36 PM,9/7/2024,
1121,56.8,gf,2.905,mm,OK,--,12:13:36 PM,9/7/2024,
1122,56.8,gf,2.900,mm,OK,--,12:13:36 PM,9/7/2024,
1123,56.8,gf,2.900,mm,OK,--,12:13:36 PM,9/7/2024,
1124,56.8,gf,2.895,mm,OK,--,12:13:36 PM,9/7/2024,
1125,56.8,gf,2.895,mm,OK,--,12:13:36 PM,9/7/2024,
1126,56.8,gf,2.895,mm,OK,--,12:13:36 PM,9/7/2024,
1127,56.7,gf,2.890,mm,OK,--,12:13:36 PM,9/7/2024,
1128,56.6,gf,2.885,mm,OK,--,12:13:36 PM,9/7/2024,
1129,56.6,gf,2.885,mm,OK,--,12:13:36 PM,9/7/2024,
1130,56.7,gf,2.880,mm,OK,--,12:13:37 PM,9/7/2024,
1131,56.7,gf,2.880,mm,OK,--,12:13:37 PM,9/7/2024,
1132,56.6,gf,2.875,mm,OK,--,12:13:37 PM,9/7/2024,
1133,56.7,gf,2.875,mm,OK,--,12:13:37 PM,9/7/2024,
1134,56.6,gf,2.870,mm,OK,--,12:13:37 PM,9/7/2024,
1135,56.5,gf,2.865,mm,OK,--,12:13:37 PM,9/7/2024,
1136,56.5,gf,2.865,mm,OK,--,12:13:37 PM,9/7/2024,
1137,56.5,gf,2.860,mm,OK,--,12:13:37 PM,9/7/2024,
1138,56.5,gf,2.855,mm,OK,--,12:13:37 PM,9/7/2024,
1139,56.4,gf,2.850,mm,OK,--,12:13:37 PM,9/7/2024,
1140,56.4,gf,2.850,mm,OK,--,12:13:38 PM,9/7/2024,
1141,56.4,gf,2.845,mm,OK,--,12:13:38 PM,9/7/2024,
1142,56.3,gf,2.840,mm,OK,--,12:13:38 PM,9/7/2024,
1143,56.2,gf,2.840,mm,OK,--,12:13:38 PM,9/7/2024,
1144,56.3,gf,2.835,mm,OK,--,12:13:38 PM,9/7/2024,
1145,56.2,gf,2.830,mm,OK,--,12:13:38 PM,9/7/2024,
1146,56.1,gf,2.825,mm,OK,--,12:13:38 PM,9/7/2024,
1147,56.1,gf,2.820,mm,OK,--,12:13:38 PM,9/7/2024,
1148,56.0,gf,2.815,mm,OK,--,12:13:38 PM,9/7/2024,
1149,56.0,gf,2.810,mm,OK,--,12:13:38 PM,9/7/2024,
1150,56.1,gf,2.805,mm,OK,--,12:13:39 PM,9/7/2024,
1151,56.0,gf,2.800,mm,OK,--,12:13:39 PM,9/7/2024,
1152,56.0,gf,2.800,mm,OK,--,12:13:39 PM,9/7/2024,
1153,56.0,gf,2.795,mm,OK,--,12:13:39 PM,9/7/2024,
1154,56.0,gf,2.790,mm,OK,--,12:13:39 PM,9/7/2024,
1155,56.0,gf,2.790,mm,OK,--,12:13:39 PM,9/7/2024,
1156,56.0,gf,2.785,mm,OK,--,12:13:39 PM,9/7/2024,
1157,55.9,gf,2.785,mm,OK,--,12:13:39 PM,9/7/2024,
1158,55.9,gf,2.780,mm,OK,--,12:13:39 PM,9/7/2024,
1159,55.8,gf,2.780,mm,OK,--,12:13:39 PM,9/7/2024,
1160,55.7,gf,2.770,mm,OK,--,12:13:40 PM,9/7/2024,
1161,55.8,gf,2.765,mm,OK,--,12:13:40 PM,9/7/2024,
1162,55.8,gf,2.760,mm,OK,--,12:13:40 PM,9/7/2024,
1163,55.8,gf,2.755,mm,OK,--,12:13:40 PM,9/7/2024,
1164,55.7,gf,2.750,mm,OK,--,12:13:40 PM,9/7/2024,
1165,55.7,gf,2.745,mm,OK,--,12:13:40 PM,9/7/2024,
1166,55.6,gf,2.745,mm,OK,--,12:13:40 PM,9/7/2024,
1167,55.5,gf,2.740,mm,OK,--,12:13:40 PM,9/7/2024,
1168,55.4,gf,2.735,mm,OK,--,12:13:40 PM,9/7/2024,
1169,55.4,gf,2.735,mm,OK,--,12:13:40 PM,9/7/2024,
1170,55.5,gf,2.730,mm,OK,--,12:13:41 PM,9/7/2024,
1171,55.4,gf,2.725,mm,OK,--,12:13:41 PM,9/7/2024,
1172,55.4,gf,2.725,mm,OK,--,12:13:41 PM,9/7/2024,
1173,55.3,gf,2.720,mm,OK,--,12:13:41 PM,9/7/2024,
1174,55.3,gf,2.715,mm,OK,--,12:13:41 PM,9/7/2024,
1175,55.2,gf,2.715,mm,OK,--,12:13:41 PM,9/7/2024,
1176,55.2,gf,2.710,mm,OK,--,12:13:41 PM,9/7/2024,
1177,55.2,gf,2.705,mm,OK,--,12:13:41 PM,9/7/2024,
1178,55.1,gf,2.705,mm,OK,--,12:13:41 PM,9/7/2024,
1179,55.0,gf,2.700,mm,OK,--,12:13:41 PM,9/7/2024,
1180,55.0,gf,2.700,mm,OK,--,12:13:42 PM,9/7/2024,
1181,55.0,gf,2.695,mm,OK,--,12:13:42 PM,9/7/2024,
1182,55.0,gf,2.695,mm,OK,--,12:13:42 PM,9/7/2024,
1183,55.0,gf,2.690,mm,OK,--,12:13:42 PM,9/7/2024,
1184,55.0,gf,2.685,mm,OK,--,12:13:42 PM,9/7/2024,
1185,54.9,gf,2.685,mm,OK,--,12:13:42 PM,9/7/2024,
1186,54.9,gf,2.680,mm,OK,--,12:13:42 PM,9/7/2024,
1187,54.9,gf,2.680,mm,OK,--,12:13:42 PM,9/7/2024,
1188,54.9,gf,2.675,mm,OK,--,12:13:42 PM,9/7/2024,
1189,54.9,gf,2.675,mm,OK,--,12:13:42 PM,9/7/2024,
1190,54.9,gf,2.670,mm,OK,--,12:13:43 PM,9/7/2024,
1191,54.9,gf,2.665,mm,OK,--,12:13:43 PM,9/7/2024,
1192,54.7,gf,2.665,mm,OK,--,12:13:43 PM,9/7/2024,
1193,54.7,gf,2.660,mm,OK,--,12:13:43 PM,9/7/2024,
1194,54.6,gf,2.655,mm,OK,--,12:13:43 PM,9/7/2024,
1195,54.5,gf,2.650,mm,OK,--,12:13:43 PM,9/7/2024,
1196,54.5,gf,2.645,mm,OK,--,12:13:43 PM,9/7/2024,
1197,54.5,gf,2.640,mm,OK,--,12:13:43 PM,9/7/2024,
1198,54.5,gf,2.635,mm,OK,--,12:13:43 PM,9/7/2024,
1199,54.5,gf,2.635,mm,OK,--,12:13:43 PM,9/7/2024,
1200,54.4,gf,2.630,mm,OK,--,12:13:44 PM,9/7/2024,
1201,54.2,gf,2.625,mm,OK,--,12:13:44 PM,9/7/2024,
1202,54.2,gf,2.615,mm,OK,--,12:13:44 PM,9/7/2024,
1203,54.2,gf,2.610,mm,OK,--,12:13:44 PM,9/7/2024,
1204,54.2,gf,2.605,mm,OK,--,12:13:44 PM,9/7/2024,
1205,54.2,gf,2.600,mm,OK,--,12:13:44 PM,9/7/2024,
1206,54.2,gf,2.590,mm,OK,--,12:13:44 PM,9/7/2024,
1207,53.9,gf,2.580,mm,OK,--,12:13:44 PM,9/7/2024,
1208,53.8,gf,2.575,mm,OK,--,12:13:44 PM,9/7/2024,
1209,53.7,gf,2.565,mm,OK,--,12:13:44 PM,9/7/2024,
1210,53.7,gf,2.560,mm,OK,--,12:13:45 PM,9/7/2024,
1211,53.7,gf,2.560,mm,OK,--,12:13:45 PM,9/7/2024,
1212,53.7,gf,2.555,mm,OK,--,12:13:45 PM,9/7/2024,
1213,53.7,gf,2.555,mm,OK,--,12:13:45 PM,9/7/2024,
1214,53.6,gf,2.550,mm,OK,--,12:13:45 PM,9/7/2024,
1215,53.5,gf,2.545,mm,OK,--,12:13:45 PM,9/7/2024,
1216,53.5,gf,2.545,mm,OK,--,12:13:45 PM,9/7/2024,
1217,53.4,gf,2.545,mm,OK,--,12:13:45 PM,9/7/2024,
1218,53.5,gf,2.540,mm,OK,--,12:13:45 PM,9/7/2024,
1219,53.5,gf,2.540,mm,OK,--,12:13:45 PM,9/7/2024,
1220,53.5,gf,2.540,mm,OK,--,12:13:46 PM,9/7/2024,
1221,53.4,gf,2.535,mm,OK,--,12:13:46 PM,9/7/2024,
1222,53.3,gf,2.535,mm,OK,--,12:13:46 PM,9/7/2024,
1223,53.3,gf,2.530,mm,OK,--,12:13:46 PM,9/7/2024,
1224,53.4,gf,2.525,mm,OK,--,12:13:46 PM,9/7/2024,
1225,53.3,gf,2.520,mm,OK,--,12:13:46 PM,9/7/2024,
1226,53.3,gf,2.515,mm,OK,--,12:13:46 PM,9/7/2024,
1227,53.2,gf,2.505,mm,OK,--,12:13:46 PM,9/7/2024,
1228,53.2,gf,2.500,mm,OK,--,12:13:46 PM,9/7/2024,
1229,53.2,gf,2.495,mm,OK,--,12:13:46 PM,9/7/2024,
1230,53.2,gf,2.490,mm,OK,--,12:13:47 PM,9/7/2024,
1231,53.2,gf,2.490,mm,OK,--,12:13:47 PM,9/7/2024,
1232,53.2,gf,2.485,mm,OK,--,12:13:47 PM,9/7/2024,
1233,53.2,gf,2.480,mm,OK,--,12:13:47 PM,9/7/2024,
1234,53.1,gf,2.475,mm,OK,--,12:13:47 PM,9/7/2024,
1235,53.0,gf,2.465,mm,OK,--,12:13:47 PM,9/7/2024,
1236,53.0,gf,2.460,mm,OK,--,12:13:47 PM,9/7/2024,
1237,52.9,gf,2.455,mm,OK,--,12:13:47 PM,9/7/2024,
1238,52.9,gf,2.450,mm,OK,--,12:13:47 PM,9/7/2024,
1239,52.9,gf,2.445,mm,OK,--,12:13:47 PM,9/7/2024,
1240,52.9,gf,2.440,mm,OK,--,12:13:48 PM,9/7/2024,
1241,52.8,gf,2.435,mm,OK,--,12:13:48 PM,9/7/2024,
1242,52.8,gf,2.430,mm,OK,--,12:13:48 PM,9/7/2024,
1243,52.7,gf,2.425,mm,OK,--,12:13:48 PM,9/7/2024,
1244,52.6,gf,2.420,mm,OK,--,12:13:48 PM,9/7/2024,
1245,52.6,gf,2.415,mm,OK,--,12:13:48 PM,9/7/2024,
1246,52.6,gf,2.410,mm,OK,--,12:13:48 PM,9/7/2024,
1247,52.6,gf,2.410,mm,OK,--,12:13:48 PM,9/7/2024,
1248,52.6,gf,2.405,mm,OK,--,12:13:48 PM,9/7/2024,
1249,52.6,gf,2.400,mm,OK,--,12:13:48 PM,9/7/2024,
1250,52.6,gf,2.400,mm,OK,--,12:13:49 PM,9/7/2024,
1251,52.6,gf,2.395,mm,OK,--,12:13:49 PM,9/7/2024,
1252,52.5,gf,2.395,mm,OK,--,12:13:49 PM,9/7/2024,
1253,52.5,gf,2.390,mm,OK,--,12:13:49 PM,9/7/2024,
1254,52.5,gf,2.390,mm,OK,--,12:13:49 PM,9/7/2024,
1255,52.5,gf,2.390,mm,OK,--,12:13:49 PM,9/7/2024,
1256,52.5,gf,2.385,mm,OK,--,12:13:49 PM,9/7/2024,
1257,52.5,gf,2.380,mm,OK,--,12:13:49 PM,9/7/2024,
1258,52.5,gf,2.380,mm,OK,--,12:13:49 PM,9/7/2024,
1259,52.4,gf,2.375,mm,OK,--,12:13:49 PM,9/7/2024,
1260,52.4,gf,2.375,mm,OK,--,12:13:50 PM,9/7/2024,
1261,52.4,gf,2.370,mm,OK,--,12:13:50 PM,9/7/2024,
1262,52.4,gf,2.365,mm,OK,--,12:13:50 PM,9/7/2024,
1263,52.3,gf,2.365,mm,OK,--,12:13:50 PM,9/7/2024,
1264,52.3,gf,2.360,mm,OK,--,12:13:50 PM,9/7/2024,
1265,52.3,gf,2.355,mm,OK,--,12:13:50 PM,9/7/2024,
1266,52.3,gf,2.350,mm,OK,--,12:13:50 PM,9/7/2024,
1267,52.3,gf,2.345,mm,OK,--,12:13:50 PM,9/7/2024,
1268,52.3,gf,2.345,mm,OK,--,12:13:50 PM,9/7/2024,
1269,52.3,gf,2.340,mm,OK,--,12:13:50 PM,9/7/2024,
1270,52.3,gf,2.335,mm,OK,--,12:13:51 PM,9/7/2024,
1271,52.3,gf,2.330,mm,OK,--,12:13:51 PM,9/7/2024,
1272,52.3,gf,2.330,mm,OK,--,12:13:51 PM,9/7/2024,
1273,52.3,gf,2.325,mm,OK,--,12:13:51 PM,9/7/2024,
1274,52.3,gf,2.320,mm,OK,--,12:13:51 PM,9/7/2024,
1275,52.2,gf,2.320,mm,OK,--,12:13:51 PM,9/7/2024,
1276,52.2,gf,2.315,mm,OK,--,12:13:51 PM,9/7/2024,
1277,52.2,gf,2.315,mm,OK,--,12:13:51 PM,9/7/2024,
1278,52.2,gf,2.310,mm,OK,--,12:13:51 PM,9/7/2024,
1279,52.1,gf,2.305,mm,OK,--,12:13:51 PM,9/7/2024,
1280,52.1,gf,2.305,mm,OK,--,12:13:52 PM,9/7/2024,
1281,52.1,gf,2.300,mm,OK,--,12:13:52 PM,9/7/2024,
1282,52.1,gf,2.300,mm,OK,--,12:13:52 PM,9/7/2024,
1283,52.1,gf,2.300,mm,OK,--,12:13:52 PM,9/7/2024,
1284,52.0,gf,2.295,mm,OK,--,12:13:52 PM,9/7/2024,
1285,52.0,gf,2.295,mm,OK,--,12:13:52 PM,9/7/2024,
1286,52.0,gf,2.290,mm,OK,--,12:13:52 PM,9/7/2024,
1287,51.9,gf,2.290,mm,OK,--,12:13:52 PM,9/7/2024,
1288,51.9,gf,2.285,mm,OK,--,12:13:52 PM,9/7/2024,
1289,51.9,gf,2.285,mm,OK,--,12:13:52 PM,9/7/2024,
1290,51.9,gf,2.280,mm,OK,--,12:13:53 PM,9/7/2024,
1291,51.9,gf,2.280,mm,OK,--,12:13:53 PM,9/7/2024,
1292,51.8,gf,2.275,mm,OK,--,12:13:53 PM,9/7/2024,
1293,51.8,gf,2.275,mm,OK,--,12:13:53 PM,9/7/2024,
1294,51.8,gf,2.275,mm,OK,--,12:13:53 PM,9/7/2024,
1295,51.8,gf,2.275,mm,OK,--,12:13:53 PM,9/7/2024,
1296,51.8,gf,2.270,mm,OK,--,12:13:53 PM,9/7/2024,
1297,51.8,gf,2.270,mm,OK,--,12:13:53 PM,9/7/2024,
1298,51.8,gf,2.270,mm,OK,--,12:13:53 PM,9/7/2024,
1299,51.8,gf,2.265,mm,OK,--,12:13:53 PM,9/7/2024,
1300,51.8,gf,2.265,mm,OK,--,12:13:54 PM,9/7/2024,
1301,51.8,gf,2.265,mm,OK,--,12:13:54 PM,9/7/2024,
1302,51.7,gf,2.260,mm,OK,--,12:13:54 PM,9/7/2024,
1303,51.7,gf,2.260,mm,OK,--,12:13:54 PM,9/7/2024,
1304,51.7,gf,2.255,mm,OK,--,12:13:54 PM,9/7/2024,
1305,51.7,gf,2.255,mm,OK,--,12:13:54 PM,9/7/2024,
1306,51.6,gf,2.250,mm,OK,--,12:13:54 PM,9/7/2024,
1307,51.6,gf,2.250,mm,OK,--,12:13:54 PM,9/7/2024,
1308,51.5,gf,2.245,mm,OK,--,12:13:54 PM,9/7/2024,
1309,51.5,gf,2.245,mm,OK,--,12:13:54 PM,9/7/2024,
1310,51.4,gf,2.245,mm,OK,--,12:13:55 PM,9/7/2024,
1311,51.4,gf,2.245,mm,OK,--,12:13:55 PM,9/7/2024,
1312,51.4,gf,2.240,mm,OK,--,12:13:55 PM,9/7/2024,
1313,51.4,gf,2.240,mm,OK,--,12:13:55 PM,9/7/2024,
1314,51.4,gf,2.240,mm,OK,--,12:13:55 PM,9/7/2024,
1315,51.4,gf,2.235,mm,OK,--,12:13:55 PM,9/7/2024,
1316,51.3,gf,2.235,mm,OK,--,12:13:55 PM,9/7/2024,
1317,51.3,gf,2.230,mm,OK,--,12:13:55 PM,9/7/2024,
1318,51.3,gf,2.230,mm,OK,--,12:13:55 PM,9/7/2024,
1319,51.3,gf,2.225,mm,OK,--,12:13:55 PM,9/7/2024,
1320,51.2,gf,2.220,mm,OK,--,12:13:56 PM,9/7/2024,
1321,51.1,gf,2.220,mm,OK,--,12:13:56 PM,9/7/2024,
1322,51.1,gf,2.215,mm,OK,--,12:13:56 PM,9/7/2024,
1323,51.0,gf,2.210,mm,OK,--,12:13:56 PM,9/7/2024,
1324,50.9,gf,2.205,mm,OK,--,12:13:56 PM,9/7/2024,
1325,50.8,gf,2.200,mm,OK,--,12:13:56 PM,9/7/2024,
1326,50.9,gf,2.200,mm,OK,--,12:13:56 PM,9/7/2024,
1327,50.9,gf,2.195,mm,OK,--,12:13:56 PM,9/7/2024,
1328,50.9,gf,2.190,mm,OK,--,12:13:56 PM,9/7/2024,
1329,50.9,gf,2.190,mm,OK,--,12:13:56 PM,9/7/2024,
1330,50.9,gf,2.185,mm,OK,--,12:13:57 PM,9/7/2024,
1331,50.9,gf,2.185,mm,OK,--,12:13:57 PM,9/7/2024,
1332,50.8,gf,2.180,mm,OK,--,12:13:57 PM,9/7/2024,
1333,50.8,gf,2.180,mm,OK,--,12:13:57 PM,9/7/2024,
1334,50.8,gf,2.180,mm,OK,--,12:13:57 PM,9/7/2024,
1335,50.8,gf,2.175,mm,OK,--,12:13:57 PM,9/7/2024,
1336,50.8,gf,2.175,mm,OK,--,12:13:57 PM,9/7/2024,
1337,50.8,gf,2.170,mm,OK,--,12:13:57 PM,9/7/2024,
1338,50.8,gf,2.170,mm,OK,--,12:13:57 PM,9/7/2024,
1339,50.8,gf,2.165,mm,OK,--,12:13:57 PM,9/7/2024,
1340,50.8,gf,2.165,mm,OK,--,12:13:58 PM,9/7/2024,
1341,50.8,gf,2.160,mm,OK,--,12:13:58 PM,9/7/2024,
1342,50.8,gf,2.160,mm,OK,--,12:13:58 PM,9/7/2024,
1343,50.7,gf,2.155,mm,OK,--,12:13:58 PM,9/7/2024,
1344,50.7,gf,2.155,mm,OK,--,12:13:58 PM,9/7/2024,
1345,50.5,gf,2.150,mm,OK,--,12:13:58 PM,9/7/2024,
1346,50.5,gf,2.145,mm,OK,--,12:13:58 PM,9/7/2024,
1347,50.5,gf,2.145,mm,OK,--,12:13:58 PM,9/7/2024,
1348,50.5,gf,2.140,mm,OK,--,12:13:58 PM,9/7/2024,
1349,50.4,gf,2.140,mm,OK,--,12:13:58 PM,9/7/2024,
1350,50.4,gf,2.135,mm,OK,--,12:13:59 PM,9/7/2024,
1351,50.4,gf,2.130,mm,OK,--,12:13:59 PM,9/7/2024,
1352,50.3,gf,2.130,mm,OK,--,12:13:59 PM,9/7/2024,
1353,50.4,gf,2.125,mm,OK,--,12:13:59 PM,9/7/2024,
1354,50.4,gf,2.125,mm,OK,--,12:13:59 PM,9/7/2024,
1355,50.3,gf,2.120,mm,OK,--,12:13:59 PM,9/7/2024,
1356,50.4,gf,2.115,mm,OK,--,12:13:59 PM,9/7/2024,
1357,50.4,gf,2.110,mm,OK,--,12:13:59 PM,9/7/2024,
1358,50.3,gf,2.110,mm,OK,--,12:13:59 PM,9/7/2024,
1359,50.3,gf,2.105,mm,OK,--,12:13:59 PM,9/7/2024,
1360,50.3,gf,2.100,mm,OK,--,12:14:00 PM,9/7/2024,
1361,50.2,gf,2.095,mm,OK,--,12:14:00 PM,9/7/2024,
1362,50.2,gf,2.090,mm,OK,--,12:14:00 PM,9/7/2024,
1363,50.2,gf,2.085,mm,OK,--,12:14:00 PM,9/7/2024,
1364,50.2,gf,2.080,mm,OK,--,12:14:00 PM,9/7/2024,
1365,50.1,gf,2.075,mm,OK,--,12:14:00 PM,9/7/2024,
1366,50.1,gf,2.070,mm,OK,--,12:14:00 PM,9/7/2024,
1367,50.1,gf,2.065,mm,OK,--,12:14:00 PM,9/7/2024,
1368,50.0,gf,2.065,mm,OK,--,12:14:00 PM,9/7/2024,
1369,50.0,gf,2.060,mm,OK,--,12:14:00 PM,9/7/2024,
1370,49.9,gf,2.060,mm,OK,--,12:14:01 PM,9/7/2024,
1371,49.9,gf,2.055,mm,OK,--,12:14:01 PM,9/7/2024,
1372,49.9,gf,2.050,mm,OK,--,12:14:01 PM,9/7/2024,
1373,49.9,gf,2.050,mm,OK,--,12:14:01 PM,9/7/2024,
1374,49.9,gf,2.045,mm,OK,--,12:14:01 PM,9/7/2024,
1375,49.9,gf,2.040,mm,OK,--,12:14:01 PM,9/7/2024,
1376,49.9,gf,2.035,mm,OK,--,12:14:01 PM,9/7/2024,
1377,49.9,gf,2.030,mm,OK,--,12:14:01 PM,9/7/2024,
1378,49.9,gf,2.030,mm,OK,--,12:14:01 PM,9/7/2024,
1379,49.9,gf,2.025,mm,OK,--,12:14:01 PM,9/7/2024,
1380,49.8,gf,2.020,mm,OK,--,12:14:02 PM,9/7/2024,
1381,49.8,gf,2.020,mm,OK,--,12:14:02 PM,9/7/2024,
1382,49.8,gf,2.020,mm,OK,--,12:14:02 PM,9/7/2024,
1383,49.8,gf,2.015,mm,OK,--,12:14:02 PM,9/7/2024,
1384,49.8,gf,2.015,mm,OK,--,12:14:02 PM,9/7/2024,
1385,49.8,gf,2.015,mm,OK,--,12:14:02 PM,9/7/2024,
1386,49.8,gf,2.015,mm,OK,--,12:14:02 PM,9/7/2024,
1387,49.8,gf,2.010,mm,OK,--,12:14:02 PM,9/7/2024,
1388,49.9,gf,2.010,mm,OK,--,12:14:02 PM,9/7/2024,
1389,49.9,gf,2.010,mm,OK,--,12:14:02 PM,9/7/2024,
1390,49.8,gf,2.010,mm,OK,--,12:14:03 PM,9/7/2024,
1391,49.9,gf,2.010,mm,OK,--,12:14:03 PM,9/7/2024,
1392,49.8,gf,2.010,mm,OK,--,12:14:03 PM,9/7/2024,
1393,49.7,gf,2.005,mm,OK,--,12:14:03 PM,9/7/2024,
1394,49.7,gf,2.000,mm,OK,--,12:14:03 PM,9/7/2024,
1395,49.7,gf,1.995,mm,OK,--,12:14:03 PM,9/7/2024,
1396,49.8,gf,1.990,mm,OK,--,12:14:03 PM,9/7/2024,
1397,49.7,gf,1.985,mm,OK,--,12:14:03 PM,9/7/2024,
1398,49.6,gf,1.980,mm,OK,--,12:14:03 PM,9/7/2024,
1399,49.6,gf,1.975,mm,OK,--,12:14:03 PM,9/7/2024,
1400,49.5,gf,1.970,mm,OK,--,12:14:04 PM,9/7/2024,
1401,49.6,gf,1.965,mm,OK,--,12:14:04 PM,9/7/2024,
1402,49.4,gf,1.965,mm,OK,--,12:14:04 PM,9/7/2024,
1403,49.1,gf,1.960,mm,OK,--,12:14:04 PM,9/7/2024,
1404,48.8,gf,1.955,mm,OK,--,12:14:04 PM,9/7/2024,
1405,48.6,gf,1.950,mm,OK,--,12:14:04 PM,9/7/2024,
1406,48.2,gf,1.945,mm,OK,--,12:14:04 PM,9/7/2024,
1407,47.9,gf,1.940,mm,OK,--,12:14:04 PM,9/7/2024,
1408,47.5,gf,1.935,mm,OK,--,12:14:04 PM,9/7/2024,
1409,47.0,gf,1.925,mm,OK,--,12:14:04 PM,9/7/2024,
1410,46.6,gf,1.920,mm,OK,--,12:14:05 PM,9/7/2024,
1411,46.4,gf,1.915,mm,OK,--,12:14:05 PM,9/7/2024,
1412,46.2,gf,1.905,mm,OK,--,12:14:05 PM,9/7/2024,
1413,46.0,gf,1.900,mm,OK,--,12:14:05 PM,9/7/2024,
1414,45.8,gf,1.895,mm,OK,--,12:14:05 PM,9/7/2024,
1415,45.6,gf,1.890,mm,OK,--,12:14:05 PM,9/7/2024,
1416,45.5,gf,1.885,mm,OK,--,12:14:05 PM,9/7/2024,
1417,45.4,gf,1.880,mm,OK,--,12:14:05 PM,9/7/2024,
1418,45.2,gf,1.875,mm,OK,--,12:14:05 PM,9/7/2024,
1419,45.1,gf,1.870,mm,OK,--,12:14:05 PM,9/7/2024,
1420,44.9,gf,1.865,mm,OK,--,12:14:06 PM,9/7/2024,
1421,44.7,gf,1.855,mm,OK,--,12:14:06 PM,9/7/2024,
1422,44.6,gf,1.855,mm,OK,--,12:14:06 PM,9/7/2024,
1423,44.4,gf,1.850,mm,OK,--,12:14:06 PM,9/7/2024,
1424,44.3,gf,1.845,mm,OK,--,12:14:06 PM,9/7/2024,
1425,44.3,gf,1.840,mm,OK,--,12:14:06 PM,9/7/2024,
1426,44.3,gf,1.840,mm,OK,--,12:14:06 PM,9/7/2024,
1427,44.4,gf,1.835,mm,OK,--,12:14:06 PM,9/7/2024,
1428,44.6,gf,1.835,mm,OK,--,12:14:06 PM,9/7/2024,
1429,44.9,gf,1.830,mm,OK,--,12:14:06 PM,9/7/2024,
1430,45.1,gf,1.825,mm,OK,--,12:14:07 PM,9/7/2024,
1431,45.3,gf,1.825,mm,OK,--,12:14:07 PM,9/7/2024,
1432,45.4,gf,1.820,mm,OK,--,12:14:07 PM,9/7/2024,
1433,45.4,gf,1.820,mm,OK,--,12:14:07 PM,9/7/2024,
1434,45.4,gf,1.815,mm,OK,--,12:14:07 PM,9/7/2024,
1435,45.3,gf,1.815,mm,OK,--,12:14:07 PM,9/7/2024,
1436,45.3,gf,1.810,mm,OK,--,12:14:07 PM,9/7/2024,
1437,45.2,gf,1.805,mm,OK,--,12:14:07 PM,9/7/2024,
1438,45.2,gf,1.805,mm,OK,--,12:14:07 PM,9/7/2024,
1439,45.2,gf,1.805,mm,OK,--,12:14:07 PM,9/7/2024,
1440,45.1,gf,1.800,mm,OK,--,12:14:08 PM,9/7/2024,
1441,45.1,gf,1.800,mm,OK,--,12:14:08 PM,9/7/2024,
1442,45.1,gf,1.795,mm,OK,--,12:14:08 PM,9/7/2024,
1443,45.0,gf,1.790,mm,OK,--,12:14:08 PM,9/7/2024,
1444,45.0,gf,1.790,mm,OK,--,12:14:08 PM,9/7/2024,
1445,45.0,gf,1.785,mm,OK,--,12:14:08 PM,9/7/2024,
1446,45.0,gf,1.785,mm,OK,--,12:14:08 PM,9/7/2024,
1447,44.9,gf,1.780,mm,OK,--,12:14:08 PM,9/7/2024,
1448,44.8,gf,1.775,mm,OK,--,12:14:08 PM,9/7/2024,
1449,44.8,gf,1.775,mm,OK,--,12:14:08 PM,9/7/2024,
1450,44.8,gf,1.770,mm,OK,--,12:14:09 PM,9/7/2024,
1451,44.8,gf,1.765,mm,OK,--,12:14:09 PM,9/7/2024,
1452,44.8,gf,1.765,mm,OK,--,12:14:09 PM,9/7/2024,
1453,44.7,gf,1.760,mm,OK,--,12:14:09 PM,9/7/2024,
1454,44.7,gf,1.760,mm,OK,--,12:14:09 PM,9/7/2024,
1455,44.7,gf,1.755,mm,OK,--,12:14:09 PM,9/7/2024,
1456,44.7,gf,1.755,mm,OK,--,12:14:09 PM,9/7/2024,
1457,44.6,gf,1.755,mm,OK,--,12:14:09 PM,9/7/2024,
1458,44.6,gf,1.750,mm,OK,--,12:14:09 PM,9/7/2024,
1459,44.6,gf,1.750,mm,OK,--,12:14:09 PM,9/7/2024,
1460,44.6,gf,1.750,mm,OK,--,12:14:10 PM,9/7/2024,
1461,44.5,gf,1.745,mm,OK,--,12:14:10 PM,9/7/2024,
1462,44.5,gf,1.745,mm,OK,--,12:14:10 PM,9/7/2024,
1463,44.4,gf,1.745,mm,OK,--,12:14:10 PM,9/7/2024,
1464,44.5,gf,1.745,mm,OK,--,12:14:10 PM,9/7/2024,
1465,44.4,gf,1.740,mm,OK,--,12:14:10 PM,9/7/2024,
1466,44.4,gf,1.740,mm,OK,--,12:14:10 PM,9/7/2024,
1467,44.4,gf,1.740,mm,OK,--,12:14:10 PM,9/7/2024,
1468,44.4,gf,1.740,mm,OK,--,12:14:10 PM,9/7/2024,
1469,44.3,gf,1.735,mm,OK,--,12:14:10 PM,9/7/2024,
1470,44.3,gf,1.735,mm,OK,--,12:14:11 PM,9/7/2024,
1471,44.3,gf,1.730,mm,OK,--,12:14:11 PM,9/7/2024,
1472,44.2,gf,1.730,mm,OK,--,12:14:11 PM,9/7/2024,
1473,44.1,gf,1.725,mm,OK,--,12:14:11 PM,9/7/2024,
1474,44.0,gf,1.725,mm,OK,--,12:14:11 PM,9/7/2024,
1475,44.0,gf,1.720,mm,OK,--,12:14:11 PM,9/7/2024,
1476,43.8,gf,1.720,mm,OK,--,12:14:11 PM,9/7/2024,
1477,43.7,gf,1.715,mm,OK,--,12:14:11 PM,9/7/2024,
1478,43.6,gf,1.710,mm,OK,--,12:14:11 PM,9/7/2024,
1479,43.5,gf,1.710,mm,OK,--,12:14:11 PM,9/7/2024,
1480,43.2,gf,1.705,mm,OK,--,12:14:12 PM,9/7/2024,
1481,43.0,gf,1.700,mm,OK,--,12:14:12 PM,9/7/2024,
1482,42.7,gf,1.700,mm,OK,--,12:14:12 PM,9/7/2024,
1483,42.5,gf,1.695,mm,OK,--,12:14:12 PM,9/7/2024,
1484,42.4,gf,1.695,mm,OK,--,12:14:12 PM,9/7/2024,
1485,42.3,gf,1.690,mm,OK,--,12:14:12 PM,9/7/2024,
1486,42.2,gf,1.690,mm,OK,--,12:14:12 PM,9/7/2024,
1487,42.1,gf,1.685,mm,OK,--,12:14:12 PM,9/7/2024,
1488,42.0,gf,1.685,mm,OK,--,12:14:12 PM,9/7/2024,
1489,41.9,gf,1.685,mm,OK,--,12:14:12 PM,9/7/2024,
1490,41.7,gf,1.680,mm,OK,--,12:14:13 PM,9/7/2024,
1491,41.5,gf,1.675,mm,OK,--,12:14:13 PM,9/7/2024,
1492,41.4,gf,1.675,mm,OK,--,12:14:13 PM,9/7/2024,
1493,41.3,gf,1.670,mm,OK,--,12:14:13 PM,9/7/2024,
1494,41.1,gf,1.665,mm,OK,--,12:14:13 PM,9/7/2024,
1495,40.9,gf,1.660,mm,OK,--,12:14:13 PM,9/7/2024,
1496,40.8,gf,1.660,mm,OK,--,12:14:13 PM,9/7/2024,
1497,40.6,gf,1.655,mm,OK,--,12:14:13 PM,9/7/2024,
1498,40.5,gf,1.650,mm,OK,--,12:14:13 PM,9/7/2024,
1499,40.3,gf,1.645,mm,OK,--,12:14:13 PM,9/7/2024,
1500,40.0,gf,1.640,mm,OK,--,12:14:14 PM,9/7/2024,
1501,39.6,gf,1.630,mm,OK,--,12:14:14 PM,9/7/2024,
1502,39.1,gf,1.620,mm,OK,--,12:14:14 PM,9/7/2024,
1503,38.6,gf,1.610,mm,OK,--,12:14:14 PM,9/7/2024,
1504,38.3,gf,1.600,mm,OK,--,12:14:14 PM,9/7/2024,
1505,37.8,gf,1.590,mm,OK,--,12:14:14 PM,9/7/2024,
1506,37.3,gf,1.585,mm,OK,--,12:14:14 PM,9/7/2024,
1507,36.9,gf,1.575,mm,OK,--,12:14:14 PM,9/7/2024,
1508,36.4,gf,1.560,mm,OK,--,12:14:14 PM,9/7/2024,
1509,36.1,gf,1.555,mm,OK,--,12:14:14 PM,9/7/2024,
1510,35.9,gf,1.550,mm,OK,--,12:14:15 PM,9/7/2024,
1511,35.5,gf,1.540,mm,OK,--,12:14:15 PM,9/7/2024,
1512,35.4,gf,1.535,mm,OK,--,12:14:15 PM,9/7/2024,
1513,35.4,gf,1.530,mm,OK,--,12:14:15 PM,9/7/2024,
1514,35.3,gf,1.525,mm,OK,--,12:14:15 PM,9/7/2024,
1515,35.2,gf,1.520,mm,OK,--,12:14:15 PM,9/7/2024,
1516,35.2,gf,1.515,mm,OK,--,12:14:15 PM,9/7/2024,
1517,35.1,gf,1.510,mm,OK,--,12:14:15 PM,9/7/2024,
1518,35.1,gf,1.505,mm,OK,--,12:14:15 PM,9/7/2024,
1519,35.0,gf,1.500,mm,OK,--,12:14:15 PM,9/7/2024,
1520,34.8,gf,1.495,mm,OK,--,12:14:16 PM,9/7/2024,
1521,34.7,gf,1.490,mm,OK,--,12:14:16 PM,9/7/2024,
1522,34.6,gf,1.480,mm,OK,--,12:14:16 PM,9/7/2024,
1523,34.6,gf,1.475,mm,OK,--,12:14:16 PM,9/7/2024,
1524,34.6,gf,1.465,mm,OK,--,12:14:16 PM,9/7/2024,
1525,34.5,gf,1.460,mm,OK,--,12:14:16 PM,9/7/2024,
1526,34.5,gf,1.450,mm,OK,--,12:14:16 PM,9/7/2024,
1527,34.4,gf,1.440,mm,OK,--,12:14:16 PM,9/7/2024,
1528,34.2,gf,1.435,mm,OK,--,12:14:16 PM,9/7/2024,
1529,34.1,gf,1.430,mm,OK,--,12:14:16 PM,9/7/2024,
1530,34.1,gf,1.420,mm,OK,--,12:14:17 PM,9/7/2024,
1531,34.0,gf,1.415,mm,OK,--,12:14:17 PM,9/7/2024,
1532,33.9,gf,1.415,mm,OK,--,12:14:17 PM,9/7/2024,
1533,33.8,gf,1.405,mm,OK,--,12:14:17 PM,9/7/2024,
1534,33.7,gf,1.405,mm,OK,--,12:14:17 PM,9/7/2024,
1535,33.7,gf,1.400,mm,OK,--,12:14:17 PM,9/7/2024,
1536,33.8,gf,1.395,mm,OK,--,12:14:17 PM,9/7/2024,
1537,33.7,gf,1.390,mm,OK,--,12:14:17 PM,9/7/2024,
1538,33.7,gf,1.385,mm,OK,--,12:14:17 PM,9/7/2024,
1539,33.6,gf,1.380,mm,OK,--,12:14:17 PM,9/7/2024,
1540,33.7,gf,1.370,mm,OK,--,12:14:18 PM,9/7/2024,
1541,33.7,gf,1.365,mm,OK,--,12:14:18 PM,9/7/2024,
1542,33.7,gf,1.360,mm,OK,--,12:14:18 PM,9/7/2024,
1543,33.6,gf,1.360,mm,OK,--,12:14:18 PM,9/7/2024,
1544,33.6,gf,1.355,mm,OK,--,12:14:18 PM,9/7/2024,
1545,33.6,gf,1.355,mm,OK,--,12:14:18 PM,9/7/2024,
1546,33.5,gf,1.350,mm,OK,--,12:14:18 PM,9/7/2024,
1547,33.5,gf,1.350,mm,OK,--,12:14:18 PM,9/7/2024,
1548,33.5,gf,1.345,mm,OK,--,12:14:18 PM,9/7/2024,
1549,33.5,gf,1.345,mm,OK,--,12:14:18 PM,9/7/2024,
1550,33.4,gf,1.340,mm,OK,--,12:14:19 PM,9/7/2024,
1551,33.4,gf,1.335,mm,OK,--,12:14:19 PM,9/7/2024,
1552,33.4,gf,1.330,mm,OK,--,12:14:19 PM,9/7/2024,
1553,33.5,gf,1.325,mm,OK,--,12:14:19 PM,9/7/2024,
1554,33.6,gf,1.320,mm,OK,--,12:14:19 PM,9/7/2024,
1555,33.7,gf,1.315,mm,OK,--,12:14:19 PM,9/7/2024,
1556,33.7,gf,1.310,mm,OK,--,12:14:19 PM,9/7/2024,
1557,33.8,gf,1.310,mm,OK,--,12:14:19 PM,9/7/2024,
1558,33.8,gf,1.305,mm,OK,--,12:14:19 PM,9/7/2024,
1559,33.6,gf,1.300,mm,OK,--,12:14:19 PM,9/7/2024,
1560,33.5,gf,1.295,mm,OK,--,12:14:20 PM,9/7/2024,
1561,33.5,gf,1.285,mm,OK,--,12:14:20 PM,9/7/2024,
1562,33.4,gf,1.285,mm,OK,--,12:14:20 PM,9/7/2024,
1563,33.2,gf,1.280,mm,OK,--,12:14:20 PM,9/7/2024,
1564,33.2,gf,1.275,mm,OK,--,12:14:20 PM,9/7/2024,
1565,33.1,gf,1.270,mm,OK,--,12:14:20 PM,9/7/2024,
1566,33.1,gf,1.270,mm,OK,--,12:14:20 PM,9/7/2024,
1567,33.1,gf,1.265,mm,OK,--,12:14:20 PM,9/7/2024,
1568,33.0,gf,1.265,mm,OK,--,12:14:20 PM,9/7/2024,
1569,32.9,gf,1.260,mm,OK,--,12:14:20 PM,9/7/2024,
1570,32.9,gf,1.260,mm,OK,--,12:14:21 PM,9/7/2024,
1571,32.9,gf,1.255,mm,OK,--,12:14:21 PM,9/7/2024,
1572,32.9,gf,1.250,mm,OK,--,12:14:21 PM,9/7/2024,
1573,32.8,gf,1.245,mm,OK,--,12:14:21 PM,9/7/2024,
1574,32.8,gf,1.240,mm,OK,--,12:14:21 PM,9/7/2024,
1575,32.9,gf,1.235,mm,OK,--,12:14:21 PM,9/7/2024,
1576,32.9,gf,1.230,mm,OK,--,12:14:21 PM,9/7/2024,
1577,32.8,gf,1.225,mm,OK,--,12:14:21 PM,9/7/2024,
1578,32.9,gf,1.220,mm,OK,--,12:14:21 PM,9/7/2024,
1579,32.8,gf,1.215,mm,OK,--,12:14:21 PM,9/7/2024,
1580,32.8,gf,1.210,mm,OK,--,12:14:22 PM,9/7/2024,
1581,32.8,gf,1.205,mm,OK,--,12:14:22 PM,9/7/2024,
1582,32.9,gf,1.200,mm,OK,--,12:14:22 PM,9/7/2024,
1583,33.1,gf,1.195,mm,OK,--,12:14:22 PM,9/7/2024,
1584,33.3,gf,1.190,mm,OK,--,12:14:22 PM,9/7/2024,
1585,33.3,gf,1.185,mm,OK,--,12:14:22 PM,9/7/2024,
1586,33.1,gf,1.180,mm,OK,--,12:14:22 PM,9/7/2024,
1587,33.4,gf,1.170,mm,OK,--,12:14:22 PM,9/7/2024,
1588,33.8,gf,1.160,mm,OK,--,12:14:22 PM,9/7/2024,
1589,34.0,gf,1.155,mm,OK,--,12:14:22 PM,9/7/2024,
1590,34.1,gf,1.150,mm,OK,--,12:14:23 PM,9/7/2024,
1591,34.2,gf,1.145,mm,OK,--,12:14:23 PM,9/7/2024,
1592,34.6,gf,1.140,mm,OK,--,12:14:23 PM,9/7/2024,
1593,34.9,gf,1.135,mm,OK,--,12:14:23 PM,9/7/2024,
1594,35.2,gf,1.130,mm,OK,--,12:14:23 PM,9/7/2024,
1595,35.0,gf,1.125,mm,OK,--,12:14:23 PM,9/7/2024,
1596,35.3,gf,1.120,mm,OK,--,12:14:23 PM,9/7/2024,
1597,35.1,gf,1.115,mm,OK,--,12:14:23 PM,9/7/2024,
1598,35.0,gf,1.110,mm,OK,--,12:14:23 PM,9/7/2024,
1599,35.0,gf,1.105,mm,OK,--,12:14:23 PM,9/7/2024,
1600,35.2,gf,1.100,mm,OK,--,12:14:24 PM,9/7/2024,
1601,35.1,gf,1.095,mm,OK,--,12:14:24 PM,9/7/2024,
1602,34.9,gf,1.090,mm,OK,--,12:14:24 PM,9/7/2024,
1603,34.8,gf,1.085,mm,OK,--,12:14:24 PM,9/7/2024,
1604,34.8,gf,1.080,mm,OK,--,12:14:24 PM,9/7/2024,
1605,35.1,gf,1.070,mm,OK,--,12:14:24 PM,9/7/2024,
1606,35.5,gf,1.065,mm,OK,--,12:14:24 PM,9/7/2024,
1607,35.8,gf,1.060,mm,OK,--,12:14:24 PM,9/7/2024,
1608,35.9,gf,1.055,mm,OK,--,12:14:24 PM,9/7/2024,
1609,35.9,gf,1.050,mm,OK,--,12:14:24 PM,9/7/2024,
1610,36.0,gf,1.045,mm,OK,--,12:14:25 PM,9/7/2024,
1611,36.0,gf,1.040,mm,OK,--,12:14:25 PM,9/7/2024,
1612,35.9,gf,1.040,mm,OK,--,12:14:25 PM,9/7/2024,
1613,35.9,gf,1.035,mm,OK,--,12:14:25 PM,9/7/2024,
1614,36.0,gf,1.035,mm,OK,--,12:14:25 PM,9/7/2024,
1615,36.0,gf,1.030,mm,OK,--,12:14:25 PM,9/7/2024,
1616,36.0,gf,1.030,mm,OK,--,12:14:25 PM,9/7/2024,
1617,36.0,gf,1.025,mm,OK,--,12:14:25 PM,9/7/2024,
1618,35.9,gf,1.025,mm,OK,--,12:14:25 PM,9/7/2024,
1619,36.1,gf,1.020,mm,OK,--,12:14:25 PM,9/7/2024,
1620,36.1,gf,1.020,mm,OK,--,12:14:26 PM,9/7/2024,
1621,36.1,gf,1.015,mm,OK,--,12:14:26 PM,9/7/2024,
1622,36.1,gf,1.005,mm,OK,--,12:14:26 PM,9/7/2024,
1623,36.3,gf,0.995,mm,OK,--,12:14:26 PM,9/7/2024,
1624,36.5,gf,0.990,mm,OK,--,12:14:26 PM,9/7/2024,
1625,36.4,gf,0.980,mm,OK,--,12:14:26 PM,9/7/2024,
1626,36.4,gf,0.975,mm,OK,--,12:14:26 PM,9/7/2024,
1627,36.5,gf,0.970,mm,OK,--,12:14:26 PM,9/7/2024,
1628,36.6,gf,0.960,mm,OK,--,12:14:26 PM,9/7/2024,
1629,36.7,gf,0.950,mm,OK,--,12:14:26 PM,9/7/2024,
1630,36.8,gf,0.940,mm,OK,--,12:14:27 PM,9/7/2024,
1631,36.8,gf,0.935,mm,OK,--,12:14:27 PM,9/7/2024,
1632,36.8,gf,0.925,mm,OK,--,12:14:27 PM,9/7/2024,
1633,37.0,gf,0.915,mm,OK,--,12:14:27 PM,9/7/2024,
1634,37.2,gf,0.905,mm,OK,--,12:14:27 PM,9/7/2024,
1635,37.2,gf,0.895,mm,OK,--,12:14:27 PM,9/7/2024,
1636,37.3,gf,0.885,mm,OK,--,12:14:27 PM,9/7/2024,
1637,37.4,gf,0.875,mm,OK,--,12:14:27 PM,9/7/2024,
1638,37.5,gf,0.865,mm,OK,--,12:14:27 PM,9/7/2024,
1639,37.5,gf,0.855,mm,OK,--,12:14:27 PM,9/7/2024,
1640,37.4,gf,0.845,mm,OK,--,12:14:28 PM,9/7/2024,
1641,37.3,gf,0.840,mm,OK,--,12:14:28 PM,9/7/2024,
1642,37.2,gf,0.830,mm,OK,--,12:14:28 PM,9/7/2024,
1643,37.2,gf,0.825,mm,OK,--,12:14:28 PM,9/7/2024,
1644,37.3,gf,0.815,mm,OK,--,12:14:28 PM,9/7/2024,
1645,37.6,gf,0.805,mm,OK,--,12:14:28 PM,9/7/2024,
1646,37.6,gf,0.795,mm,OK,--,12:14:28 PM,9/7/2024,
1647,37.4,gf,0.790,mm,OK,--,12:14:28 PM,9/7/2024,
1648,37.4,gf,0.780,mm,OK,--,12:14:28 PM,9/7/2024,
1649,37.4,gf,0.775,mm,OK,--,12:14:28 PM,9/7/2024,
1650,37.5,gf,0.765,mm,OK,--,12:14:29 PM,9/7/2024,
1651,37.5,gf,0.755,mm,OK,--,12:14:29 PM,9/7/2024,
1652,37.5,gf,0.745,mm,OK,--,12:14:29 PM,9/7/2024,
1653,37.6,gf,0.740,mm,OK,--,12:14:29 PM,9/7/2024,
1654,37.7,gf,0.730,mm,OK,--,12:14:29 PM,9/7/2024,
1655,37.6,gf,0.725,mm,OK,--,12:14:29 PM,9/7/2024,
1656,37.7,gf,0.720,mm,OK,--,12:14:29 PM,9/7/2024,
1657,37.7,gf,0.710,mm,OK,--,12:14:29 PM,9/7/2024,
1658,37.9,gf,0.705,mm,OK,--,12:14:29 PM,9/7/2024,
1659,37.9,gf,0.700,mm,OK,--,12:14:29 PM,9/7/2024,
1660,37.8,gf,0.690,mm,OK,--,12:14:30 PM,9/7/2024,
1661,37.8,gf,0.685,mm,OK,--,12:14:30 PM,9/7/2024,
1662,37.8,gf,0.680,mm,OK,--,12:14:30 PM,9/7/2024,
1663,37.6,gf,0.675,mm,OK,--,12:14:30 PM,9/7/2024,
1664,37.7,gf,0.670,mm,OK,--,12:14:30 PM,9/7/2024,
1665,37.5,gf,0.660,mm,OK,--,12:14:30 PM,9/7/2024,
1666,37.7,gf,0.650,mm,OK,--,12:14:30 PM,9/7/2024,
1667,37.6,gf,0.640,mm,OK,--,12:14:30 PM,9/7/2024,
1668,37.8,gf,0.635,mm,OK,--,12:14:30 PM,9/7/2024,
1669,37.8,gf,0.625,mm,OK,--,12:14:30 PM,9/7/2024,
1670,37.8,gf,0.620,mm,OK,--,12:14:31 PM,9/7/2024,
1671,37.9,gf,0.615,mm,OK,--,12:14:31 PM,9/7/2024,
1672,37.6,gf,0.615,mm,OK,--,12:14:31 PM,9/7/2024,
1673,37.7,gf,0.610,mm,OK,--,12:14:31 PM,9/7/2024,
1674,37.8,gf,0.600,mm,OK,--,12:14:31 PM,9/7/2024,
1675,37.7,gf,0.595,mm,OK,--,12:14:31 PM,9/7/2024,
1676,37.8,gf,0.590,mm,OK,--,12:14:31 PM,9/7/2024,
1677,37.8,gf,0.585,mm,OK,--,12:14:31 PM,9/7/2024,
1678,37.8,gf,0.580,mm,OK,--,12:14:31 PM,9/7/2024,
1679,37.6,gf,0.575,mm,OK,--,12:14:31 PM,9/7/2024,
1680,37.6,gf,0.570,mm,OK,--,12:14:32 PM,9/7/2024,
1681,37.5,gf,0.565,mm,OK,--,12:14:32 PM,9/7/2024,
1682,37.5,gf,0.560,mm,OK,--,12:14:32 PM,9/7/2024,
1683,37.4,gf,0.555,mm,OK,--,12:14:32 PM,9/7/2024,
1684,37.4,gf,0.550,mm,OK,--,12:14:32 PM,9/7/2024,
1685,37.4,gf,0.545,mm,OK,--,12:14:32 PM,9/7/2024,
1686,37.2,gf,0.540,mm,OK,--,12:14:32 PM,9/7/2024,
1687,37.0,gf,0.535,mm,OK,--,12:14:32 PM,9/7/2024,
1688,36.9,gf,0.530,mm,OK,--,12:14:32 PM,9/7/2024,
1689,36.9,gf,0.525,mm,OK,--,12:14:32 PM,9/7/2024,
1690,36.9,gf,0.520,mm,OK,--,12:14:33 PM,9/7/2024,
1691,36.8,gf,0.510,mm,OK,--,12:14:33 PM,9/7/2024,
1692,36.7,gf,0.505,mm,OK,--,12:14:33 PM,9/7/2024,
1693,36.6,gf,0.495,mm,OK,--,12:14:33 PM,9/7/2024,
1694,36.5,gf,0.490,mm,OK,--,12:14:33 PM,9/7/2024,
1695,36.3,gf,0.485,mm,OK,--,12:14:33 PM,9/7/2024,
1696,36.1,gf,0.475,mm,OK,--,12:14:33 PM,9/7/2024,
1697,35.9,gf,0.465,mm,OK,--,12:14:33 PM,9/7/2024,
1698,35.7,gf,0.445,mm,OK,--,12:14:33 PM,9/7/2024,
1699,35.3,gf,0.435,mm,OK,--,12:14:33 PM,9/7/2024,
1700,35.0,gf,0.430,mm,OK,--,12:14:34 PM,9/7/2024,
1701,34.7,gf,0.425,mm,OK,--,12:14:34 PM,9/7/2024,
1702,34.5,gf,0.420,mm,OK,--,12:14:34 PM,9/7/2024,
1703,34.6,gf,0.415,mm,OK,--,12:14:34 PM,9/7/2024,
1704,34.5,gf,0.410,mm,OK,--,12:14:34 PM,9/7/2024,
1705,34.4,gf,0.410,mm,OK,--,12:14:34 PM,9/7/2024,
1706,34.3,gf,0.405,mm,OK,--,12:14:34 PM,9/7/2024,
1707,34.3,gf,0.400,mm,OK,--,12:14:34 PM,9/7/2024,
1708,34.0,gf,0.400,mm,OK,--,12:14:34 PM,9/7/2024,
1709,33.9,gf,0.395,mm,OK,--,12:14:34 PM,9/7/2024,
1710,33.9,gf,0.395,mm,OK,--,12:14:35 PM,9/7/2024,
1711,33.7,gf,0.390,mm,OK,--,12:14:35 PM,9/7/2024,
1712,33.6,gf,0.385,mm,OK,--,12:14:35 PM,9/7/2024,
1713,33.5,gf,0.380,mm,OK,--,12:14:35 PM,9/7/2024,
1714,33.4,gf,0.370,mm,OK,--,12:14:35 PM,9/7/2024,
1715,33.1,gf,0.365,mm,OK,--,12:14:35 PM,9/7/2024,
1716,33.0,gf,0.360,mm,OK,--,12:14:35 PM,9/7/2024,
1717,32.9,gf,0.350,mm,OK,--,12:14:35 PM,9/7/2024,
1718,32.9,gf,0.345,mm,OK,--,12:14:35 PM,9/7/2024,
1719,32.9,gf,0.340,mm,OK,--,12:14:35 PM,9/7/2024,
1720,32.5,gf,0.335,mm,OK,--,12:14:36 PM,9/7/2024,
1721,32.4,gf,0.330,mm,OK,--,12:14:36 PM,9/7/2024,
1722,32.3,gf,0.320,mm,OK,--,12:14:36 PM,9/7/2024,
1723,32.3,gf,0.320,mm,OK,--,12:14:36 PM,9/7/2024,
1724,32.2,gf,0.310,mm,OK,--,12:14:36 PM,9/7/2024,
1725,32.1,gf,0.305,mm,OK,--,12:14:36 PM,9/7/2024,
1726,32.0,gf,0.300,mm,OK,--,12:14:36 PM,9/7/2024,
1727,31.9,gf,0.295,mm,OK,--,12:14:36 PM,9/7/2024,
1728,31.8,gf,0.290,mm,OK,--,12:14:36 PM,9/7/2024,
1729,31.7,gf,0.285,mm,OK,--,12:14:36 PM,9/7/2024,
1730,31.6,gf,0.280,mm,OK,--,12:14:37 PM,9/7/2024,
1731,31.6,gf,0.275,mm,OK,--,12:14:37 PM,9/7/2024,
1732,31.4,gf,0.270,mm,OK,--,12:14:37 PM,9/7/2024,
1733,31.4,gf,0.265,mm,OK,--,12:14:37 PM,9/7/2024,
1734,31.4,gf,0.255,mm,OK,--,12:14:37 PM,9/7/2024,
1735,31.4,gf,0.250,mm,OK,--,12:14:37 PM,9/7/2024,
1736,31.3,gf,0.250,mm,OK,--,12:14:37 PM,9/7/2024,
1737,31.3,gf,0.245,mm,OK,--,12:14:37 PM,9/7/2024,
1738,31.3,gf,0.240,mm,OK,--,12:14:37 PM,9/7/2024,
1739,31.2,gf,0.235,mm,OK,--,12:14:37 PM,9/7/2024,
1740,31.0,gf,0.230,mm,OK,--,12:14:38 PM,9/7/2024,
1741,31.0,gf,0.225,mm,OK,--,12:14:38 PM,9/7/2024,
1742,31.0,gf,0.220,mm,OK,--,12:14:38 PM,9/7/2024,
1743,30.9,gf,0.215,mm,OK,--,12:14:38 PM,9/7/2024,
1744,31.0,gf,0.210,mm,OK,--,12:14:38 PM,9/7/2024,
1745,31.0,gf,0.205,mm,OK,--,12:14:38 PM,9/7/2024,
1746,30.9,gf,0.205,mm,OK,--,12:14:38 PM,9/7/2024,
1747,30.8,gf,0.200,mm,OK,--,12:14:38 PM,9/7/2024,
1748,30.8,gf,0.195,mm,OK,--,12:14:38 PM,9/7/2024,
1749,30.8,gf,0.190,mm,OK,--,12:14:38 PM,9/7/2024,
1750,30.9,gf,0.185,mm,OK,--,12:14:39 PM,9/7/2024,
1751,30.9,gf,0.180,mm,OK,--,12:14:39 PM,9/7/2024,
1752,30.9,gf,0.180,mm,OK,--,12:14:39 PM,9/7/2024,
1753,31.0,gf,0.175,mm,OK,--,12:14:39 PM,9/7/2024,
1754,31.0,gf,0.175,mm,OK,--,12:14:39 PM,9/7/2024,
1755,30.9,gf,0.170,mm,OK,--,12:14:39 PM,9/7/2024,
1756,30.7,gf,0.165,mm,OK,--,12:14:39 PM,9/7/2024,
1757,30.7,gf,0.160,mm,OK,--,12:14:39 PM,9/7/2024,
1758,30.7,gf,0.155,mm,OK,--,12:14:39 PM,9/7/2024,
1759,30.7,gf,0.155,mm,OK,--,12:14:39 PM,9/7/2024,
1760,30.7,gf,0.150,mm,OK,--,12:14:40 PM,9/7/2024,
1761,30.8,gf,0.145,mm,OK,--,12:14:40 PM,9/7/2024,
1762,30.8,gf,0.145,mm,OK,--,12:14:40 PM,9/7/2024,
1763,30.7,gf,0.145,mm,OK,--,12:14:40 PM,9/7/2024,
1764,30.7,gf,0.145,mm,OK,--,12:14:40 PM,9/7/2024,
1765,30.5,gf,0.145,mm,OK,--,12:14:40 PM,9/7/2024,
1766,30.4,gf,0.145,mm,OK,--,12:14:40 PM,9/7/2024,
1767,30.4,gf,0.140,mm,OK,--,12:14:40 PM,9/7/2024,
1768,30.4,gf,0.140,mm,OK,--,12:14:40 PM,9/7/2024,
1769,30.3,gf,0.140,mm,OK,--,12:14:40 PM,9/7/2024,
1770,30.2,gf,0.140,mm,OK,--,12:14:41 PM,9/7/2024,
1771,30.0,gf,0.135,mm,OK,--,12:14:41 PM,9/7/2024,
1772,29.9,gf,0.135,mm,OK,--,12:14:41 PM,9/7/2024,
1773,29.9,gf,0.130,mm,OK,--,12:14:41 PM,9/7/2024,
1774,29.7,gf,0.130,mm,OK,--,12:14:41 PM,9/7/2024,
1775,29.0,gf,0.125,mm,OK,--,12:14:41 PM,9/7/2024,
1776,28.2,gf,0.125,mm,OK,--,12:14:41 PM,9/7/2024,
1777,27.6,gf,0.125,mm,OK,--,12:14:41 PM,9/7/2024,
1778,27.3,gf,0.125,mm,OK,--,12:14:41 PM,9/7/2024,
1779,27.0,gf,0.120,mm,OK,--,12:14:41 PM,9/7/2024,
1780,26.4,gf,0.120,mm,OK,--,12:14:42 PM,9/7/2024,
1781,26.0,gf,0.115,mm,OK,--,12:14:42 PM,9/7/2024,
1782,25.8,gf,0.115,mm,OK,--,12:14:42 PM,9/7/2024,
1783,25.7,gf,0.115,mm,OK,--,12:14:42 PM,9/7/2024,
1784,25.6,gf,0.110,mm,OK,--,12:14:42 PM,9/7/2024,
1785,25.5,gf,0.110,mm,OK,--,12:14:42 PM,9/7/2024,
1786,25.5,gf,0.110,mm,OK,--,12:14:42 PM,9/7/2024,
1787,25.3,gf,0.105,mm,OK,--,12:14:42 PM,9/7/2024,
1788,25.1,gf,0.105,mm,OK,--,12:14:42 PM,9/7/2024,
1789,24.8,gf,0.100,mm,OK,--,12:14:42 PM,9/7/2024,
1790,25.0,gf,0.100,mm,OK,--,12:14:43 PM,9/7/2024,
1791,24.3,gf,0.095,mm,OK,--,12:14:43 PM,9/7/2024,
1792,23.7,gf,0.090,mm,OK,--,12:14:43 PM,9/7/2024,
1793,23.1,gf,0.085,mm,OK,--,12:14:43 PM,9/7/2024,
1794,22.4,gf,0.080,mm,OK,--,12:14:43 PM,9/7/2024,
1795,21.0,gf,0.075,mm,OK,--,12:14:43 PM,9/7/2024,
1796,15.6,gf,0.070,mm,OK,--,12:14:43 PM,9/7/2024,
1797,9.6,gf,0.060,mm,OK,--,12:14:43 PM,9/7/2024,
1798,3.6,gf,0.055,mm,OK,--,12:14:43 PM,9/7/2024,
1799,0.1,gf,0.045,mm,OK,--,12:14:43 PM,9/7/2024,
1800,0.0,gf,0.040,mm,OK,--,12:14:44 PM,9/7/2024,
1801,0.0,gf,0.030,mm,OK,--,12:14:44 PM,9/7/2024,
1802,0.0,gf,0.025,mm,OK,--,12:14:44 PM,9/7/2024,
1803,0.0,gf,0.015,mm,OK,--,12:14:44 PM,9/7/2024,
1804,0.0,gf,0.005,mm,OK,--,12:14:44 PM,9/7/2024,
1805,0.0,gf,0.000,mm,OK,--,12:14:44 PM,9/7/2024,
1806,0.0,gf,-0.005,mm,OK,--,12:14:44 PM,9/7/2024,
1807,0.1,gf,-0.015,mm,OK,--,12:14:44 PM,9/7/2024,
1808,0.0,gf,-0.030,mm,OK,--,12:14:44 PM,9/7/2024,
1809,0.0,gf,-0.035,mm,OK,--,12:14:44 PM,9/7/2024,
1810,0.0,gf,-0.040,mm,OK,--,12:14:45 PM,9/7/2024,
1811,0.0,gf,-0.040,mm,OK,--,12:14:45 PM,9/7/2024,
1812,0.0,gf,-0.040,mm,OK,--,12:14:45 PM,9/7/2024,
1813,0.0,gf,-0.040,mm,OK,--,12:14:45 PM,9/7/2024,
1814,0.1,gf,-0.040,mm,OK,--,12:14:45 PM,9/7/2024,
1815,0.0,gf,-0.040,mm,OK,--,12:14:45 PM,9/7/2024,
1816,0.2,gf,-0.040,mm,OK,--,12:14:45 PM,9/7/2024,
1817,0.1,gf,-0.035,mm,OK,--,12:14:45 PM,9/7/2024,
1818,0.1,gf,-0.035,mm,OK,--,12:14:45 PM,9/7/2024,
1819,0.0,gf,-0.035,mm,OK,--,12:14:45 PM,9/7/2024,
1820,0.1,gf,-0.035,mm,OK,--,12:14:46 PM,9/7/2024,
1821,0.0,gf,-0.035,mm,OK,--,12:14:46 PM,9/7/2024,
1822,0.0,gf,-0.035,mm,OK,--,12:14:46 PM,9/7/2024,
1823,0.0,gf,-0.035,mm,OK,--,12:14:46 PM,9/7/2024,
1824,0.0,gf,-0.035,mm,OK,--,12:14:46 PM,9/7/2024,
1825,0.0,gf,-0.035,mm,OK,--,12:14:46 PM,9/7/2024,
1826,0.0,gf,-0.035,mm,OK,--,12:14:46 PM,9/7/2024,
1827,-0.1,gf,-0.035,mm,OK,--,12:14:46 PM,9/7/2024,
1828,0.0,gf,-0.035,mm,OK,--,12:14:46 PM,9/7/2024,
1829,0.0,gf,-0.035,mm,OK,--,12:14:46 PM,9/7/2024,
1830,0.0,gf,-0.035,mm,OK,--,12:14:47 PM,9/7/2024,
1831,0.0,gf,-0.035,mm,OK,--,12:14:47 PM,9/7/2024,
1832,0.0,gf,-0.035,mm,OK,--,12:14:47 PM,9/7/2024,
1833,0.0,gf,-0.035,mm,OK,--,12:14:47 PM,9/7/2024,
1834,0.0,gf,-0.035,mm,OK,--,12:14:47 PM,9/7/2024,
