Maximum,193.0,@,No.821,,,,,,
Minimum,-0.1,@,No.19,,,,,,
Average,52.82,,,,,,,,
Data Quantity,1804,,,,,,,,
Number of NG,0,,,,,,,,
No.,Force,Unit,Displacement,Unit,Judge,Position,Time,Date,
1,0.1,gf,0.000,mm,OK,--,9:41:10 AM,6/21/2025,
2,0.0,gf,0.000,mm,OK,--,9:41:10 AM,6/21/2025,
3,0.0,gf,0.000,mm,OK,--,9:41:10 AM,6/21/2025,
4,0.0,gf,0.000,mm,OK,--,9:41:10 AM,6/21/2025,
5,0.0,gf,0.000,mm,OK,--,9:41:10 AM,6/21/2025,
6,0.0,gf,0.000,mm,OK,--,9:41:10 AM,6/21/2025,
7,0.0,gf,0.000,mm,OK,--,9:41:11 AM,6/21/2025,
8,0.0,gf,0.000,mm,OK,--,9:41:11 AM,6/21/2025,
9,0.0,gf,0.000,mm,OK,--,9:41:11 AM,6/21/2025,
10,0.0,gf,0.000,mm,OK,--,9:41:11 AM,6/21/2025,
11,0.0,gf,0.000,mm,OK,--,9:41:11 AM,6/21/2025,
12,0.0,gf,0.000,mm,OK,--,9:41:11 AM,6/21/2025,
13,0.0,gf,0.000,mm,OK,--,9:41:11 AM,6/21/2025,
14,0.0,gf,0.000,mm,OK,--,9:41:11 AM,6/21/2025,
15,0.0,gf,0.005,mm,OK,--,9:41:11 AM,6/21/2025,
16,0.0,gf,0.005,mm,OK,--,9:41:11 AM,6/21/2025,
17,0.0,gf,0.005,mm,OK,--,9:41:12 AM,6/21/2025,
18,0.0,gf,0.005,mm,OK,--,9:41:12 AM,6/21/2025,
19,-0.1,gf,0.010,mm,OK,--,9:41:12 AM,6/21/2025,
20,0.0,gf,0.010,mm,OK,--,9:41:12 AM,6/21/2025,
21,0.0,gf,0.010,mm,OK,--,9:41:12 AM,6/21/2025,
22,0.1,gf,0.015,mm,OK,--,9:41:12 AM,6/21/2025,
23,0.0,gf,0.015,mm,OK,--,9:41:12 AM,6/21/2025,
24,0.0,gf,0.015,mm,OK,--,9:41:12 AM,6/21/2025,
25,0.0,gf,0.015,mm,OK,--,9:41:12 AM,6/21/2025,
26,0.0,gf,0.020,mm,OK,--,9:41:12 AM,6/21/2025,
27,0.0,gf,0.020,mm,OK,--,9:41:13 AM,6/21/2025,
28,0.0,gf,0.025,mm,OK,--,9:41:13 AM,6/21/2025,
29,0.0,gf,0.025,mm,OK,--,9:41:13 AM,6/21/2025,
30,0.0,gf,0.030,mm,OK,--,9:41:13 AM,6/21/2025,
31,0.0,gf,0.030,mm,OK,--,9:41:13 AM,6/21/2025,
32,0.0,gf,0.035,mm,OK,--,9:41:13 AM,6/21/2025,
33,0.0,gf,0.040,mm,OK,--,9:41:13 AM,6/21/2025,
34,0.0,gf,0.045,mm,OK,--,9:41:13 AM,6/21/2025,
35,0.0,gf,0.045,mm,OK,--,9:41:13 AM,6/21/2025,
36,0.0,gf,0.050,mm,OK,--,9:41:13 AM,6/21/2025,
37,0.0,gf,0.055,mm,OK,--,9:41:14 AM,6/21/2025,
38,0.0,gf,0.060,mm,OK,--,9:41:14 AM,6/21/2025,
39,0.0,gf,0.065,mm,OK,--,9:41:14 AM,6/21/2025,
40,0.0,gf,0.065,mm,OK,--,9:41:14 AM,6/21/2025,
41,0.0,gf,0.070,mm,OK,--,9:41:14 AM,6/21/2025,
42,0.0,gf,0.075,mm,OK,--,9:41:14 AM,6/21/2025,
43,0.0,gf,0.075,mm,OK,--,9:41:14 AM,6/21/2025,
44,0.0,gf,0.080,mm,OK,--,9:41:14 AM,6/21/2025,
45,0.0,gf,0.085,mm,OK,--,9:41:14 AM,6/21/2025,
46,0.0,gf,0.085,mm,OK,--,9:41:14 AM,6/21/2025,
47,0.0,gf,0.090,mm,OK,--,9:41:15 AM,6/21/2025,
48,0.0,gf,0.095,mm,OK,--,9:41:15 AM,6/21/2025,
49,0.0,gf,0.095,mm,OK,--,9:41:15 AM,6/21/2025,
50,0.0,gf,0.100,mm,OK,--,9:41:15 AM,6/21/2025,
51,0.0,gf,0.100,mm,OK,--,9:41:15 AM,6/21/2025,
52,0.0,gf,0.105,mm,OK,--,9:41:15 AM,6/21/2025,
53,0.0,gf,0.105,mm,OK,--,9:41:15 AM,6/21/2025,
54,0.0,gf,0.110,mm,OK,--,9:41:15 AM,6/21/2025,
55,0.0,gf,0.115,mm,OK,--,9:41:15 AM,6/21/2025,
56,0.0,gf,0.115,mm,OK,--,9:41:15 AM,6/21/2025,
57,0.0,gf,0.120,mm,OK,--,9:41:16 AM,6/21/2025,
58,0.0,gf,0.120,mm,OK,--,9:41:16 AM,6/21/2025,
59,0.0,gf,0.120,mm,OK,--,9:41:16 AM,6/21/2025,
60,0.0,gf,0.125,mm,OK,--,9:41:16 AM,6/21/2025,
61,0.0,gf,0.125,mm,OK,--,9:41:16 AM,6/21/2025,
62,0.0,gf,0.130,mm,OK,--,9:41:16 AM,6/21/2025,
63,0.0,gf,0.130,mm,OK,--,9:41:16 AM,6/21/2025,
64,0.1,gf,0.135,mm,OK,--,9:41:16 AM,6/21/2025,
65,0.0,gf,0.135,mm,OK,--,9:41:16 AM,6/21/2025,
66,0.0,gf,0.140,mm,OK,--,9:41:16 AM,6/21/2025,
67,0.0,gf,0.145,mm,OK,--,9:41:17 AM,6/21/2025,
68,0.0,gf,0.150,mm,OK,--,9:41:17 AM,6/21/2025,
69,0.0,gf,0.155,mm,OK,--,9:41:17 AM,6/21/2025,
70,0.0,gf,0.160,mm,OK,--,9:41:17 AM,6/21/2025,
71,0.0,gf,0.165,mm,OK,--,9:41:17 AM,6/21/2025,
72,0.0,gf,0.170,mm,OK,--,9:41:17 AM,6/21/2025,
73,0.0,gf,0.175,mm,OK,--,9:41:17 AM,6/21/2025,
74,0.0,gf,0.180,mm,OK,--,9:41:17 AM,6/21/2025,
75,0.0,gf,0.185,mm,OK,--,9:41:17 AM,6/21/2025,
76,0.1,gf,0.190,mm,OK,--,9:41:17 AM,6/21/2025,
77,4.1,gf,0.195,mm,OK,--,9:41:18 AM,6/21/2025,
78,9.0,gf,0.200,mm,OK,--,9:41:18 AM,6/21/2025,
79,13.3,gf,0.205,mm,OK,--,9:41:18 AM,6/21/2025,
80,17.1,gf,0.210,mm,OK,--,9:41:18 AM,6/21/2025,
81,20.5,gf,0.210,mm,OK,--,9:41:18 AM,6/21/2025,
82,23.7,gf,0.215,mm,OK,--,9:41:18 AM,6/21/2025,
83,26.7,gf,0.220,mm,OK,--,9:41:18 AM,6/21/2025,
84,29.5,gf,0.220,mm,OK,--,9:41:18 AM,6/21/2025,
85,30.5,gf,0.225,mm,OK,--,9:41:18 AM,6/21/2025,
86,31.0,gf,0.230,mm,OK,--,9:41:18 AM,6/21/2025,
87,32.0,gf,0.230,mm,OK,--,9:41:19 AM,6/21/2025,
88,33.5,gf,0.235,mm,OK,--,9:41:19 AM,6/21/2025,
89,34.8,gf,0.240,mm,OK,--,9:41:19 AM,6/21/2025,
90,36.2,gf,0.245,mm,OK,--,9:41:19 AM,6/21/2025,
91,37.2,gf,0.245,mm,OK,--,9:41:19 AM,6/21/2025,
92,37.6,gf,0.250,mm,OK,--,9:41:19 AM,6/21/2025,
93,37.4,gf,0.255,mm,OK,--,9:41:19 AM,6/21/2025,
94,37.3,gf,0.255,mm,OK,--,9:41:19 AM,6/21/2025,
95,37.3,gf,0.260,mm,OK,--,9:41:19 AM,6/21/2025,
96,37.4,gf,0.260,mm,OK,--,9:41:19 AM,6/21/2025,
97,37.5,gf,0.265,mm,OK,--,9:41:20 AM,6/21/2025,
98,37.6,gf,0.265,mm,OK,--,9:41:20 AM,6/21/2025,
99,37.7,gf,0.270,mm,OK,--,9:41:20 AM,6/21/2025,
100,37.8,gf,0.270,mm,OK,--,9:41:20 AM,6/21/2025,
101,37.9,gf,0.275,mm,OK,--,9:41:20 AM,6/21/2025,
102,38.1,gf,0.275,mm,OK,--,9:41:20 AM,6/21/2025,
103,38.2,gf,0.280,mm,OK,--,9:41:20 AM,6/21/2025,
104,38.4,gf,0.280,mm,OK,--,9:41:20 AM,6/21/2025,
105,38.7,gf,0.285,mm,OK,--,9:41:20 AM,6/21/2025,
106,38.9,gf,0.290,mm,OK,--,9:41:20 AM,6/21/2025,
107,39.1,gf,0.290,mm,OK,--,9:41:21 AM,6/21/2025,
108,39.4,gf,0.295,mm,OK,--,9:41:21 AM,6/21/2025,
109,39.8,gf,0.300,mm,OK,--,9:41:21 AM,6/21/2025,
110,40.2,gf,0.305,mm,OK,--,9:41:21 AM,6/21/2025,
111,40.4,gf,0.305,mm,OK,--,9:41:21 AM,6/21/2025,
112,40.7,gf,0.310,mm,OK,--,9:41:21 AM,6/21/2025,
113,40.9,gf,0.315,mm,OK,--,9:41:21 AM,6/21/2025,
114,41.2,gf,0.320,mm,OK,--,9:41:21 AM,6/21/2025,
115,41.4,gf,0.325,mm,OK,--,9:41:21 AM,6/21/2025,
116,41.5,gf,0.325,mm,OK,--,9:41:21 AM,6/21/2025,
117,41.6,gf,0.330,mm,OK,--,9:41:22 AM,6/21/2025,
118,41.8,gf,0.335,mm,OK,--,9:41:22 AM,6/21/2025,
119,42.0,gf,0.335,mm,OK,--,9:41:22 AM,6/21/2025,
120,42.1,gf,0.340,mm,OK,--,9:41:22 AM,6/21/2025,
121,42.3,gf,0.340,mm,OK,--,9:41:22 AM,6/21/2025,
122,42.5,gf,0.345,mm,OK,--,9:41:22 AM,6/21/2025,
123,42.7,gf,0.345,mm,OK,--,9:41:22 AM,6/21/2025,
124,42.9,gf,0.350,mm,OK,--,9:41:22 AM,6/21/2025,
125,43.1,gf,0.355,mm,OK,--,9:41:22 AM,6/21/2025,
126,43.2,gf,0.355,mm,OK,--,9:41:22 AM,6/21/2025,
127,43.4,gf,0.360,mm,OK,--,9:41:23 AM,6/21/2025,
128,43.5,gf,0.365,mm,OK,--,9:41:23 AM,6/21/2025,
129,43.7,gf,0.370,mm,OK,--,9:41:23 AM,6/21/2025,
130,44.1,gf,0.370,mm,OK,--,9:41:23 AM,6/21/2025,
131,44.3,gf,0.375,mm,OK,--,9:41:23 AM,6/21/2025,
132,44.5,gf,0.380,mm,OK,--,9:41:23 AM,6/21/2025,
133,44.7,gf,0.385,mm,OK,--,9:41:23 AM,6/21/2025,
134,44.9,gf,0.390,mm,OK,--,9:41:23 AM,6/21/2025,
135,45.1,gf,0.395,mm,OK,--,9:41:23 AM,6/21/2025,
136,45.3,gf,0.395,mm,OK,--,9:41:23 AM,6/21/2025,
137,45.6,gf,0.400,mm,OK,--,9:41:24 AM,6/21/2025,
138,45.8,gf,0.405,mm,OK,--,9:41:24 AM,6/21/2025,
139,46.1,gf,0.410,mm,OK,--,9:41:24 AM,6/21/2025,
140,46.4,gf,0.410,mm,OK,--,9:41:24 AM,6/21/2025,
141,46.7,gf,0.415,mm,OK,--,9:41:24 AM,6/21/2025,
142,47.2,gf,0.420,mm,OK,--,9:41:24 AM,6/21/2025,
143,47.6,gf,0.425,mm,OK,--,9:41:24 AM,6/21/2025,
144,48.0,gf,0.425,mm,OK,--,9:41:24 AM,6/21/2025,
145,48.2,gf,0.430,mm,OK,--,9:41:24 AM,6/21/2025,
146,48.6,gf,0.435,mm,OK,--,9:41:24 AM,6/21/2025,
147,48.8,gf,0.440,mm,OK,--,9:41:25 AM,6/21/2025,
148,49.0,gf,0.445,mm,OK,--,9:41:25 AM,6/21/2025,
149,49.2,gf,0.450,mm,OK,--,9:41:25 AM,6/21/2025,
150,49.0,gf,0.455,mm,OK,--,9:41:25 AM,6/21/2025,
151,49.2,gf,0.460,mm,OK,--,9:41:25 AM,6/21/2025,
152,49.4,gf,0.465,mm,OK,--,9:41:25 AM,6/21/2025,
153,49.5,gf,0.470,mm,OK,--,9:41:25 AM,6/21/2025,
154,49.6,gf,0.470,mm,OK,--,9:41:25 AM,6/21/2025,
155,49.7,gf,0.475,mm,OK,--,9:41:25 AM,6/21/2025,
156,50.0,gf,0.480,mm,OK,--,9:41:25 AM,6/21/2025,
157,50.1,gf,0.485,mm,OK,--,9:41:26 AM,6/21/2025,
158,50.2,gf,0.485,mm,OK,--,9:41:26 AM,6/21/2025,
159,50.4,gf,0.490,mm,OK,--,9:41:26 AM,6/21/2025,
160,50.7,gf,0.495,mm,OK,--,9:41:26 AM,6/21/2025,
161,50.9,gf,0.500,mm,OK,--,9:41:26 AM,6/21/2025,
162,51.1,gf,0.505,mm,OK,--,9:41:26 AM,6/21/2025,
163,51.3,gf,0.510,mm,OK,--,9:41:26 AM,6/21/2025,
164,51.6,gf,0.520,mm,OK,--,9:41:26 AM,6/21/2025,
165,51.7,gf,0.525,mm,OK,--,9:41:26 AM,6/21/2025,
166,52.0,gf,0.530,mm,OK,--,9:41:26 AM,6/21/2025,
167,52.3,gf,0.540,mm,OK,--,9:41:27 AM,6/21/2025,
168,52.5,gf,0.545,mm,OK,--,9:41:27 AM,6/21/2025,
169,52.7,gf,0.550,mm,OK,--,9:41:27 AM,6/21/2025,
170,52.9,gf,0.555,mm,OK,--,9:41:27 AM,6/21/2025,
171,53.1,gf,0.565,mm,OK,--,9:41:27 AM,6/21/2025,
172,53.2,gf,0.570,mm,OK,--,9:41:27 AM,6/21/2025,
173,53.2,gf,0.575,mm,OK,--,9:41:27 AM,6/21/2025,
174,53.5,gf,0.580,mm,OK,--,9:41:27 AM,6/21/2025,
175,53.6,gf,0.585,mm,OK,--,9:41:27 AM,6/21/2025,
176,53.7,gf,0.590,mm,OK,--,9:41:27 AM,6/21/2025,
177,53.7,gf,0.590,mm,OK,--,9:41:28 AM,6/21/2025,
178,53.7,gf,0.595,mm,OK,--,9:41:28 AM,6/21/2025,
179,53.8,gf,0.600,mm,OK,--,9:41:28 AM,6/21/2025,
180,53.7,gf,0.605,mm,OK,--,9:41:28 AM,6/21/2025,
181,53.9,gf,0.605,mm,OK,--,9:41:28 AM,6/21/2025,
182,53.9,gf,0.610,mm,OK,--,9:41:28 AM,6/21/2025,
183,54.0,gf,0.615,mm,OK,--,9:41:28 AM,6/21/2025,
184,54.0,gf,0.620,mm,OK,--,9:41:28 AM,6/21/2025,
185,54.1,gf,0.625,mm,OK,--,9:41:28 AM,6/21/2025,
186,54.3,gf,0.630,mm,OK,--,9:41:28 AM,6/21/2025,
187,54.4,gf,0.635,mm,OK,--,9:41:29 AM,6/21/2025,
188,54.4,gf,0.640,mm,OK,--,9:41:29 AM,6/21/2025,
189,54.3,gf,0.645,mm,OK,--,9:41:29 AM,6/21/2025,
190,54.3,gf,0.650,mm,OK,--,9:41:29 AM,6/21/2025,
191,54.3,gf,0.655,mm,OK,--,9:41:29 AM,6/21/2025,
192,54.3,gf,0.660,mm,OK,--,9:41:29 AM,6/21/2025,
193,54.2,gf,0.665,mm,OK,--,9:41:29 AM,6/21/2025,
194,54.3,gf,0.665,mm,OK,--,9:41:29 AM,6/21/2025,
195,54.3,gf,0.670,mm,OK,--,9:41:29 AM,6/21/2025,
196,54.4,gf,0.675,mm,OK,--,9:41:29 AM,6/21/2025,
197,54.5,gf,0.685,mm,OK,--,9:41:30 AM,6/21/2025,
198,54.5,gf,0.690,mm,OK,--,9:41:30 AM,6/21/2025,
199,54.6,gf,0.695,mm,OK,--,9:41:30 AM,6/21/2025,
200,54.6,gf,0.700,mm,OK,--,9:41:30 AM,6/21/2025,
201,54.5,gf,0.705,mm,OK,--,9:41:30 AM,6/21/2025,
202,54.5,gf,0.715,mm,OK,--,9:41:30 AM,6/21/2025,
203,54.4,gf,0.720,mm,OK,--,9:41:30 AM,6/21/2025,
204,54.3,gf,0.725,mm,OK,--,9:41:30 AM,6/21/2025,
205,54.3,gf,0.730,mm,OK,--,9:41:30 AM,6/21/2025,
206,54.4,gf,0.735,mm,OK,--,9:41:30 AM,6/21/2025,
207,54.4,gf,0.740,mm,OK,--,9:41:31 AM,6/21/2025,
208,54.4,gf,0.745,mm,OK,--,9:41:31 AM,6/21/2025,
209,54.4,gf,0.750,mm,OK,--,9:41:31 AM,6/21/2025,
210,54.4,gf,0.755,mm,OK,--,9:41:31 AM,6/21/2025,
211,54.5,gf,0.760,mm,OK,--,9:41:31 AM,6/21/2025,
212,54.6,gf,0.765,mm,OK,--,9:41:31 AM,6/21/2025,
213,54.4,gf,0.770,mm,OK,--,9:41:31 AM,6/21/2025,
214,54.2,gf,0.775,mm,OK,--,9:41:31 AM,6/21/2025,
215,54.3,gf,0.775,mm,OK,--,9:41:31 AM,6/21/2025,
216,54.3,gf,0.780,mm,OK,--,9:41:31 AM,6/21/2025,
217,54.2,gf,0.785,mm,OK,--,9:41:32 AM,6/21/2025,
218,54.1,gf,0.790,mm,OK,--,9:41:32 AM,6/21/2025,
219,54.1,gf,0.795,mm,OK,--,9:41:32 AM,6/21/2025,
220,54.2,gf,0.795,mm,OK,--,9:41:32 AM,6/21/2025,
221,54.2,gf,0.800,mm,OK,--,9:41:32 AM,6/21/2025,
222,54.2,gf,0.810,mm,OK,--,9:41:32 AM,6/21/2025,
223,54.2,gf,0.815,mm,OK,--,9:41:32 AM,6/21/2025,
224,54.2,gf,0.820,mm,OK,--,9:41:32 AM,6/21/2025,
225,54.2,gf,0.825,mm,OK,--,9:41:32 AM,6/21/2025,
226,54.1,gf,0.830,mm,OK,--,9:41:32 AM,6/21/2025,
227,54.1,gf,0.835,mm,OK,--,9:41:33 AM,6/21/2025,
228,54.1,gf,0.840,mm,OK,--,9:41:33 AM,6/21/2025,
229,54.0,gf,0.845,mm,OK,--,9:41:33 AM,6/21/2025,
230,53.8,gf,0.850,mm,OK,--,9:41:33 AM,6/21/2025,
231,53.8,gf,0.855,mm,OK,--,9:41:33 AM,6/21/2025,
232,53.8,gf,0.865,mm,OK,--,9:41:33 AM,6/21/2025,
233,53.5,gf,0.870,mm,OK,--,9:41:33 AM,6/21/2025,
234,53.5,gf,0.875,mm,OK,--,9:41:33 AM,6/21/2025,
235,53.4,gf,0.880,mm,OK,--,9:41:33 AM,6/21/2025,
236,53.2,gf,0.885,mm,OK,--,9:41:33 AM,6/21/2025,
237,53.3,gf,0.885,mm,OK,--,9:41:34 AM,6/21/2025,
238,53.3,gf,0.890,mm,OK,--,9:41:34 AM,6/21/2025,
239,53.3,gf,0.895,mm,OK,--,9:41:34 AM,6/21/2025,
240,53.1,gf,0.900,mm,OK,--,9:41:34 AM,6/21/2025,
241,53.1,gf,0.905,mm,OK,--,9:41:34 AM,6/21/2025,
242,53.1,gf,0.910,mm,OK,--,9:41:34 AM,6/21/2025,
243,53.0,gf,0.915,mm,OK,--,9:41:34 AM,6/21/2025,
244,52.9,gf,0.920,mm,OK,--,9:41:34 AM,6/21/2025,
245,52.8,gf,0.920,mm,OK,--,9:41:34 AM,6/21/2025,
246,52.8,gf,0.925,mm,OK,--,9:41:34 AM,6/21/2025,
247,52.8,gf,0.930,mm,OK,--,9:41:35 AM,6/21/2025,
248,52.7,gf,0.935,mm,OK,--,9:41:35 AM,6/21/2025,
249,52.6,gf,0.940,mm,OK,--,9:41:35 AM,6/21/2025,
250,52.6,gf,0.945,mm,OK,--,9:41:35 AM,6/21/2025,
251,52.5,gf,0.950,mm,OK,--,9:41:35 AM,6/21/2025,
252,52.4,gf,0.950,mm,OK,--,9:41:35 AM,6/21/2025,
253,52.5,gf,0.955,mm,OK,--,9:41:35 AM,6/21/2025,
254,52.5,gf,0.960,mm,OK,--,9:41:35 AM,6/21/2025,
255,52.5,gf,0.965,mm,OK,--,9:41:35 AM,6/21/2025,
256,52.6,gf,0.970,mm,OK,--,9:41:35 AM,6/21/2025,
257,52.5,gf,0.975,mm,OK,--,9:41:36 AM,6/21/2025,
258,52.6,gf,0.980,mm,OK,--,9:41:36 AM,6/21/2025,
259,52.5,gf,0.985,mm,OK,--,9:41:36 AM,6/21/2025,
260,52.6,gf,0.985,mm,OK,--,9:41:36 AM,6/21/2025,
261,52.7,gf,0.990,mm,OK,--,9:41:36 AM,6/21/2025,
262,52.7,gf,0.995,mm,OK,--,9:41:36 AM,6/21/2025,
263,52.7,gf,1.000,mm,OK,--,9:41:36 AM,6/21/2025,
264,52.6,gf,1.005,mm,OK,--,9:41:36 AM,6/21/2025,
265,52.6,gf,1.010,mm,OK,--,9:41:36 AM,6/21/2025,
266,52.6,gf,1.010,mm,OK,--,9:41:36 AM,6/21/2025,
267,52.5,gf,1.015,mm,OK,--,9:41:37 AM,6/21/2025,
268,52.5,gf,1.020,mm,OK,--,9:41:37 AM,6/21/2025,
269,52.4,gf,1.025,mm,OK,--,9:41:37 AM,6/21/2025,
270,52.4,gf,1.030,mm,OK,--,9:41:37 AM,6/21/2025,
271,52.4,gf,1.035,mm,OK,--,9:41:37 AM,6/21/2025,
272,52.4,gf,1.045,mm,OK,--,9:41:37 AM,6/21/2025,
273,52.2,gf,1.050,mm,OK,--,9:41:37 AM,6/21/2025,
274,52.0,gf,1.060,mm,OK,--,9:41:37 AM,6/21/2025,
275,51.8,gf,1.065,mm,OK,--,9:41:37 AM,6/21/2025,
276,51.6,gf,1.075,mm,OK,--,9:41:37 AM,6/21/2025,
277,51.4,gf,1.080,mm,OK,--,9:41:38 AM,6/21/2025,
278,51.4,gf,1.090,mm,OK,--,9:41:38 AM,6/21/2025,
279,51.6,gf,1.100,mm,OK,--,9:41:38 AM,6/21/2025,
280,51.3,gf,1.110,mm,OK,--,9:41:38 AM,6/21/2025,
281,51.2,gf,1.115,mm,OK,--,9:41:38 AM,6/21/2025,
282,51.3,gf,1.125,mm,OK,--,9:41:38 AM,6/21/2025,
283,51.3,gf,1.130,mm,OK,--,9:41:38 AM,6/21/2025,
284,51.2,gf,1.140,mm,OK,--,9:41:38 AM,6/21/2025,
285,51.2,gf,1.145,mm,OK,--,9:41:38 AM,6/21/2025,
286,51.2,gf,1.155,mm,OK,--,9:41:38 AM,6/21/2025,
287,51.3,gf,1.160,mm,OK,--,9:41:39 AM,6/21/2025,
288,51.3,gf,1.170,mm,OK,--,9:41:39 AM,6/21/2025,
289,51.2,gf,1.185,mm,OK,--,9:41:39 AM,6/21/2025,
290,51.0,gf,1.195,mm,OK,--,9:41:39 AM,6/21/2025,
291,50.8,gf,1.200,mm,OK,--,9:41:39 AM,6/21/2025,
292,50.7,gf,1.210,mm,OK,--,9:41:39 AM,6/21/2025,
293,50.8,gf,1.215,mm,OK,--,9:41:39 AM,6/21/2025,
294,50.8,gf,1.220,mm,OK,--,9:41:39 AM,6/21/2025,
295,50.8,gf,1.230,mm,OK,--,9:41:39 AM,6/21/2025,
296,50.7,gf,1.235,mm,OK,--,9:41:39 AM,6/21/2025,
297,50.7,gf,1.245,mm,OK,--,9:41:40 AM,6/21/2025,
298,50.6,gf,1.250,mm,OK,--,9:41:40 AM,6/21/2025,
299,50.6,gf,1.255,mm,OK,--,9:41:40 AM,6/21/2025,
300,50.5,gf,1.260,mm,OK,--,9:41:40 AM,6/21/2025,
301,50.3,gf,1.265,mm,OK,--,9:41:40 AM,6/21/2025,
302,50.3,gf,1.270,mm,OK,--,9:41:40 AM,6/21/2025,
303,50.2,gf,1.275,mm,OK,--,9:41:40 AM,6/21/2025,
304,50.1,gf,1.275,mm,OK,--,9:41:40 AM,6/21/2025,
305,50.1,gf,1.280,mm,OK,--,9:41:40 AM,6/21/2025,
306,50.1,gf,1.285,mm,OK,--,9:41:40 AM,6/21/2025,
307,50.0,gf,1.290,mm,OK,--,9:41:41 AM,6/21/2025,
308,50.0,gf,1.290,mm,OK,--,9:41:41 AM,6/21/2025,
309,50.1,gf,1.295,mm,OK,--,9:41:41 AM,6/21/2025,
310,50.1,gf,1.300,mm,OK,--,9:41:41 AM,6/21/2025,
311,49.8,gf,1.305,mm,OK,--,9:41:41 AM,6/21/2025,
312,49.7,gf,1.310,mm,OK,--,9:41:41 AM,6/21/2025,
313,49.7,gf,1.310,mm,OK,--,9:41:41 AM,6/21/2025,
314,49.6,gf,1.315,mm,OK,--,9:41:41 AM,6/21/2025,
315,49.6,gf,1.315,mm,OK,--,9:41:41 AM,6/21/2025,
316,49.5,gf,1.320,mm,OK,--,9:41:41 AM,6/21/2025,
317,49.5,gf,1.325,mm,OK,--,9:41:42 AM,6/21/2025,
318,49.6,gf,1.325,mm,OK,--,9:41:42 AM,6/21/2025,
319,49.7,gf,1.330,mm,OK,--,9:41:42 AM,6/21/2025,
320,49.6,gf,1.335,mm,OK,--,9:41:42 AM,6/21/2025,
321,49.5,gf,1.340,mm,OK,--,9:41:42 AM,6/21/2025,
322,49.4,gf,1.340,mm,OK,--,9:41:42 AM,6/21/2025,
323,49.4,gf,1.345,mm,OK,--,9:41:42 AM,6/21/2025,
324,49.4,gf,1.345,mm,OK,--,9:41:42 AM,6/21/2025,
325,49.3,gf,1.345,mm,OK,--,9:41:42 AM,6/21/2025,
326,49.2,gf,1.350,mm,OK,--,9:41:42 AM,6/21/2025,
327,49.3,gf,1.350,mm,OK,--,9:41:43 AM,6/21/2025,
328,49.3,gf,1.350,mm,OK,--,9:41:43 AM,6/21/2025,
329,49.3,gf,1.355,mm,OK,--,9:41:43 AM,6/21/2025,
330,49.3,gf,1.355,mm,OK,--,9:41:43 AM,6/21/2025,
331,49.3,gf,1.360,mm,OK,--,9:41:43 AM,6/21/2025,
332,49.3,gf,1.360,mm,OK,--,9:41:43 AM,6/21/2025,
333,49.2,gf,1.360,mm,OK,--,9:41:43 AM,6/21/2025,
334,49.2,gf,1.365,mm,OK,--,9:41:43 AM,6/21/2025,
335,49.0,gf,1.365,mm,OK,--,9:41:43 AM,6/21/2025,
336,49.1,gf,1.365,mm,OK,--,9:41:43 AM,6/21/2025,
337,49.0,gf,1.370,mm,OK,--,9:41:44 AM,6/21/2025,
338,48.9,gf,1.370,mm,OK,--,9:41:44 AM,6/21/2025,
339,48.9,gf,1.370,mm,OK,--,9:41:44 AM,6/21/2025,
340,48.8,gf,1.370,mm,OK,--,9:41:44 AM,6/21/2025,
341,48.8,gf,1.370,mm,OK,--,9:41:44 AM,6/21/2025,
342,48.8,gf,1.375,mm,OK,--,9:41:44 AM,6/21/2025,
343,48.8,gf,1.375,mm,OK,--,9:41:44 AM,6/21/2025,
344,49.0,gf,1.375,mm,OK,--,9:41:44 AM,6/21/2025,
345,49.0,gf,1.375,mm,OK,--,9:41:44 AM,6/21/2025,
346,49.0,gf,1.380,mm,OK,--,9:41:44 AM,6/21/2025,
347,49.0,gf,1.380,mm,OK,--,9:41:45 AM,6/21/2025,
348,49.0,gf,1.380,mm,OK,--,9:41:45 AM,6/21/2025,
349,48.9,gf,1.380,mm,OK,--,9:41:45 AM,6/21/2025,
350,48.9,gf,1.385,mm,OK,--,9:41:45 AM,6/21/2025,
351,48.9,gf,1.385,mm,OK,--,9:41:45 AM,6/21/2025,
352,48.9,gf,1.385,mm,OK,--,9:41:45 AM,6/21/2025,
353,48.9,gf,1.385,mm,OK,--,9:41:45 AM,6/21/2025,
354,48.9,gf,1.390,mm,OK,--,9:41:45 AM,6/21/2025,
355,48.6,gf,1.390,mm,OK,--,9:41:45 AM,6/21/2025,
356,48.7,gf,1.390,mm,OK,--,9:41:45 AM,6/21/2025,
357,49.1,gf,1.390,mm,OK,--,9:41:46 AM,6/21/2025,
358,49.3,gf,1.395,mm,OK,--,9:41:46 AM,6/21/2025,
359,49.2,gf,1.395,mm,OK,--,9:41:46 AM,6/21/2025,
360,49.2,gf,1.400,mm,OK,--,9:41:46 AM,6/21/2025,
361,49.5,gf,1.405,mm,OK,--,9:41:46 AM,6/21/2025,
362,49.2,gf,1.410,mm,OK,--,9:41:46 AM,6/21/2025,
363,49.3,gf,1.410,mm,OK,--,9:41:46 AM,6/21/2025,
364,49.2,gf,1.415,mm,OK,--,9:41:46 AM,6/21/2025,
365,49.2,gf,1.420,mm,OK,--,9:41:46 AM,6/21/2025,
366,49.1,gf,1.420,mm,OK,--,9:41:46 AM,6/21/2025,
367,49.0,gf,1.425,mm,OK,--,9:41:47 AM,6/21/2025,
368,49.2,gf,1.430,mm,OK,--,9:41:47 AM,6/21/2025,
369,49.0,gf,1.435,mm,OK,--,9:41:47 AM,6/21/2025,
370,49.0,gf,1.435,mm,OK,--,9:41:47 AM,6/21/2025,
371,48.8,gf,1.440,mm,OK,--,9:41:47 AM,6/21/2025,
372,48.6,gf,1.445,mm,OK,--,9:41:47 AM,6/21/2025,
373,48.8,gf,1.450,mm,OK,--,9:41:47 AM,6/21/2025,
374,48.6,gf,1.455,mm,OK,--,9:41:47 AM,6/21/2025,
375,48.6,gf,1.460,mm,OK,--,9:41:47 AM,6/21/2025,
376,48.5,gf,1.465,mm,OK,--,9:41:47 AM,6/21/2025,
377,48.3,gf,1.470,mm,OK,--,9:41:48 AM,6/21/2025,
378,48.2,gf,1.475,mm,OK,--,9:41:48 AM,6/21/2025,
379,48.1,gf,1.480,mm,OK,--,9:41:48 AM,6/21/2025,
380,48.0,gf,1.485,mm,OK,--,9:41:48 AM,6/21/2025,
381,48.0,gf,1.495,mm,OK,--,9:41:48 AM,6/21/2025,
382,47.8,gf,1.500,mm,OK,--,9:41:48 AM,6/21/2025,
383,47.7,gf,1.505,mm,OK,--,9:41:48 AM,6/21/2025,
384,47.5,gf,1.515,mm,OK,--,9:41:48 AM,6/21/2025,
385,47.3,gf,1.520,mm,OK,--,9:41:48 AM,6/21/2025,
386,47.3,gf,1.525,mm,OK,--,9:41:48 AM,6/21/2025,
387,47.3,gf,1.525,mm,OK,--,9:41:49 AM,6/21/2025,
388,47.4,gf,1.535,mm,OK,--,9:41:49 AM,6/21/2025,
389,47.3,gf,1.540,mm,OK,--,9:41:49 AM,6/21/2025,
390,47.4,gf,1.550,mm,OK,--,9:41:49 AM,6/21/2025,
391,47.2,gf,1.555,mm,OK,--,9:41:49 AM,6/21/2025,
392,47.0,gf,1.565,mm,OK,--,9:41:49 AM,6/21/2025,
393,46.8,gf,1.575,mm,OK,--,9:41:49 AM,6/21/2025,
394,46.4,gf,1.580,mm,OK,--,9:41:49 AM,6/21/2025,
395,46.2,gf,1.585,mm,OK,--,9:41:49 AM,6/21/2025,
396,46.3,gf,1.590,mm,OK,--,9:41:49 AM,6/21/2025,
397,46.1,gf,1.595,mm,OK,--,9:41:50 AM,6/21/2025,
398,46.0,gf,1.600,mm,OK,--,9:41:50 AM,6/21/2025,
399,46.0,gf,1.605,mm,OK,--,9:41:50 AM,6/21/2025,
400,46.1,gf,1.610,mm,OK,--,9:41:50 AM,6/21/2025,
401,46.0,gf,1.620,mm,OK,--,9:41:50 AM,6/21/2025,
402,45.8,gf,1.625,mm,OK,--,9:41:50 AM,6/21/2025,
403,45.8,gf,1.630,mm,OK,--,9:41:50 AM,6/21/2025,
404,45.7,gf,1.635,mm,OK,--,9:41:50 AM,6/21/2025,
405,45.6,gf,1.640,mm,OK,--,9:41:50 AM,6/21/2025,
406,45.5,gf,1.645,mm,OK,--,9:41:50 AM,6/21/2025,
407,45.4,gf,1.650,mm,OK,--,9:41:51 AM,6/21/2025,
408,45.4,gf,1.650,mm,OK,--,9:41:51 AM,6/21/2025,
409,45.5,gf,1.655,mm,OK,--,9:41:51 AM,6/21/2025,
410,45.5,gf,1.660,mm,OK,--,9:41:51 AM,6/21/2025,
411,45.4,gf,1.665,mm,OK,--,9:41:51 AM,6/21/2025,
412,45.3,gf,1.670,mm,OK,--,9:41:51 AM,6/21/2025,
413,45.1,gf,1.675,mm,OK,--,9:41:51 AM,6/21/2025,
414,45.0,gf,1.675,mm,OK,--,9:41:51 AM,6/21/2025,
415,45.0,gf,1.680,mm,OK,--,9:41:51 AM,6/21/2025,
416,45.2,gf,1.680,mm,OK,--,9:41:51 AM,6/21/2025,
417,45.2,gf,1.685,mm,OK,--,9:41:52 AM,6/21/2025,
418,45.0,gf,1.690,mm,OK,--,9:41:52 AM,6/21/2025,
419,44.9,gf,1.695,mm,OK,--,9:41:52 AM,6/21/2025,
420,44.8,gf,1.700,mm,OK,--,9:41:52 AM,6/21/2025,
421,44.9,gf,1.700,mm,OK,--,9:41:52 AM,6/21/2025,
422,45.0,gf,1.705,mm,OK,--,9:41:52 AM,6/21/2025,
423,44.9,gf,1.710,mm,OK,--,9:41:52 AM,6/21/2025,
424,44.8,gf,1.715,mm,OK,--,9:41:52 AM,6/21/2025,
425,44.5,gf,1.715,mm,OK,--,9:41:52 AM,6/21/2025,
426,44.4,gf,1.720,mm,OK,--,9:41:52 AM,6/21/2025,
427,44.4,gf,1.725,mm,OK,--,9:41:53 AM,6/21/2025,
428,44.2,gf,1.730,mm,OK,--,9:41:53 AM,6/21/2025,
429,44.1,gf,1.735,mm,OK,--,9:41:53 AM,6/21/2025,
430,44.0,gf,1.740,mm,OK,--,9:41:53 AM,6/21/2025,
431,44.1,gf,1.745,mm,OK,--,9:41:53 AM,6/21/2025,
432,44.0,gf,1.750,mm,OK,--,9:41:53 AM,6/21/2025,
433,43.8,gf,1.755,mm,OK,--,9:41:53 AM,6/21/2025,
434,43.6,gf,1.760,mm,OK,--,9:41:53 AM,6/21/2025,
435,43.3,gf,1.765,mm,OK,--,9:41:53 AM,6/21/2025,
436,43.3,gf,1.770,mm,OK,--,9:41:53 AM,6/21/2025,
437,43.3,gf,1.775,mm,OK,--,9:41:54 AM,6/21/2025,
438,43.1,gf,1.775,mm,OK,--,9:41:54 AM,6/21/2025,
439,43.2,gf,1.780,mm,OK,--,9:41:54 AM,6/21/2025,
440,43.1,gf,1.785,mm,OK,--,9:41:54 AM,6/21/2025,
441,43.1,gf,1.785,mm,OK,--,9:41:54 AM,6/21/2025,
442,43.0,gf,1.790,mm,OK,--,9:41:54 AM,6/21/2025,
443,43.0,gf,1.795,mm,OK,--,9:41:54 AM,6/21/2025,
444,42.9,gf,1.795,mm,OK,--,9:41:54 AM,6/21/2025,
445,42.8,gf,1.800,mm,OK,--,9:41:54 AM,6/21/2025,
446,42.9,gf,1.805,mm,OK,--,9:41:54 AM,6/21/2025,
447,42.9,gf,1.810,mm,OK,--,9:41:55 AM,6/21/2025,
448,42.9,gf,1.810,mm,OK,--,9:41:55 AM,6/21/2025,
449,42.9,gf,1.815,mm,OK,--,9:41:55 AM,6/21/2025,
450,43.0,gf,1.820,mm,OK,--,9:41:55 AM,6/21/2025,
451,42.9,gf,1.825,mm,OK,--,9:41:55 AM,6/21/2025,
452,42.8,gf,1.830,mm,OK,--,9:41:55 AM,6/21/2025,
453,42.8,gf,1.830,mm,OK,--,9:41:55 AM,6/21/2025,
454,42.7,gf,1.835,mm,OK,--,9:41:55 AM,6/21/2025,
455,42.7,gf,1.835,mm,OK,--,9:41:55 AM,6/21/2025,
456,42.8,gf,1.840,mm,OK,--,9:41:55 AM,6/21/2025,
457,42.8,gf,1.845,mm,OK,--,9:41:56 AM,6/21/2025,
458,42.8,gf,1.850,mm,OK,--,9:41:56 AM,6/21/2025,
459,42.8,gf,1.850,mm,OK,--,9:41:56 AM,6/21/2025,
460,42.7,gf,1.855,mm,OK,--,9:41:56 AM,6/21/2025,
461,42.7,gf,1.860,mm,OK,--,9:41:56 AM,6/21/2025,
462,42.7,gf,1.865,mm,OK,--,9:41:56 AM,6/21/2025,
463,42.7,gf,1.870,mm,OK,--,9:41:56 AM,6/21/2025,
464,42.7,gf,1.875,mm,OK,--,9:41:56 AM,6/21/2025,
465,42.5,gf,1.880,mm,OK,--,9:41:56 AM,6/21/2025,
466,42.5,gf,1.885,mm,OK,--,9:41:56 AM,6/21/2025,
467,42.7,gf,1.890,mm,OK,--,9:41:57 AM,6/21/2025,
468,42.5,gf,1.895,mm,OK,--,9:41:57 AM,6/21/2025,
469,42.3,gf,1.905,mm,OK,--,9:41:57 AM,6/21/2025,
470,42.0,gf,1.905,mm,OK,--,9:41:57 AM,6/21/2025,
471,42.2,gf,1.915,mm,OK,--,9:41:57 AM,6/21/2025,
472,41.7,gf,1.925,mm,OK,--,9:41:57 AM,6/21/2025,
473,41.3,gf,1.930,mm,OK,--,9:41:57 AM,6/21/2025,
474,41.1,gf,1.935,mm,OK,--,9:41:57 AM,6/21/2025,
475,41.1,gf,1.940,mm,OK,--,9:41:57 AM,6/21/2025,
476,41.1,gf,1.945,mm,OK,--,9:41:57 AM,6/21/2025,
477,41.1,gf,1.950,mm,OK,--,9:41:58 AM,6/21/2025,
478,40.8,gf,1.955,mm,OK,--,9:41:58 AM,6/21/2025,
479,40.6,gf,1.960,mm,OK,--,9:41:58 AM,6/21/2025,
480,40.6,gf,1.965,mm,OK,--,9:41:58 AM,6/21/2025,
481,40.5,gf,1.970,mm,OK,--,9:41:58 AM,6/21/2025,
482,40.2,gf,1.980,mm,OK,--,9:41:58 AM,6/21/2025,
483,39.9,gf,1.985,mm,OK,--,9:41:58 AM,6/21/2025,
484,39.8,gf,1.995,mm,OK,--,9:41:58 AM,6/21/2025,
485,39.7,gf,2.000,mm,OK,--,9:41:58 AM,6/21/2025,
486,39.5,gf,2.010,mm,OK,--,9:41:58 AM,6/21/2025,
487,39.4,gf,2.015,mm,OK,--,9:41:59 AM,6/21/2025,
488,39.2,gf,2.020,mm,OK,--,9:41:59 AM,6/21/2025,
489,39.1,gf,2.025,mm,OK,--,9:41:59 AM,6/21/2025,
490,39.0,gf,2.030,mm,OK,--,9:41:59 AM,6/21/2025,
491,39.0,gf,2.030,mm,OK,--,9:41:59 AM,6/21/2025,
492,39.2,gf,2.035,mm,OK,--,9:41:59 AM,6/21/2025,
493,39.0,gf,2.035,mm,OK,--,9:41:59 AM,6/21/2025,
494,39.0,gf,2.040,mm,OK,--,9:41:59 AM,6/21/2025,
495,39.1,gf,2.045,mm,OK,--,9:41:59 AM,6/21/2025,
496,39.3,gf,2.050,mm,OK,--,9:41:59 AM,6/21/2025,
497,39.1,gf,2.055,mm,OK,--,9:42:00 AM,6/21/2025,
498,39.2,gf,2.060,mm,OK,--,9:42:00 AM,6/21/2025,
499,39.1,gf,2.065,mm,OK,--,9:42:00 AM,6/21/2025,
500,39.0,gf,2.065,mm,OK,--,9:42:00 AM,6/21/2025,
501,39.3,gf,2.070,mm,OK,--,9:42:00 AM,6/21/2025,
502,39.3,gf,2.075,mm,OK,--,9:42:00 AM,6/21/2025,
503,39.0,gf,2.080,mm,OK,--,9:42:00 AM,6/21/2025,
504,38.8,gf,2.085,mm,OK,--,9:42:00 AM,6/21/2025,
505,38.6,gf,2.090,mm,OK,--,9:42:00 AM,6/21/2025,
506,38.6,gf,2.095,mm,OK,--,9:42:00 AM,6/21/2025,
507,38.4,gf,2.100,mm,OK,--,9:42:01 AM,6/21/2025,
508,38.5,gf,2.105,mm,OK,--,9:42:01 AM,6/21/2025,
509,38.7,gf,2.105,mm,OK,--,9:42:01 AM,6/21/2025,
510,38.8,gf,2.110,mm,OK,--,9:42:01 AM,6/21/2025,
511,38.7,gf,2.115,mm,OK,--,9:42:01 AM,6/21/2025,
512,38.7,gf,2.120,mm,OK,--,9:42:01 AM,6/21/2025,
513,38.6,gf,2.125,mm,OK,--,9:42:01 AM,6/21/2025,
514,38.6,gf,2.130,mm,OK,--,9:42:01 AM,6/21/2025,
515,38.6,gf,2.135,mm,OK,--,9:42:01 AM,6/21/2025,
516,38.5,gf,2.140,mm,OK,--,9:42:01 AM,6/21/2025,
517,38.6,gf,2.145,mm,OK,--,9:42:02 AM,6/21/2025,
518,38.8,gf,2.145,mm,OK,--,9:42:02 AM,6/21/2025,
519,39.0,gf,2.150,mm,OK,--,9:42:02 AM,6/21/2025,
520,39.1,gf,2.160,mm,OK,--,9:42:02 AM,6/21/2025,
521,39.0,gf,2.165,mm,OK,--,9:42:02 AM,6/21/2025,
522,38.9,gf,2.165,mm,OK,--,9:42:02 AM,6/21/2025,
523,38.8,gf,2.170,mm,OK,--,9:42:02 AM,6/21/2025,
524,38.8,gf,2.170,mm,OK,--,9:42:02 AM,6/21/2025,
525,39.0,gf,2.175,mm,OK,--,9:42:02 AM,6/21/2025,
526,39.1,gf,2.180,mm,OK,--,9:42:02 AM,6/21/2025,
527,39.1,gf,2.180,mm,OK,--,9:42:03 AM,6/21/2025,
528,39.1,gf,2.185,mm,OK,--,9:42:03 AM,6/21/2025,
529,39.2,gf,2.185,mm,OK,--,9:42:03 AM,6/21/2025,
530,39.4,gf,2.185,mm,OK,--,9:42:03 AM,6/21/2025,
531,39.9,gf,2.195,mm,OK,--,9:42:03 AM,6/21/2025,
532,39.6,gf,2.200,mm,OK,--,9:42:03 AM,6/21/2025,
533,39.5,gf,2.205,mm,OK,--,9:42:03 AM,6/21/2025,
534,39.4,gf,2.210,mm,OK,--,9:42:03 AM,6/21/2025,
535,39.4,gf,2.215,mm,OK,--,9:42:03 AM,6/21/2025,
536,39.4,gf,2.220,mm,OK,--,9:42:03 AM,6/21/2025,
537,39.3,gf,2.225,mm,OK,--,9:42:04 AM,6/21/2025,
538,39.4,gf,2.230,mm,OK,--,9:42:04 AM,6/21/2025,
539,39.4,gf,2.230,mm,OK,--,9:42:04 AM,6/21/2025,
540,39.4,gf,2.235,mm,OK,--,9:42:04 AM,6/21/2025,
541,39.5,gf,2.235,mm,OK,--,9:42:04 AM,6/21/2025,
542,39.5,gf,2.240,mm,OK,--,9:42:04 AM,6/21/2025,
543,39.7,gf,2.245,mm,OK,--,9:42:04 AM,6/21/2025,
544,39.8,gf,2.250,mm,OK,--,9:42:04 AM,6/21/2025,
545,39.8,gf,2.255,mm,OK,--,9:42:04 AM,6/21/2025,
546,39.6,gf,2.255,mm,OK,--,9:42:04 AM,6/21/2025,
547,39.7,gf,2.260,mm,OK,--,9:42:05 AM,6/21/2025,
548,39.7,gf,2.265,mm,OK,--,9:42:05 AM,6/21/2025,
549,39.6,gf,2.270,mm,OK,--,9:42:05 AM,6/21/2025,
550,39.7,gf,2.270,mm,OK,--,9:42:05 AM,6/21/2025,
551,39.6,gf,2.270,mm,OK,--,9:42:05 AM,6/21/2025,
552,39.6,gf,2.275,mm,OK,--,9:42:05 AM,6/21/2025,
553,39.7,gf,2.275,mm,OK,--,9:42:05 AM,6/21/2025,
554,40.0,gf,2.280,mm,OK,--,9:42:05 AM,6/21/2025,
555,40.2,gf,2.285,mm,OK,--,9:42:05 AM,6/21/2025,
556,40.0,gf,2.285,mm,OK,--,9:42:05 AM,6/21/2025,
557,39.7,gf,2.290,mm,OK,--,9:42:06 AM,6/21/2025,
558,40.2,gf,2.290,mm,OK,--,9:42:06 AM,6/21/2025,
559,40.5,gf,2.295,mm,OK,--,9:42:06 AM,6/21/2025,
560,40.3,gf,2.305,mm,OK,--,9:42:06 AM,6/21/2025,
561,40.6,gf,2.310,mm,OK,--,9:42:06 AM,6/21/2025,
562,40.6,gf,2.320,mm,OK,--,9:42:06 AM,6/21/2025,
563,40.7,gf,2.330,mm,OK,--,9:42:06 AM,6/21/2025,
564,40.6,gf,2.345,mm,OK,--,9:42:06 AM,6/21/2025,
565,40.4,gf,2.350,mm,OK,--,9:42:06 AM,6/21/2025,
566,40.5,gf,2.360,mm,OK,--,9:42:06 AM,6/21/2025,
567,40.2,gf,2.365,mm,OK,--,9:42:07 AM,6/21/2025,
568,40.4,gf,2.370,mm,OK,--,9:42:07 AM,6/21/2025,
569,40.3,gf,2.370,mm,OK,--,9:42:07 AM,6/21/2025,
570,40.3,gf,2.375,mm,OK,--,9:42:07 AM,6/21/2025,
571,40.4,gf,2.380,mm,OK,--,9:42:07 AM,6/21/2025,
572,40.3,gf,2.385,mm,OK,--,9:42:07 AM,6/21/2025,
573,40.6,gf,2.390,mm,OK,--,9:42:07 AM,6/21/2025,
574,40.5,gf,2.395,mm,OK,--,9:42:07 AM,6/21/2025,
575,40.4,gf,2.400,mm,OK,--,9:42:07 AM,6/21/2025,
576,40.2,gf,2.400,mm,OK,--,9:42:07 AM,6/21/2025,
577,40.5,gf,2.405,mm,OK,--,9:42:08 AM,6/21/2025,
578,40.6,gf,2.405,mm,OK,--,9:42:08 AM,6/21/2025,
579,40.7,gf,2.410,mm,OK,--,9:42:08 AM,6/21/2025,
580,40.8,gf,2.415,mm,OK,--,9:42:08 AM,6/21/2025,
581,40.9,gf,2.420,mm,OK,--,9:42:08 AM,6/21/2025,
582,40.8,gf,2.425,mm,OK,--,9:42:08 AM,6/21/2025,
583,40.9,gf,2.430,mm,OK,--,9:42:08 AM,6/21/2025,
584,41.1,gf,2.440,mm,OK,--,9:42:08 AM,6/21/2025,
585,41.2,gf,2.450,mm,OK,--,9:42:08 AM,6/21/2025,
586,41.3,gf,2.455,mm,OK,--,9:42:08 AM,6/21/2025,
587,41.2,gf,2.465,mm,OK,--,9:42:09 AM,6/21/2025,
588,41.5,gf,2.475,mm,OK,--,9:42:09 AM,6/21/2025,
589,41.3,gf,2.480,mm,OK,--,9:42:09 AM,6/21/2025,
590,41.3,gf,2.490,mm,OK,--,9:42:09 AM,6/21/2025,
591,41.4,gf,2.495,mm,OK,--,9:42:09 AM,6/21/2025,
592,41.4,gf,2.500,mm,OK,--,9:42:09 AM,6/21/2025,
593,41.5,gf,2.510,mm,OK,--,9:42:09 AM,6/21/2025,
594,41.5,gf,2.515,mm,OK,--,9:42:09 AM,6/21/2025,
595,41.3,gf,2.525,mm,OK,--,9:42:09 AM,6/21/2025,
596,41.4,gf,2.530,mm,OK,--,9:42:09 AM,6/21/2025,
597,41.4,gf,2.535,mm,OK,--,9:42:10 AM,6/21/2025,
598,41.5,gf,2.540,mm,OK,--,9:42:10 AM,6/21/2025,
599,41.5,gf,2.550,mm,OK,--,9:42:10 AM,6/21/2025,
600,41.4,gf,2.555,mm,OK,--,9:42:10 AM,6/21/2025,
601,41.3,gf,2.560,mm,OK,--,9:42:10 AM,6/21/2025,
602,41.5,gf,2.565,mm,OK,--,9:42:10 AM,6/21/2025,
603,41.4,gf,2.565,mm,OK,--,9:42:10 AM,6/21/2025,
604,41.8,gf,2.575,mm,OK,--,9:42:10 AM,6/21/2025,
605,41.8,gf,2.580,mm,OK,--,9:42:10 AM,6/21/2025,
606,41.8,gf,2.585,mm,OK,--,9:42:10 AM,6/21/2025,
607,41.7,gf,2.590,mm,OK,--,9:42:11 AM,6/21/2025,
608,42.0,gf,2.595,mm,OK,--,9:42:11 AM,6/21/2025,
609,41.7,gf,2.600,mm,OK,--,9:42:11 AM,6/21/2025,
610,41.7,gf,2.605,mm,OK,--,9:42:11 AM,6/21/2025,
611,41.8,gf,2.610,mm,OK,--,9:42:11 AM,6/21/2025,
612,41.8,gf,2.610,mm,OK,--,9:42:11 AM,6/21/2025,
613,41.9,gf,2.615,mm,OK,--,9:42:11 AM,6/21/2025,
614,42.0,gf,2.615,mm,OK,--,9:42:11 AM,6/21/2025,
615,42.3,gf,2.620,mm,OK,--,9:42:11 AM,6/21/2025,
616,42.5,gf,2.625,mm,OK,--,9:42:11 AM,6/21/2025,
617,42.3,gf,2.630,mm,OK,--,9:42:12 AM,6/21/2025,
618,42.3,gf,2.635,mm,OK,--,9:42:12 AM,6/21/2025,
619,42.3,gf,2.640,mm,OK,--,9:42:12 AM,6/21/2025,
620,42.6,gf,2.645,mm,OK,--,9:42:12 AM,6/21/2025,
621,42.6,gf,2.655,mm,OK,--,9:42:12 AM,6/21/2025,
622,42.8,gf,2.660,mm,OK,--,9:42:12 AM,6/21/2025,
623,43.1,gf,2.670,mm,OK,--,9:42:12 AM,6/21/2025,
624,43.0,gf,2.680,mm,OK,--,9:42:12 AM,6/21/2025,
625,43.1,gf,2.690,mm,OK,--,9:42:12 AM,6/21/2025,
626,43.4,gf,2.700,mm,OK,--,9:42:12 AM,6/21/2025,
627,43.9,gf,2.710,mm,OK,--,9:42:13 AM,6/21/2025,
628,44.4,gf,2.720,mm,OK,--,9:42:13 AM,6/21/2025,
629,44.6,gf,2.730,mm,OK,--,9:42:13 AM,6/21/2025,
630,44.8,gf,2.740,mm,OK,--,9:42:13 AM,6/21/2025,
631,45.1,gf,2.745,mm,OK,--,9:42:13 AM,6/21/2025,
632,45.2,gf,2.750,mm,OK,--,9:42:13 AM,6/21/2025,
633,45.3,gf,2.755,mm,OK,--,9:42:13 AM,6/21/2025,
634,45.5,gf,2.760,mm,OK,--,9:42:13 AM,6/21/2025,
635,45.7,gf,2.760,mm,OK,--,9:42:13 AM,6/21/2025,
636,45.9,gf,2.765,mm,OK,--,9:42:13 AM,6/21/2025,
637,46.2,gf,2.770,mm,OK,--,9:42:14 AM,6/21/2025,
638,46.2,gf,2.775,mm,OK,--,9:42:14 AM,6/21/2025,
639,46.1,gf,2.780,mm,OK,--,9:42:14 AM,6/21/2025,
640,46.0,gf,2.780,mm,OK,--,9:42:14 AM,6/21/2025,
641,46.4,gf,2.780,mm,OK,--,9:42:14 AM,6/21/2025,
642,46.3,gf,2.785,mm,OK,--,9:42:14 AM,6/21/2025,
643,46.2,gf,2.785,mm,OK,--,9:42:14 AM,6/21/2025,
644,46.3,gf,2.785,mm,OK,--,9:42:14 AM,6/21/2025,
645,46.3,gf,2.790,mm,OK,--,9:42:14 AM,6/21/2025,
646,46.4,gf,2.790,mm,OK,--,9:42:14 AM,6/21/2025,
647,46.7,gf,2.790,mm,OK,--,9:42:15 AM,6/21/2025,
648,46.8,gf,2.795,mm,OK,--,9:42:15 AM,6/21/2025,
649,46.8,gf,2.795,mm,OK,--,9:42:15 AM,6/21/2025,
650,46.9,gf,2.800,mm,OK,--,9:42:15 AM,6/21/2025,
651,47.1,gf,2.800,mm,OK,--,9:42:15 AM,6/21/2025,
652,47.1,gf,2.805,mm,OK,--,9:42:15 AM,6/21/2025,
653,47.3,gf,2.810,mm,OK,--,9:42:15 AM,6/21/2025,
654,47.5,gf,2.820,mm,OK,--,9:42:15 AM,6/21/2025,
655,47.6,gf,2.825,mm,OK,--,9:42:15 AM,6/21/2025,
656,47.8,gf,2.830,mm,OK,--,9:42:15 AM,6/21/2025,
657,47.9,gf,2.835,mm,OK,--,9:42:16 AM,6/21/2025,
658,48.1,gf,2.840,mm,OK,--,9:42:16 AM,6/21/2025,
659,48.2,gf,2.845,mm,OK,--,9:42:16 AM,6/21/2025,
660,48.4,gf,2.850,mm,OK,--,9:42:16 AM,6/21/2025,
661,48.7,gf,2.855,mm,OK,--,9:42:16 AM,6/21/2025,
662,48.7,gf,2.865,mm,OK,--,9:42:16 AM,6/21/2025,
663,48.8,gf,2.870,mm,OK,--,9:42:16 AM,6/21/2025,
664,48.7,gf,2.880,mm,OK,--,9:42:16 AM,6/21/2025,
665,48.7,gf,2.885,mm,OK,--,9:42:16 AM,6/21/2025,
666,48.7,gf,2.890,mm,OK,--,9:42:16 AM,6/21/2025,
667,48.7,gf,2.900,mm,OK,--,9:42:17 AM,6/21/2025,
668,48.8,gf,2.905,mm,OK,--,9:42:17 AM,6/21/2025,
669,48.7,gf,2.910,mm,OK,--,9:42:17 AM,6/21/2025,
670,48.7,gf,2.915,mm,OK,--,9:42:17 AM,6/21/2025,
671,48.7,gf,2.920,mm,OK,--,9:42:17 AM,6/21/2025,
672,48.7,gf,2.925,mm,OK,--,9:42:17 AM,6/21/2025,
673,48.8,gf,2.930,mm,OK,--,9:42:17 AM,6/21/2025,
674,48.7,gf,2.935,mm,OK,--,9:42:17 AM,6/21/2025,
675,48.7,gf,2.940,mm,OK,--,9:42:17 AM,6/21/2025,
676,48.7,gf,2.945,mm,OK,--,9:42:17 AM,6/21/2025,
677,48.7,gf,2.950,mm,OK,--,9:42:18 AM,6/21/2025,
678,48.7,gf,2.955,mm,OK,--,9:42:18 AM,6/21/2025,
679,48.7,gf,2.960,mm,OK,--,9:42:18 AM,6/21/2025,
680,48.8,gf,2.965,mm,OK,--,9:42:18 AM,6/21/2025,
681,48.9,gf,2.970,mm,OK,--,9:42:18 AM,6/21/2025,
682,48.9,gf,2.975,mm,OK,--,9:42:18 AM,6/21/2025,
683,48.9,gf,2.980,mm,OK,--,9:42:18 AM,6/21/2025,
684,48.8,gf,2.985,mm,OK,--,9:42:18 AM,6/21/2025,
685,48.9,gf,2.990,mm,OK,--,9:42:18 AM,6/21/2025,
686,48.9,gf,2.995,mm,OK,--,9:42:18 AM,6/21/2025,
687,48.9,gf,3.005,mm,OK,--,9:42:19 AM,6/21/2025,
688,48.9,gf,3.010,mm,OK,--,9:42:19 AM,6/21/2025,
689,48.9,gf,3.020,mm,OK,--,9:42:19 AM,6/21/2025,
690,48.9,gf,3.030,mm,OK,--,9:42:19 AM,6/21/2025,
691,48.9,gf,3.035,mm,OK,--,9:42:19 AM,6/21/2025,
692,48.9,gf,3.045,mm,OK,--,9:42:19 AM,6/21/2025,
693,49.0,gf,3.050,mm,OK,--,9:42:19 AM,6/21/2025,
694,49.0,gf,3.055,mm,OK,--,9:42:19 AM,6/21/2025,
695,49.0,gf,3.060,mm,OK,--,9:42:19 AM,6/21/2025,
696,49.0,gf,3.070,mm,OK,--,9:42:19 AM,6/21/2025,
697,49.1,gf,3.075,mm,OK,--,9:42:20 AM,6/21/2025,
698,49.0,gf,3.080,mm,OK,--,9:42:20 AM,6/21/2025,
699,49.1,gf,3.085,mm,OK,--,9:42:20 AM,6/21/2025,
700,49.2,gf,3.090,mm,OK,--,9:42:20 AM,6/21/2025,
701,49.3,gf,3.095,mm,OK,--,9:42:20 AM,6/21/2025,
702,49.3,gf,3.105,mm,OK,--,9:42:20 AM,6/21/2025,
703,49.3,gf,3.110,mm,OK,--,9:42:20 AM,6/21/2025,
704,49.4,gf,3.115,mm,OK,--,9:42:20 AM,6/21/2025,
705,49.5,gf,3.120,mm,OK,--,9:42:20 AM,6/21/2025,
706,49.5,gf,3.125,mm,OK,--,9:42:20 AM,6/21/2025,
707,49.3,gf,3.130,mm,OK,--,9:42:21 AM,6/21/2025,
708,49.3,gf,3.135,mm,OK,--,9:42:21 AM,6/21/2025,
709,49.9,gf,3.140,mm,OK,--,9:42:21 AM,6/21/2025,
710,51.3,gf,3.145,mm,OK,--,9:42:21 AM,6/21/2025,
711,52.3,gf,3.150,mm,OK,--,9:42:21 AM,6/21/2025,
712,52.9,gf,3.155,mm,OK,--,9:42:21 AM,6/21/2025,
713,53.4,gf,3.160,mm,OK,--,9:42:21 AM,6/21/2025,
714,53.7,gf,3.160,mm,OK,--,9:42:21 AM,6/21/2025,
715,54.4,gf,3.165,mm,OK,--,9:42:21 AM,6/21/2025,
716,55.4,gf,3.170,mm,OK,--,9:42:21 AM,6/21/2025,
717,56.4,gf,3.175,mm,OK,--,9:42:22 AM,6/21/2025,
718,57.1,gf,3.180,mm,OK,--,9:42:22 AM,6/21/2025,
719,57.9,gf,3.180,mm,OK,--,9:42:22 AM,6/21/2025,
720,58.9,gf,3.185,mm,OK,--,9:42:22 AM,6/21/2025,
721,59.6,gf,3.190,mm,OK,--,9:42:22 AM,6/21/2025,
722,60.2,gf,3.190,mm,OK,--,9:42:22 AM,6/21/2025,
723,60.9,gf,3.195,mm,OK,--,9:42:22 AM,6/21/2025,
724,61.9,gf,3.195,mm,OK,--,9:42:22 AM,6/21/2025,
725,63.0,gf,3.200,mm,OK,--,9:42:22 AM,6/21/2025,
726,63.9,gf,3.205,mm,OK,--,9:42:22 AM,6/21/2025,
727,65.3,gf,3.210,mm,OK,--,9:42:23 AM,6/21/2025,
728,66.8,gf,3.210,mm,OK,--,9:42:23 AM,6/21/2025,
729,68.1,gf,3.215,mm,OK,--,9:42:23 AM,6/21/2025,
730,69.3,gf,3.220,mm,OK,--,9:42:23 AM,6/21/2025,
731,70.2,gf,3.220,mm,OK,--,9:42:23 AM,6/21/2025,
732,71.4,gf,3.225,mm,OK,--,9:42:23 AM,6/21/2025,
733,72.9,gf,3.225,mm,OK,--,9:42:23 AM,6/21/2025,
734,74.7,gf,3.230,mm,OK,--,9:42:23 AM,6/21/2025,
735,76.8,gf,3.230,mm,OK,--,9:42:23 AM,6/21/2025,
736,79.2,gf,3.235,mm,OK,--,9:42:23 AM,6/21/2025,
737,82.3,gf,3.240,mm,OK,--,9:42:24 AM,6/21/2025,
738,84.7,gf,3.245,mm,OK,--,9:42:24 AM,6/21/2025,
739,86.0,gf,3.245,mm,OK,--,9:42:24 AM,6/21/2025,
740,87.1,gf,3.245,mm,OK,--,9:42:24 AM,6/21/2025,
741,88.4,gf,3.250,mm,OK,--,9:42:24 AM,6/21/2025,
742,90.3,gf,3.250,mm,OK,--,9:42:24 AM,6/21/2025,
743,92.2,gf,3.255,mm,OK,--,9:42:24 AM,6/21/2025,
744,93.8,gf,3.255,mm,OK,--,9:42:24 AM,6/21/2025,
745,95.5,gf,3.260,mm,OK,--,9:42:24 AM,6/21/2025,
746,97.5,gf,3.260,mm,OK,--,9:42:24 AM,6/21/2025,
747,99.4,gf,3.265,mm,OK,--,9:42:25 AM,6/21/2025,
748,101.4,gf,3.265,mm,OK,--,9:42:25 AM,6/21/2025,
749,103.6,gf,3.270,mm,OK,--,9:42:25 AM,6/21/2025,
750,105.7,gf,3.270,mm,OK,--,9:42:25 AM,6/21/2025,
751,107.4,gf,3.275,mm,OK,--,9:42:25 AM,6/21/2025,
752,108.9,gf,3.275,mm,OK,--,9:42:25 AM,6/21/2025,
753,110.5,gf,3.275,mm,OK,--,9:42:25 AM,6/21/2025,
754,112.2,gf,3.280,mm,OK,--,9:42:25 AM,6/21/2025,
755,114.0,gf,3.280,mm,OK,--,9:42:25 AM,6/21/2025,
756,116.0,gf,3.285,mm,OK,--,9:42:25 AM,6/21/2025,
757,117.7,gf,3.285,mm,OK,--,9:42:26 AM,6/21/2025,
758,119.3,gf,3.285,mm,OK,--,9:42:26 AM,6/21/2025,
759,121.6,gf,3.290,mm,OK,--,9:42:26 AM,6/21/2025,
760,124.1,gf,3.290,mm,OK,--,9:42:26 AM,6/21/2025,
761,126.6,gf,3.295,mm,OK,--,9:42:26 AM,6/21/2025,
762,128.9,gf,3.300,mm,OK,--,9:42:26 AM,6/21/2025,
763,131.3,gf,3.300,mm,OK,--,9:42:26 AM,6/21/2025,
764,133.8,gf,3.305,mm,OK,--,9:42:26 AM,6/21/2025,
765,136.0,gf,3.305,mm,OK,--,9:42:26 AM,6/21/2025,
766,137.9,gf,3.310,mm,OK,--,9:42:26 AM,6/21/2025,
767,139.7,gf,3.310,mm,OK,--,9:42:27 AM,6/21/2025,
768,141.3,gf,3.310,mm,OK,--,9:42:27 AM,6/21/2025,
769,142.8,gf,3.315,mm,OK,--,9:42:27 AM,6/21/2025,
770,144.3,gf,3.315,mm,OK,--,9:42:27 AM,6/21/2025,
771,145.8,gf,3.315,mm,OK,--,9:42:27 AM,6/21/2025,
772,147.2,gf,3.320,mm,OK,--,9:42:27 AM,6/21/2025,
773,148.5,gf,3.320,mm,OK,--,9:42:27 AM,6/21/2025,
774,149.7,gf,3.320,mm,OK,--,9:42:27 AM,6/21/2025,
775,150.8,gf,3.325,mm,OK,--,9:42:27 AM,6/21/2025,
776,152.0,gf,3.325,mm,OK,--,9:42:27 AM,6/21/2025,
777,153.2,gf,3.325,mm,OK,--,9:42:28 AM,6/21/2025,
778,154.3,gf,3.325,mm,OK,--,9:42:28 AM,6/21/2025,
779,155.2,gf,3.325,mm,OK,--,9:42:28 AM,6/21/2025,
780,156.0,gf,3.330,mm,OK,--,9:42:28 AM,6/21/2025,
781,156.7,gf,3.330,mm,OK,--,9:42:28 AM,6/21/2025,
782,157.4,gf,3.330,mm,OK,--,9:42:28 AM,6/21/2025,
783,157.9,gf,3.330,mm,OK,--,9:42:28 AM,6/21/2025,
784,158.6,gf,3.330,mm,OK,--,9:42:28 AM,6/21/2025,
785,159.1,gf,3.330,mm,OK,--,9:42:28 AM,6/21/2025,
786,159.8,gf,3.335,mm,OK,--,9:42:28 AM,6/21/2025,
787,160.5,gf,3.335,mm,OK,--,9:42:29 AM,6/21/2025,
788,161.2,gf,3.335,mm,OK,--,9:42:29 AM,6/21/2025,
789,161.9,gf,3.335,mm,OK,--,9:42:29 AM,6/21/2025,
790,162.6,gf,3.335,mm,OK,--,9:42:29 AM,6/21/2025,
791,163.3,gf,3.335,mm,OK,--,9:42:29 AM,6/21/2025,
792,164.1,gf,3.340,mm,OK,--,9:42:29 AM,6/21/2025,
793,164.6,gf,3.340,mm,OK,--,9:42:29 AM,6/21/2025,
794,165.1,gf,3.340,mm,OK,--,9:42:29 AM,6/21/2025,
795,165.6,gf,3.340,mm,OK,--,9:42:29 AM,6/21/2025,
796,166.0,gf,3.340,mm,OK,--,9:42:29 AM,6/21/2025,
797,166.4,gf,3.340,mm,OK,--,9:42:30 AM,6/21/2025,
798,166.9,gf,3.340,mm,OK,--,9:42:30 AM,6/21/2025,
799,167.5,gf,3.340,mm,OK,--,9:42:30 AM,6/21/2025,
800,168.0,gf,3.345,mm,OK,--,9:42:30 AM,6/21/2025,
801,168.6,gf,3.345,mm,OK,--,9:42:30 AM,6/21/2025,
802,169.3,gf,3.345,mm,OK,--,9:42:30 AM,6/21/2025,
803,170.0,gf,3.345,mm,OK,--,9:42:30 AM,6/21/2025,
804,171.0,gf,3.345,mm,OK,--,9:42:30 AM,6/21/2025,
805,172.0,gf,3.345,mm,OK,--,9:42:30 AM,6/21/2025,
806,173.0,gf,3.350,mm,OK,--,9:42:30 AM,6/21/2025,
807,174.2,gf,3.350,mm,OK,--,9:42:31 AM,6/21/2025,
808,175.5,gf,3.350,mm,OK,--,9:42:31 AM,6/21/2025,
809,177.0,gf,3.350,mm,OK,--,9:42:31 AM,6/21/2025,
810,178.8,gf,3.355,mm,OK,--,9:42:31 AM,6/21/2025,
811,180.8,gf,3.355,mm,OK,--,9:42:31 AM,6/21/2025,
812,182.8,gf,3.360,mm,OK,--,9:42:31 AM,6/21/2025,
813,184.6,gf,3.360,mm,OK,--,9:42:31 AM,6/21/2025,
814,186.3,gf,3.360,mm,OK,--,9:42:31 AM,6/21/2025,
815,188.1,gf,3.365,mm,OK,--,9:42:31 AM,6/21/2025,
816,189.4,gf,3.365,mm,OK,--,9:42:31 AM,6/21/2025,
817,190.2,gf,3.365,mm,OK,--,9:42:32 AM,6/21/2025,
818,190.5,gf,3.365,mm,OK,--,9:42:32 AM,6/21/2025,
819,191.1,gf,3.370,mm,OK,--,9:42:32 AM,6/21/2025,
820,192.6,gf,3.370,mm,OK,--,9:42:32 AM,6/21/2025,
821,193.0,gf,3.370,mm,OK,--,9:42:32 AM,6/21/2025,
822,192.8,gf,3.370,mm,OK,--,9:42:32 AM,6/21/2025,
823,192.7,gf,3.370,mm,OK,--,9:42:32 AM,6/21/2025,
824,192.6,gf,3.370,mm,OK,--,9:42:32 AM,6/21/2025,
825,192.6,gf,3.370,mm,OK,--,9:42:32 AM,6/21/2025,
826,192.5,gf,3.370,mm,OK,--,9:42:32 AM,6/21/2025,
827,192.5,gf,3.370,mm,OK,--,9:42:33 AM,6/21/2025,
828,192.4,gf,3.370,mm,OK,--,9:42:33 AM,6/21/2025,
829,192.5,gf,3.370,mm,OK,--,9:42:33 AM,6/21/2025,
830,192.4,gf,3.370,mm,OK,--,9:42:33 AM,6/21/2025,
831,192.3,gf,3.370,mm,OK,--,9:42:33 AM,6/21/2025,
832,192.3,gf,3.370,mm,OK,--,9:42:33 AM,6/21/2025,
833,192.1,gf,3.370,mm,OK,--,9:42:33 AM,6/21/2025,
834,192.0,gf,3.370,mm,OK,--,9:42:33 AM,6/21/2025,
835,191.7,gf,3.370,mm,OK,--,9:42:33 AM,6/21/2025,
836,191.6,gf,3.370,mm,OK,--,9:42:33 AM,6/21/2025,
837,191.1,gf,3.370,mm,OK,--,9:42:34 AM,6/21/2025,
838,190.5,gf,3.370,mm,OK,--,9:42:34 AM,6/21/2025,
839,189.1,gf,3.370,mm,OK,--,9:42:34 AM,6/21/2025,
840,187.5,gf,3.365,mm,OK,--,9:42:34 AM,6/21/2025,
841,185.3,gf,3.365,mm,OK,--,9:42:34 AM,6/21/2025,
842,184.5,gf,3.365,mm,OK,--,9:42:34 AM,6/21/2025,
843,184.2,gf,3.365,mm,OK,--,9:42:34 AM,6/21/2025,
844,183.4,gf,3.365,mm,OK,--,9:42:34 AM,6/21/2025,
845,182.1,gf,3.360,mm,OK,--,9:42:34 AM,6/21/2025,
846,180.5,gf,3.360,mm,OK,--,9:42:34 AM,6/21/2025,
847,179.1,gf,3.360,mm,OK,--,9:42:35 AM,6/21/2025,
848,178.1,gf,3.360,mm,OK,--,9:42:35 AM,6/21/2025,
849,177.3,gf,3.355,mm,OK,--,9:42:35 AM,6/21/2025,
850,176.5,gf,3.355,mm,OK,--,9:42:35 AM,6/21/2025,
851,175.9,gf,3.355,mm,OK,--,9:42:35 AM,6/21/2025,
852,175.6,gf,3.355,mm,OK,--,9:42:35 AM,6/21/2025,
853,175.3,gf,3.355,mm,OK,--,9:42:35 AM,6/21/2025,
854,174.8,gf,3.355,mm,OK,--,9:42:35 AM,6/21/2025,
855,174.3,gf,3.355,mm,OK,--,9:42:35 AM,6/21/2025,
856,173.9,gf,3.355,mm,OK,--,9:42:35 AM,6/21/2025,
857,173.5,gf,3.355,mm,OK,--,9:42:36 AM,6/21/2025,
858,173.2,gf,3.355,mm,OK,--,9:42:36 AM,6/21/2025,
859,172.9,gf,3.355,mm,OK,--,9:42:36 AM,6/21/2025,
860,172.7,gf,3.355,mm,OK,--,9:42:36 AM,6/21/2025,
861,172.3,gf,3.350,mm,OK,--,9:42:36 AM,6/21/2025,
862,172.0,gf,3.350,mm,OK,--,9:42:36 AM,6/21/2025,
863,171.6,gf,3.350,mm,OK,--,9:42:36 AM,6/21/2025,
864,171.2,gf,3.350,mm,OK,--,9:42:36 AM,6/21/2025,
865,170.8,gf,3.350,mm,OK,--,9:42:36 AM,6/21/2025,
866,170.3,gf,3.350,mm,OK,--,9:42:36 AM,6/21/2025,
867,169.9,gf,3.350,mm,OK,--,9:42:37 AM,6/21/2025,
868,169.7,gf,3.350,mm,OK,--,9:42:37 AM,6/21/2025,
869,169.5,gf,3.350,mm,OK,--,9:42:37 AM,6/21/2025,
870,169.5,gf,3.350,mm,OK,--,9:42:37 AM,6/21/2025,
871,169.4,gf,3.350,mm,OK,--,9:42:37 AM,6/21/2025,
872,169.3,gf,3.350,mm,OK,--,9:42:37 AM,6/21/2025,
873,169.2,gf,3.350,mm,OK,--,9:42:37 AM,6/21/2025,
874,168.8,gf,3.350,mm,OK,--,9:42:37 AM,6/21/2025,
875,168.4,gf,3.350,mm,OK,--,9:42:37 AM,6/21/2025,
876,168.1,gf,3.350,mm,OK,--,9:42:37 AM,6/21/2025,
877,167.9,gf,3.350,mm,OK,--,9:42:38 AM,6/21/2025,
878,167.7,gf,3.350,mm,OK,--,9:42:38 AM,6/21/2025,
879,167.4,gf,3.350,mm,OK,--,9:42:38 AM,6/21/2025,
880,167.4,gf,3.350,mm,OK,--,9:42:38 AM,6/21/2025,
881,167.3,gf,3.350,mm,OK,--,9:42:38 AM,6/21/2025,
882,167.3,gf,3.350,mm,OK,--,9:42:38 AM,6/21/2025,
883,167.2,gf,3.350,mm,OK,--,9:42:38 AM,6/21/2025,
884,167.0,gf,3.345,mm,OK,--,9:42:38 AM,6/21/2025,
885,166.9,gf,3.345,mm,OK,--,9:42:38 AM,6/21/2025,
886,166.7,gf,3.345,mm,OK,--,9:42:38 AM,6/21/2025,
887,166.7,gf,3.345,mm,OK,--,9:42:39 AM,6/21/2025,
888,166.6,gf,3.345,mm,OK,--,9:42:39 AM,6/21/2025,
889,166.6,gf,3.345,mm,OK,--,9:42:39 AM,6/21/2025,
890,166.6,gf,3.345,mm,OK,--,9:42:39 AM,6/21/2025,
891,166.6,gf,3.345,mm,OK,--,9:42:39 AM,6/21/2025,
892,166.3,gf,3.345,mm,OK,--,9:42:39 AM,6/21/2025,
893,166.2,gf,3.345,mm,OK,--,9:42:39 AM,6/21/2025,
894,165.6,gf,3.345,mm,OK,--,9:42:39 AM,6/21/2025,
895,165.2,gf,3.345,mm,OK,--,9:42:39 AM,6/21/2025,
896,164.8,gf,3.345,mm,OK,--,9:42:39 AM,6/21/2025,
897,164.4,gf,3.345,mm,OK,--,9:42:40 AM,6/21/2025,
898,163.9,gf,3.345,mm,OK,--,9:42:40 AM,6/21/2025,
899,163.7,gf,3.345,mm,OK,--,9:42:40 AM,6/21/2025,
900,163.4,gf,3.345,mm,OK,--,9:42:40 AM,6/21/2025,
901,163.0,gf,3.345,mm,OK,--,9:42:40 AM,6/21/2025,
902,162.7,gf,3.345,mm,OK,--,9:42:40 AM,6/21/2025,
903,162.5,gf,3.345,mm,OK,--,9:42:40 AM,6/21/2025,
904,162.4,gf,3.345,mm,OK,--,9:42:40 AM,6/21/2025,
905,162.2,gf,3.345,mm,OK,--,9:42:40 AM,6/21/2025,
906,162.0,gf,3.345,mm,OK,--,9:42:40 AM,6/21/2025,
907,161.8,gf,3.345,mm,OK,--,9:42:41 AM,6/21/2025,
908,161.5,gf,3.340,mm,OK,--,9:42:41 AM,6/21/2025,
909,161.3,gf,3.340,mm,OK,--,9:42:41 AM,6/21/2025,
910,161.0,gf,3.340,mm,OK,--,9:42:41 AM,6/21/2025,
911,160.5,gf,3.340,mm,OK,--,9:42:41 AM,6/21/2025,
912,160.1,gf,3.340,mm,OK,--,9:42:41 AM,6/21/2025,
913,159.9,gf,3.340,mm,OK,--,9:42:41 AM,6/21/2025,
914,159.6,gf,3.340,mm,OK,--,9:42:41 AM,6/21/2025,
915,159.1,gf,3.340,mm,OK,--,9:42:41 AM,6/21/2025,
916,158.8,gf,3.340,mm,OK,--,9:42:41 AM,6/21/2025,
917,158.3,gf,3.340,mm,OK,--,9:42:42 AM,6/21/2025,
918,158.0,gf,3.340,mm,OK,--,9:42:42 AM,6/21/2025,
919,157.5,gf,3.340,mm,OK,--,9:42:42 AM,6/21/2025,
920,157.2,gf,3.340,mm,OK,--,9:42:42 AM,6/21/2025,
921,157.0,gf,3.340,mm,OK,--,9:42:42 AM,6/21/2025,
922,156.8,gf,3.335,mm,OK,--,9:42:42 AM,6/21/2025,
923,156.5,gf,3.335,mm,OK,--,9:42:42 AM,6/21/2025,
924,156.3,gf,3.335,mm,OK,--,9:42:42 AM,6/21/2025,
925,156.0,gf,3.335,mm,OK,--,9:42:42 AM,6/21/2025,
926,155.8,gf,3.335,mm,OK,--,9:42:42 AM,6/21/2025,
927,155.7,gf,3.335,mm,OK,--,9:42:43 AM,6/21/2025,
928,155.2,gf,3.335,mm,OK,--,9:42:43 AM,6/21/2025,
929,154.9,gf,3.335,mm,OK,--,9:42:43 AM,6/21/2025,
930,154.6,gf,3.335,mm,OK,--,9:42:43 AM,6/21/2025,
931,154.3,gf,3.335,mm,OK,--,9:42:43 AM,6/21/2025,
932,154.1,gf,3.335,mm,OK,--,9:42:43 AM,6/21/2025,
933,153.9,gf,3.335,mm,OK,--,9:42:43 AM,6/21/2025,
934,153.6,gf,3.335,mm,OK,--,9:42:43 AM,6/21/2025,
935,153.1,gf,3.335,mm,OK,--,9:42:43 AM,6/21/2025,
936,152.7,gf,3.335,mm,OK,--,9:42:43 AM,6/21/2025,
937,152.4,gf,3.335,mm,OK,--,9:42:44 AM,6/21/2025,
938,151.8,gf,3.330,mm,OK,--,9:42:44 AM,6/21/2025,
939,151.2,gf,3.330,mm,OK,--,9:42:44 AM,6/21/2025,
940,150.7,gf,3.330,mm,OK,--,9:42:44 AM,6/21/2025,
941,150.1,gf,3.330,mm,OK,--,9:42:44 AM,6/21/2025,
942,149.4,gf,3.330,mm,OK,--,9:42:44 AM,6/21/2025,
943,149.0,gf,3.330,mm,OK,--,9:42:44 AM,6/21/2025,
944,148.4,gf,3.330,mm,OK,--,9:42:44 AM,6/21/2025,
945,147.8,gf,3.330,mm,OK,--,9:42:44 AM,6/21/2025,
946,146.8,gf,3.330,mm,OK,--,9:42:44 AM,6/21/2025,
947,145.6,gf,3.325,mm,OK,--,9:42:45 AM,6/21/2025,
948,144.3,gf,3.325,mm,OK,--,9:42:45 AM,6/21/2025,
949,143.4,gf,3.325,mm,OK,--,9:42:45 AM,6/21/2025,
950,142.7,gf,3.325,mm,OK,--,9:42:45 AM,6/21/2025,
951,142.0,gf,3.325,mm,OK,--,9:42:45 AM,6/21/2025,
952,141.1,gf,3.320,mm,OK,--,9:42:45 AM,6/21/2025,
953,139.5,gf,3.320,mm,OK,--,9:42:45 AM,6/21/2025,
954,137.7,gf,3.320,mm,OK,--,9:42:45 AM,6/21/2025,
955,135.9,gf,3.315,mm,OK,--,9:42:45 AM,6/21/2025,
956,134.3,gf,3.315,mm,OK,--,9:42:45 AM,6/21/2025,
957,132.5,gf,3.315,mm,OK,--,9:42:46 AM,6/21/2025,
958,130.6,gf,3.310,mm,OK,--,9:42:46 AM,6/21/2025,
959,128.5,gf,3.310,mm,OK,--,9:42:46 AM,6/21/2025,
960,126.9,gf,3.310,mm,OK,--,9:42:46 AM,6/21/2025,
961,125.2,gf,3.305,mm,OK,--,9:42:46 AM,6/21/2025,
962,123.4,gf,3.305,mm,OK,--,9:42:46 AM,6/21/2025,
963,121.5,gf,3.305,mm,OK,--,9:42:46 AM,6/21/2025,
964,119.5,gf,3.300,mm,OK,--,9:42:46 AM,6/21/2025,
965,117.3,gf,3.300,mm,OK,--,9:42:46 AM,6/21/2025,
966,115.3,gf,3.295,mm,OK,--,9:42:46 AM,6/21/2025,
967,113.5,gf,3.295,mm,OK,--,9:42:47 AM,6/21/2025,
968,111.9,gf,3.295,mm,OK,--,9:42:47 AM,6/21/2025,
969,110.1,gf,3.290,mm,OK,--,9:42:47 AM,6/21/2025,
970,108.4,gf,3.290,mm,OK,--,9:42:47 AM,6/21/2025,
971,106.8,gf,3.290,mm,OK,--,9:42:47 AM,6/21/2025,
972,105.4,gf,3.285,mm,OK,--,9:42:47 AM,6/21/2025,
973,104.3,gf,3.285,mm,OK,--,9:42:47 AM,6/21/2025,
974,103.0,gf,3.285,mm,OK,--,9:42:47 AM,6/21/2025,
975,102.0,gf,3.285,mm,OK,--,9:42:47 AM,6/21/2025,
976,101.0,gf,3.280,mm,OK,--,9:42:47 AM,6/21/2025,
977,99.7,gf,3.280,mm,OK,--,9:42:48 AM,6/21/2025,
978,98.0,gf,3.280,mm,OK,--,9:42:48 AM,6/21/2025,
979,96.5,gf,3.275,mm,OK,--,9:42:48 AM,6/21/2025,
980,95.3,gf,3.275,mm,OK,--,9:42:48 AM,6/21/2025,
981,94.0,gf,3.275,mm,OK,--,9:42:48 AM,6/21/2025,
982,92.6,gf,3.275,mm,OK,--,9:42:48 AM,6/21/2025,
983,90.8,gf,3.270,mm,OK,--,9:42:48 AM,6/21/2025,
984,89.0,gf,3.270,mm,OK,--,9:42:48 AM,6/21/2025,
985,87.4,gf,3.265,mm,OK,--,9:42:48 AM,6/21/2025,
986,86.0,gf,3.265,mm,OK,--,9:42:48 AM,6/21/2025,
987,85.0,gf,3.265,mm,OK,--,9:42:49 AM,6/21/2025,
988,83.8,gf,3.265,mm,OK,--,9:42:49 AM,6/21/2025,
989,82.7,gf,3.260,mm,OK,--,9:42:49 AM,6/21/2025,
990,81.6,gf,3.260,mm,OK,--,9:42:49 AM,6/21/2025,
991,80.8,gf,3.260,mm,OK,--,9:42:49 AM,6/21/2025,
992,80.0,gf,3.260,mm,OK,--,9:42:49 AM,6/21/2025,
993,78.9,gf,3.260,mm,OK,--,9:42:49 AM,6/21/2025,
994,77.4,gf,3.255,mm,OK,--,9:42:49 AM,6/21/2025,
995,76.2,gf,3.255,mm,OK,--,9:42:49 AM,6/21/2025,
996,75.2,gf,3.255,mm,OK,--,9:42:49 AM,6/21/2025,
997,74.3,gf,3.250,mm,OK,--,9:42:50 AM,6/21/2025,
998,73.7,gf,3.250,mm,OK,--,9:42:50 AM,6/21/2025,
999,73.2,gf,3.250,mm,OK,--,9:42:50 AM,6/21/2025,
1000,72.8,gf,3.250,mm,OK,--,9:42:50 AM,6/21/2025,
1001,72.4,gf,3.250,mm,OK,--,9:42:50 AM,6/21/2025,
1002,71.7,gf,3.250,mm,OK,--,9:42:50 AM,6/21/2025,
1003,70.9,gf,3.250,mm,OK,--,9:42:50 AM,6/21/2025,
1004,69.9,gf,3.245,mm,OK,--,9:42:50 AM,6/21/2025,
1005,69.1,gf,3.245,mm,OK,--,9:42:50 AM,6/21/2025,
1006,68.6,gf,3.245,mm,OK,--,9:42:50 AM,6/21/2025,
1007,68.2,gf,3.245,mm,OK,--,9:42:51 AM,6/21/2025,
1008,67.8,gf,3.245,mm,OK,--,9:42:51 AM,6/21/2025,
1009,67.3,gf,3.245,mm,OK,--,9:42:51 AM,6/21/2025,
1010,66.7,gf,3.245,mm,OK,--,9:42:51 AM,6/21/2025,
1011,66.3,gf,3.245,mm,OK,--,9:42:51 AM,6/21/2025,
1012,66.0,gf,3.245,mm,OK,--,9:42:51 AM,6/21/2025,
1013,65.4,gf,3.240,mm,OK,--,9:42:51 AM,6/21/2025,
1014,64.7,gf,3.240,mm,OK,--,9:42:51 AM,6/21/2025,
1015,64.2,gf,3.240,mm,OK,--,9:42:51 AM,6/21/2025,
1016,63.6,gf,3.240,mm,OK,--,9:42:51 AM,6/21/2025,
1017,62.9,gf,3.240,mm,OK,--,9:42:52 AM,6/21/2025,
1018,62.4,gf,3.240,mm,OK,--,9:42:52 AM,6/21/2025,
1019,61.7,gf,3.240,mm,OK,--,9:42:52 AM,6/21/2025,
1020,61.0,gf,3.235,mm,OK,--,9:42:52 AM,6/21/2025,
1021,60.2,gf,3.235,mm,OK,--,9:42:52 AM,6/21/2025,
1022,59.0,gf,3.235,mm,OK,--,9:42:52 AM,6/21/2025,
1023,58.0,gf,3.235,mm,OK,--,9:42:52 AM,6/21/2025,
1024,56.9,gf,3.230,mm,OK,--,9:42:52 AM,6/21/2025,
1025,55.8,gf,3.230,mm,OK,--,9:42:52 AM,6/21/2025,
1026,54.6,gf,3.230,mm,OK,--,9:42:52 AM,6/21/2025,
1027,53.3,gf,3.225,mm,OK,--,9:42:53 AM,6/21/2025,
1028,52.2,gf,3.225,mm,OK,--,9:42:53 AM,6/21/2025,
1029,51.2,gf,3.225,mm,OK,--,9:42:53 AM,6/21/2025,
1030,50.4,gf,3.220,mm,OK,--,9:42:53 AM,6/21/2025,
1031,49.7,gf,3.220,mm,OK,--,9:42:53 AM,6/21/2025,
1032,49.0,gf,3.220,mm,OK,--,9:42:53 AM,6/21/2025,
1033,48.3,gf,3.220,mm,OK,--,9:42:53 AM,6/21/2025,
1034,47.8,gf,3.215,mm,OK,--,9:42:53 AM,6/21/2025,
1035,47.0,gf,3.215,mm,OK,--,9:42:53 AM,6/21/2025,
1036,46.1,gf,3.210,mm,OK,--,9:42:53 AM,6/21/2025,
1037,45.5,gf,3.210,mm,OK,--,9:42:54 AM,6/21/2025,
1038,45.3,gf,3.205,mm,OK,--,9:42:54 AM,6/21/2025,
1039,44.8,gf,3.205,mm,OK,--,9:42:54 AM,6/21/2025,
1040,44.2,gf,3.200,mm,OK,--,9:42:54 AM,6/21/2025,
1041,43.6,gf,3.200,mm,OK,--,9:42:54 AM,6/21/2025,
1042,43.4,gf,3.195,mm,OK,--,9:42:54 AM,6/21/2025,
1043,43.2,gf,3.190,mm,OK,--,9:42:54 AM,6/21/2025,
1044,43.0,gf,3.185,mm,OK,--,9:42:54 AM,6/21/2025,
1045,42.9,gf,3.185,mm,OK,--,9:42:54 AM,6/21/2025,
1046,42.8,gf,3.180,mm,OK,--,9:42:54 AM,6/21/2025,
1047,42.7,gf,3.175,mm,OK,--,9:42:55 AM,6/21/2025,
1048,42.5,gf,3.175,mm,OK,--,9:42:55 AM,6/21/2025,
1049,42.5,gf,3.170,mm,OK,--,9:42:55 AM,6/21/2025,
1050,42.3,gf,3.165,mm,OK,--,9:42:55 AM,6/21/2025,
1051,42.3,gf,3.160,mm,OK,--,9:42:55 AM,6/21/2025,
1052,42.1,gf,3.155,mm,OK,--,9:42:55 AM,6/21/2025,
1053,42.1,gf,3.145,mm,OK,--,9:42:55 AM,6/21/2025,
1054,42.1,gf,3.140,mm,OK,--,9:42:55 AM,6/21/2025,
1055,42.0,gf,3.135,mm,OK,--,9:42:55 AM,6/21/2025,
1056,42.0,gf,3.135,mm,OK,--,9:42:55 AM,6/21/2025,
1057,41.9,gf,3.130,mm,OK,--,9:42:56 AM,6/21/2025,
1058,41.9,gf,3.120,mm,OK,--,9:42:56 AM,6/21/2025,
1059,41.9,gf,3.115,mm,OK,--,9:42:56 AM,6/21/2025,
1060,41.8,gf,3.105,mm,OK,--,9:42:56 AM,6/21/2025,
1061,41.8,gf,3.095,mm,OK,--,9:42:56 AM,6/21/2025,
1062,41.7,gf,3.090,mm,OK,--,9:42:56 AM,6/21/2025,
1063,41.7,gf,3.085,mm,OK,--,9:42:56 AM,6/21/2025,
1064,41.7,gf,3.075,mm,OK,--,9:42:56 AM,6/21/2025,
1065,41.6,gf,3.070,mm,OK,--,9:42:56 AM,6/21/2025,
1066,41.7,gf,3.065,mm,OK,--,9:42:56 AM,6/21/2025,
1067,41.7,gf,3.060,mm,OK,--,9:42:57 AM,6/21/2025,
1068,41.8,gf,3.055,mm,OK,--,9:42:57 AM,6/21/2025,
1069,41.8,gf,3.055,mm,OK,--,9:42:57 AM,6/21/2025,
1070,41.7,gf,3.050,mm,OK,--,9:42:57 AM,6/21/2025,
1071,41.6,gf,3.050,mm,OK,--,9:42:57 AM,6/21/2025,
1072,41.7,gf,3.040,mm,OK,--,9:42:57 AM,6/21/2025,
1073,42.0,gf,3.035,mm,OK,--,9:42:57 AM,6/21/2025,
1074,41.6,gf,3.030,mm,OK,--,9:42:57 AM,6/21/2025,
1075,41.5,gf,3.030,mm,OK,--,9:42:57 AM,6/21/2025,
1076,41.6,gf,3.020,mm,OK,--,9:42:57 AM,6/21/2025,
1077,41.7,gf,3.020,mm,OK,--,9:42:58 AM,6/21/2025,
1078,41.7,gf,3.015,mm,OK,--,9:42:58 AM,6/21/2025,
1079,41.7,gf,3.010,mm,OK,--,9:42:58 AM,6/21/2025,
1080,41.7,gf,3.005,mm,OK,--,9:42:58 AM,6/21/2025,
1081,41.6,gf,3.005,mm,OK,--,9:42:58 AM,6/21/2025,
1082,41.6,gf,3.000,mm,OK,--,9:42:58 AM,6/21/2025,
1083,41.5,gf,2.995,mm,OK,--,9:42:58 AM,6/21/2025,
1084,41.5,gf,2.990,mm,OK,--,9:42:58 AM,6/21/2025,
1085,41.5,gf,2.985,mm,OK,--,9:42:58 AM,6/21/2025,
1086,41.5,gf,2.985,mm,OK,--,9:42:58 AM,6/21/2025,
1087,41.5,gf,2.980,mm,OK,--,9:42:59 AM,6/21/2025,
1088,41.5,gf,2.980,mm,OK,--,9:42:59 AM,6/21/2025,
1089,41.4,gf,2.975,mm,OK,--,9:42:59 AM,6/21/2025,
1090,41.3,gf,2.970,mm,OK,--,9:42:59 AM,6/21/2025,
1091,41.4,gf,2.965,mm,OK,--,9:42:59 AM,6/21/2025,
1092,41.4,gf,2.960,mm,OK,--,9:42:59 AM,6/21/2025,
1093,41.4,gf,2.955,mm,OK,--,9:42:59 AM,6/21/2025,
1094,41.5,gf,2.950,mm,OK,--,9:42:59 AM,6/21/2025,
1095,41.4,gf,2.945,mm,OK,--,9:42:59 AM,6/21/2025,
1096,41.4,gf,2.945,mm,OK,--,9:42:59 AM,6/21/2025,
1097,41.4,gf,2.940,mm,OK,--,9:43:00 AM,6/21/2025,
1098,41.3,gf,2.935,mm,OK,--,9:43:00 AM,6/21/2025,
1099,41.4,gf,2.930,mm,OK,--,9:43:00 AM,6/21/2025,
1100,41.4,gf,2.925,mm,OK,--,9:43:00 AM,6/21/2025,
1101,41.3,gf,2.920,mm,OK,--,9:43:00 AM,6/21/2025,
1102,41.2,gf,2.915,mm,OK,--,9:43:00 AM,6/21/2025,
1103,41.3,gf,2.910,mm,OK,--,9:43:00 AM,6/21/2025,
1104,41.2,gf,2.910,mm,OK,--,9:43:00 AM,6/21/2025,
1105,41.3,gf,2.905,mm,OK,--,9:43:00 AM,6/21/2025,
1106,41.2,gf,2.900,mm,OK,--,9:43:00 AM,6/21/2025,
1107,41.2,gf,2.890,mm,OK,--,9:43:01 AM,6/21/2025,
1108,41.2,gf,2.885,mm,OK,--,9:43:01 AM,6/21/2025,
1109,41.0,gf,2.880,mm,OK,--,9:43:01 AM,6/21/2025,
1110,41.0,gf,2.875,mm,OK,--,9:43:01 AM,6/21/2025,
1111,40.9,gf,2.870,mm,OK,--,9:43:01 AM,6/21/2025,
1112,40.6,gf,2.860,mm,OK,--,9:43:01 AM,6/21/2025,
1113,40.1,gf,2.850,mm,OK,--,9:43:01 AM,6/21/2025,
1114,39.3,gf,2.840,mm,OK,--,9:43:01 AM,6/21/2025,
1115,38.5,gf,2.835,mm,OK,--,9:43:01 AM,6/21/2025,
1116,37.7,gf,2.825,mm,OK,--,9:43:01 AM,6/21/2025,
1117,37.1,gf,2.820,mm,OK,--,9:43:02 AM,6/21/2025,
1118,36.8,gf,2.815,mm,OK,--,9:43:02 AM,6/21/2025,
1119,36.3,gf,2.810,mm,OK,--,9:43:02 AM,6/21/2025,
1120,35.8,gf,2.805,mm,OK,--,9:43:02 AM,6/21/2025,
1121,35.3,gf,2.800,mm,OK,--,9:43:02 AM,6/21/2025,
1122,34.8,gf,2.790,mm,OK,--,9:43:02 AM,6/21/2025,
1123,34.2,gf,2.785,mm,OK,--,9:43:02 AM,6/21/2025,
1124,33.8,gf,2.780,mm,OK,--,9:43:02 AM,6/21/2025,
1125,33.4,gf,2.775,mm,OK,--,9:43:02 AM,6/21/2025,
1126,33.1,gf,2.770,mm,OK,--,9:43:02 AM,6/21/2025,
1127,32.8,gf,2.765,mm,OK,--,9:43:03 AM,6/21/2025,
1128,32.7,gf,2.765,mm,OK,--,9:43:03 AM,6/21/2025,
1129,32.5,gf,2.760,mm,OK,--,9:43:03 AM,6/21/2025,
1130,32.2,gf,2.760,mm,OK,--,9:43:03 AM,6/21/2025,
1131,32.2,gf,2.755,mm,OK,--,9:43:03 AM,6/21/2025,
1132,31.9,gf,2.755,mm,OK,--,9:43:03 AM,6/21/2025,
1133,31.6,gf,2.750,mm,OK,--,9:43:03 AM,6/21/2025,
1134,31.1,gf,2.750,mm,OK,--,9:43:03 AM,6/21/2025,
1135,30.8,gf,2.745,mm,OK,--,9:43:03 AM,6/21/2025,
1136,30.4,gf,2.740,mm,OK,--,9:43:03 AM,6/21/2025,
1137,29.9,gf,2.735,mm,OK,--,9:43:04 AM,6/21/2025,
1138,29.3,gf,2.725,mm,OK,--,9:43:04 AM,6/21/2025,
1139,28.6,gf,2.715,mm,OK,--,9:43:04 AM,6/21/2025,
1140,28.1,gf,2.710,mm,OK,--,9:43:04 AM,6/21/2025,
1141,27.4,gf,2.700,mm,OK,--,9:43:04 AM,6/21/2025,
1142,26.6,gf,2.690,mm,OK,--,9:43:04 AM,6/21/2025,
1143,25.8,gf,2.680,mm,OK,--,9:43:04 AM,6/21/2025,
1144,25.1,gf,2.675,mm,OK,--,9:43:04 AM,6/21/2025,
1145,24.5,gf,2.665,mm,OK,--,9:43:04 AM,6/21/2025,
1146,24.2,gf,2.660,mm,OK,--,9:43:04 AM,6/21/2025,
1147,24.0,gf,2.655,mm,OK,--,9:43:05 AM,6/21/2025,
1148,23.9,gf,2.650,mm,OK,--,9:43:05 AM,6/21/2025,
1149,24.0,gf,2.645,mm,OK,--,9:43:05 AM,6/21/2025,
1150,24.0,gf,2.645,mm,OK,--,9:43:05 AM,6/21/2025,
1151,23.9,gf,2.640,mm,OK,--,9:43:05 AM,6/21/2025,
1152,23.5,gf,2.635,mm,OK,--,9:43:05 AM,6/21/2025,
1153,23.4,gf,2.630,mm,OK,--,9:43:05 AM,6/21/2025,
1154,23.7,gf,2.625,mm,OK,--,9:43:05 AM,6/21/2025,
1155,23.6,gf,2.620,mm,OK,--,9:43:05 AM,6/21/2025,
1156,23.8,gf,2.620,mm,OK,--,9:43:05 AM,6/21/2025,
1157,23.3,gf,2.615,mm,OK,--,9:43:06 AM,6/21/2025,
1158,23.1,gf,2.610,mm,OK,--,9:43:06 AM,6/21/2025,
1159,23.4,gf,2.600,mm,OK,--,9:43:06 AM,6/21/2025,
1160,23.4,gf,2.595,mm,OK,--,9:43:06 AM,6/21/2025,
1161,23.3,gf,2.590,mm,OK,--,9:43:06 AM,6/21/2025,
1162,23.4,gf,2.580,mm,OK,--,9:43:06 AM,6/21/2025,
1163,23.1,gf,2.575,mm,OK,--,9:43:06 AM,6/21/2025,
1164,23.0,gf,2.565,mm,OK,--,9:43:06 AM,6/21/2025,
1165,23.1,gf,2.560,mm,OK,--,9:43:06 AM,6/21/2025,
1166,23.1,gf,2.555,mm,OK,--,9:43:06 AM,6/21/2025,
1167,22.9,gf,2.550,mm,OK,--,9:43:07 AM,6/21/2025,
1168,22.9,gf,2.545,mm,OK,--,9:43:07 AM,6/21/2025,
1169,22.7,gf,2.540,mm,OK,--,9:43:07 AM,6/21/2025,
1170,22.8,gf,2.535,mm,OK,--,9:43:07 AM,6/21/2025,
1171,22.7,gf,2.530,mm,OK,--,9:43:07 AM,6/21/2025,
1172,22.7,gf,2.525,mm,OK,--,9:43:07 AM,6/21/2025,
1173,22.6,gf,2.520,mm,OK,--,9:43:07 AM,6/21/2025,
1174,22.4,gf,2.520,mm,OK,--,9:43:07 AM,6/21/2025,
1175,22.2,gf,2.515,mm,OK,--,9:43:07 AM,6/21/2025,
1176,22.0,gf,2.510,mm,OK,--,9:43:07 AM,6/21/2025,
1177,22.2,gf,2.500,mm,OK,--,9:43:08 AM,6/21/2025,
1178,22.1,gf,2.495,mm,OK,--,9:43:08 AM,6/21/2025,
1179,21.9,gf,2.490,mm,OK,--,9:43:08 AM,6/21/2025,
1180,21.9,gf,2.480,mm,OK,--,9:43:08 AM,6/21/2025,
1181,21.8,gf,2.475,mm,OK,--,9:43:08 AM,6/21/2025,
1182,21.6,gf,2.470,mm,OK,--,9:43:08 AM,6/21/2025,
1183,21.2,gf,2.465,mm,OK,--,9:43:08 AM,6/21/2025,
1184,21.1,gf,2.455,mm,OK,--,9:43:08 AM,6/21/2025,
1185,21.3,gf,2.450,mm,OK,--,9:43:08 AM,6/21/2025,
1186,21.1,gf,2.445,mm,OK,--,9:43:08 AM,6/21/2025,
1187,21.0,gf,2.440,mm,OK,--,9:43:09 AM,6/21/2025,
1188,21.0,gf,2.435,mm,OK,--,9:43:09 AM,6/21/2025,
1189,20.7,gf,2.430,mm,OK,--,9:43:09 AM,6/21/2025,
1190,20.7,gf,2.420,mm,OK,--,9:43:09 AM,6/21/2025,
1191,21.0,gf,2.420,mm,OK,--,9:43:09 AM,6/21/2025,
1192,21.1,gf,2.415,mm,OK,--,9:43:09 AM,6/21/2025,
1193,20.7,gf,2.415,mm,OK,--,9:43:09 AM,6/21/2025,
1194,20.7,gf,2.410,mm,OK,--,9:43:09 AM,6/21/2025,
1195,20.9,gf,2.405,mm,OK,--,9:43:09 AM,6/21/2025,
1196,20.8,gf,2.400,mm,OK,--,9:43:09 AM,6/21/2025,
1197,20.5,gf,2.400,mm,OK,--,9:43:10 AM,6/21/2025,
1198,20.2,gf,2.395,mm,OK,--,9:43:10 AM,6/21/2025,
1199,20.2,gf,2.385,mm,OK,--,9:43:10 AM,6/21/2025,
1200,20.2,gf,2.380,mm,OK,--,9:43:10 AM,6/21/2025,
1201,19.9,gf,2.370,mm,OK,--,9:43:10 AM,6/21/2025,
1202,19.7,gf,2.360,mm,OK,--,9:43:10 AM,6/21/2025,
1203,19.7,gf,2.350,mm,OK,--,9:43:10 AM,6/21/2025,
1204,19.4,gf,2.340,mm,OK,--,9:43:10 AM,6/21/2025,
1205,19.4,gf,2.330,mm,OK,--,9:43:10 AM,6/21/2025,
1206,19.4,gf,2.320,mm,OK,--,9:43:10 AM,6/21/2025,
1207,18.9,gf,2.315,mm,OK,--,9:43:11 AM,6/21/2025,
1208,18.8,gf,2.305,mm,OK,--,9:43:11 AM,6/21/2025,
1209,18.8,gf,2.300,mm,OK,--,9:43:11 AM,6/21/2025,
1210,19.0,gf,2.295,mm,OK,--,9:43:11 AM,6/21/2025,
1211,18.8,gf,2.290,mm,OK,--,9:43:11 AM,6/21/2025,
1212,18.8,gf,2.285,mm,OK,--,9:43:11 AM,6/21/2025,
1213,18.8,gf,2.280,mm,OK,--,9:43:11 AM,6/21/2025,
1214,18.4,gf,2.275,mm,OK,--,9:43:11 AM,6/21/2025,
1215,18.3,gf,2.270,mm,OK,--,9:43:11 AM,6/21/2025,
1216,18.5,gf,2.260,mm,OK,--,9:43:11 AM,6/21/2025,
1217,18.4,gf,2.255,mm,OK,--,9:43:12 AM,6/21/2025,
1218,18.2,gf,2.245,mm,OK,--,9:43:12 AM,6/21/2025,
1219,18.0,gf,2.240,mm,OK,--,9:43:12 AM,6/21/2025,
1220,17.7,gf,2.225,mm,OK,--,9:43:12 AM,6/21/2025,
1221,17.9,gf,2.215,mm,OK,--,9:43:12 AM,6/21/2025,
1222,17.6,gf,2.205,mm,OK,--,9:43:12 AM,6/21/2025,
1223,17.7,gf,2.200,mm,OK,--,9:43:12 AM,6/21/2025,
1224,17.5,gf,2.190,mm,OK,--,9:43:12 AM,6/21/2025,
1225,17.5,gf,2.180,mm,OK,--,9:43:12 AM,6/21/2025,
1226,17.2,gf,2.170,mm,OK,--,9:43:12 AM,6/21/2025,
1227,17.2,gf,2.160,mm,OK,--,9:43:13 AM,6/21/2025,
1228,16.8,gf,2.150,mm,OK,--,9:43:13 AM,6/21/2025,
1229,16.4,gf,2.135,mm,OK,--,9:43:13 AM,6/21/2025,
1230,16.8,gf,2.125,mm,OK,--,9:43:13 AM,6/21/2025,
1231,16.8,gf,2.115,mm,OK,--,9:43:13 AM,6/21/2025,
1232,16.9,gf,2.105,mm,OK,--,9:43:13 AM,6/21/2025,
1233,17.1,gf,2.095,mm,OK,--,9:43:13 AM,6/21/2025,
1234,17.5,gf,2.085,mm,OK,--,9:43:13 AM,6/21/2025,
1235,17.3,gf,2.075,mm,OK,--,9:43:13 AM,6/21/2025,
1236,17.4,gf,2.065,mm,OK,--,9:43:13 AM,6/21/2025,
1237,17.7,gf,2.055,mm,OK,--,9:43:14 AM,6/21/2025,
1238,17.7,gf,2.045,mm,OK,--,9:43:14 AM,6/21/2025,
1239,17.7,gf,2.040,mm,OK,--,9:43:14 AM,6/21/2025,
1240,18.3,gf,2.030,mm,OK,--,9:43:14 AM,6/21/2025,
1241,18.7,gf,2.020,mm,OK,--,9:43:14 AM,6/21/2025,
1242,18.7,gf,2.015,mm,OK,--,9:43:14 AM,6/21/2025,
1243,18.7,gf,2.005,mm,OK,--,9:43:14 AM,6/21/2025,
1244,19.2,gf,1.995,mm,OK,--,9:43:14 AM,6/21/2025,
1245,19.6,gf,1.990,mm,OK,--,9:43:14 AM,6/21/2025,
1246,19.5,gf,1.985,mm,OK,--,9:43:14 AM,6/21/2025,
1247,19.2,gf,1.980,mm,OK,--,9:43:15 AM,6/21/2025,
1248,19.3,gf,1.975,mm,OK,--,9:43:15 AM,6/21/2025,
1249,19.6,gf,1.970,mm,OK,--,9:43:15 AM,6/21/2025,
1250,19.6,gf,1.960,mm,OK,--,9:43:15 AM,6/21/2025,
1251,19.8,gf,1.955,mm,OK,--,9:43:15 AM,6/21/2025,
1252,20.2,gf,1.950,mm,OK,--,9:43:15 AM,6/21/2025,
1253,20.7,gf,1.945,mm,OK,--,9:43:15 AM,6/21/2025,
1254,21.2,gf,1.935,mm,OK,--,9:43:15 AM,6/21/2025,
1255,21.6,gf,1.925,mm,OK,--,9:43:15 AM,6/21/2025,
1256,22.2,gf,1.920,mm,OK,--,9:43:15 AM,6/21/2025,
1257,22.4,gf,1.915,mm,OK,--,9:43:16 AM,6/21/2025,
1258,22.5,gf,1.910,mm,OK,--,9:43:16 AM,6/21/2025,
1259,22.6,gf,1.910,mm,OK,--,9:43:16 AM,6/21/2025,
1260,22.7,gf,1.905,mm,OK,--,9:43:16 AM,6/21/2025,
1261,22.7,gf,1.900,mm,OK,--,9:43:16 AM,6/21/2025,
1262,22.4,gf,1.895,mm,OK,--,9:43:16 AM,6/21/2025,
1263,22.4,gf,1.890,mm,OK,--,9:43:16 AM,6/21/2025,
1264,22.6,gf,1.885,mm,OK,--,9:43:16 AM,6/21/2025,
1265,22.7,gf,1.880,mm,OK,--,9:43:16 AM,6/21/2025,
1266,22.9,gf,1.880,mm,OK,--,9:43:16 AM,6/21/2025,
1267,22.9,gf,1.875,mm,OK,--,9:43:17 AM,6/21/2025,
1268,23.1,gf,1.870,mm,OK,--,9:43:17 AM,6/21/2025,
1269,23.1,gf,1.865,mm,OK,--,9:43:17 AM,6/21/2025,
1270,23.4,gf,1.860,mm,OK,--,9:43:17 AM,6/21/2025,
1271,23.4,gf,1.855,mm,OK,--,9:43:17 AM,6/21/2025,
1272,23.2,gf,1.850,mm,OK,--,9:43:17 AM,6/21/2025,
1273,23.2,gf,1.845,mm,OK,--,9:43:17 AM,6/21/2025,
1274,23.4,gf,1.840,mm,OK,--,9:43:17 AM,6/21/2025,
1275,23.5,gf,1.835,mm,OK,--,9:43:17 AM,6/21/2025,
1276,23.3,gf,1.830,mm,OK,--,9:43:17 AM,6/21/2025,
1277,23.5,gf,1.825,mm,OK,--,9:43:18 AM,6/21/2025,
1278,23.8,gf,1.815,mm,OK,--,9:43:18 AM,6/21/2025,
1279,23.6,gf,1.810,mm,OK,--,9:43:18 AM,6/21/2025,
1280,24.0,gf,1.805,mm,OK,--,9:43:18 AM,6/21/2025,
1281,23.9,gf,1.795,mm,OK,--,9:43:18 AM,6/21/2025,
1282,24.1,gf,1.790,mm,OK,--,9:43:18 AM,6/21/2025,
1283,24.4,gf,1.785,mm,OK,--,9:43:18 AM,6/21/2025,
1284,24.5,gf,1.780,mm,OK,--,9:43:18 AM,6/21/2025,
1285,24.5,gf,1.780,mm,OK,--,9:43:18 AM,6/21/2025,
1286,24.7,gf,1.775,mm,OK,--,9:43:18 AM,6/21/2025,
1287,24.9,gf,1.770,mm,OK,--,9:43:19 AM,6/21/2025,
1288,24.8,gf,1.765,mm,OK,--,9:43:19 AM,6/21/2025,
1289,24.6,gf,1.760,mm,OK,--,9:43:19 AM,6/21/2025,
1290,24.9,gf,1.755,mm,OK,--,9:43:19 AM,6/21/2025,
1291,25.2,gf,1.755,mm,OK,--,9:43:19 AM,6/21/2025,
1292,25.0,gf,1.750,mm,OK,--,9:43:19 AM,6/21/2025,
1293,24.9,gf,1.745,mm,OK,--,9:43:19 AM,6/21/2025,
1294,25.1,gf,1.735,mm,OK,--,9:43:19 AM,6/21/2025,
1295,25.3,gf,1.730,mm,OK,--,9:43:19 AM,6/21/2025,
1296,25.5,gf,1.725,mm,OK,--,9:43:19 AM,6/21/2025,
1297,25.8,gf,1.720,mm,OK,--,9:43:20 AM,6/21/2025,
1298,25.9,gf,1.715,mm,OK,--,9:43:20 AM,6/21/2025,
1299,26.0,gf,1.710,mm,OK,--,9:43:20 AM,6/21/2025,
1300,25.9,gf,1.705,mm,OK,--,9:43:20 AM,6/21/2025,
1301,26.0,gf,1.700,mm,OK,--,9:43:20 AM,6/21/2025,
1302,25.9,gf,1.695,mm,OK,--,9:43:20 AM,6/21/2025,
1303,26.1,gf,1.685,mm,OK,--,9:43:20 AM,6/21/2025,
1304,26.3,gf,1.680,mm,OK,--,9:43:20 AM,6/21/2025,
1305,26.3,gf,1.675,mm,OK,--,9:43:20 AM,6/21/2025,
1306,26.5,gf,1.670,mm,OK,--,9:43:20 AM,6/21/2025,
1307,26.7,gf,1.665,mm,OK,--,9:43:21 AM,6/21/2025,
1308,26.7,gf,1.660,mm,OK,--,9:43:21 AM,6/21/2025,
1309,26.7,gf,1.655,mm,OK,--,9:43:21 AM,6/21/2025,
1310,26.7,gf,1.650,mm,OK,--,9:43:21 AM,6/21/2025,
1311,26.7,gf,1.645,mm,OK,--,9:43:21 AM,6/21/2025,
1312,26.8,gf,1.640,mm,OK,--,9:43:21 AM,6/21/2025,
1313,26.9,gf,1.630,mm,OK,--,9:43:21 AM,6/21/2025,
1314,27.1,gf,1.625,mm,OK,--,9:43:21 AM,6/21/2025,
1315,27.6,gf,1.615,mm,OK,--,9:43:21 AM,6/21/2025,
1316,27.6,gf,1.610,mm,OK,--,9:43:21 AM,6/21/2025,
1317,27.9,gf,1.605,mm,OK,--,9:43:22 AM,6/21/2025,
1318,28.1,gf,1.600,mm,OK,--,9:43:22 AM,6/21/2025,
1319,28.3,gf,1.595,mm,OK,--,9:43:22 AM,6/21/2025,
1320,28.2,gf,1.595,mm,OK,--,9:43:22 AM,6/21/2025,
1321,28.2,gf,1.590,mm,OK,--,9:43:22 AM,6/21/2025,
1322,28.4,gf,1.585,mm,OK,--,9:43:22 AM,6/21/2025,
1323,28.4,gf,1.580,mm,OK,--,9:43:22 AM,6/21/2025,
1324,28.5,gf,1.575,mm,OK,--,9:43:22 AM,6/21/2025,
1325,28.6,gf,1.575,mm,OK,--,9:43:22 AM,6/21/2025,
1326,28.7,gf,1.570,mm,OK,--,9:43:22 AM,6/21/2025,
1327,28.7,gf,1.570,mm,OK,--,9:43:23 AM,6/21/2025,
1328,28.7,gf,1.565,mm,OK,--,9:43:23 AM,6/21/2025,
1329,28.7,gf,1.560,mm,OK,--,9:43:23 AM,6/21/2025,
1330,28.8,gf,1.550,mm,OK,--,9:43:23 AM,6/21/2025,
1331,29.1,gf,1.545,mm,OK,--,9:43:23 AM,6/21/2025,
1332,29.4,gf,1.540,mm,OK,--,9:43:23 AM,6/21/2025,
1333,29.5,gf,1.535,mm,OK,--,9:43:23 AM,6/21/2025,
1334,29.6,gf,1.530,mm,OK,--,9:43:23 AM,6/21/2025,
1335,29.6,gf,1.525,mm,OK,--,9:43:23 AM,6/21/2025,
1336,29.7,gf,1.520,mm,OK,--,9:43:23 AM,6/21/2025,
1337,29.8,gf,1.515,mm,OK,--,9:43:24 AM,6/21/2025,
1338,29.8,gf,1.510,mm,OK,--,9:43:24 AM,6/21/2025,
1339,29.8,gf,1.510,mm,OK,--,9:43:24 AM,6/21/2025,
1340,29.7,gf,1.505,mm,OK,--,9:43:24 AM,6/21/2025,
1341,29.9,gf,1.500,mm,OK,--,9:43:24 AM,6/21/2025,
1342,30.0,gf,1.495,mm,OK,--,9:43:24 AM,6/21/2025,
1343,30.2,gf,1.495,mm,OK,--,9:43:24 AM,6/21/2025,
1344,30.3,gf,1.495,mm,OK,--,9:43:24 AM,6/21/2025,
1345,30.2,gf,1.490,mm,OK,--,9:43:24 AM,6/21/2025,
1346,30.3,gf,1.490,mm,OK,--,9:43:24 AM,6/21/2025,
1347,30.4,gf,1.485,mm,OK,--,9:43:25 AM,6/21/2025,
1348,30.3,gf,1.485,mm,OK,--,9:43:25 AM,6/21/2025,
1349,29.8,gf,1.480,mm,OK,--,9:43:25 AM,6/21/2025,
1350,29.8,gf,1.475,mm,OK,--,9:43:25 AM,6/21/2025,
1351,30.2,gf,1.470,mm,OK,--,9:43:25 AM,6/21/2025,
1352,30.5,gf,1.465,mm,OK,--,9:43:25 AM,6/21/2025,
1353,30.5,gf,1.460,mm,OK,--,9:43:25 AM,6/21/2025,
1354,30.8,gf,1.455,mm,OK,--,9:43:25 AM,6/21/2025,
1355,31.0,gf,1.450,mm,OK,--,9:43:25 AM,6/21/2025,
1356,31.3,gf,1.445,mm,OK,--,9:43:25 AM,6/21/2025,
1357,31.4,gf,1.440,mm,OK,--,9:43:26 AM,6/21/2025,
1358,31.5,gf,1.435,mm,OK,--,9:43:26 AM,6/21/2025,
1359,31.5,gf,1.430,mm,OK,--,9:43:26 AM,6/21/2025,
1360,31.7,gf,1.425,mm,OK,--,9:43:26 AM,6/21/2025,
1361,31.9,gf,1.420,mm,OK,--,9:43:26 AM,6/21/2025,
1362,31.9,gf,1.415,mm,OK,--,9:43:26 AM,6/21/2025,
1363,32.3,gf,1.415,mm,OK,--,9:43:26 AM,6/21/2025,
1364,32.3,gf,1.410,mm,OK,--,9:43:26 AM,6/21/2025,
1365,32.3,gf,1.410,mm,OK,--,9:43:26 AM,6/21/2025,
1366,32.2,gf,1.405,mm,OK,--,9:43:26 AM,6/21/2025,
1367,32.2,gf,1.405,mm,OK,--,9:43:27 AM,6/21/2025,
1368,32.2,gf,1.400,mm,OK,--,9:43:27 AM,6/21/2025,
1369,32.1,gf,1.395,mm,OK,--,9:43:27 AM,6/21/2025,
1370,32.2,gf,1.395,mm,OK,--,9:43:27 AM,6/21/2025,
1371,32.3,gf,1.390,mm,OK,--,9:43:27 AM,6/21/2025,
1372,32.5,gf,1.385,mm,OK,--,9:43:27 AM,6/21/2025,
1373,32.4,gf,1.385,mm,OK,--,9:43:27 AM,6/21/2025,
1374,32.4,gf,1.380,mm,OK,--,9:43:27 AM,6/21/2025,
1375,32.6,gf,1.380,mm,OK,--,9:43:27 AM,6/21/2025,
1376,32.7,gf,1.375,mm,OK,--,9:43:27 AM,6/21/2025,
1377,32.7,gf,1.375,mm,OK,--,9:43:28 AM,6/21/2025,
1378,32.4,gf,1.370,mm,OK,--,9:43:28 AM,6/21/2025,
1379,32.5,gf,1.370,mm,OK,--,9:43:28 AM,6/21/2025,
1380,32.7,gf,1.365,mm,OK,--,9:43:28 AM,6/21/2025,
1381,32.8,gf,1.360,mm,OK,--,9:43:28 AM,6/21/2025,
1382,32.9,gf,1.355,mm,OK,--,9:43:28 AM,6/21/2025,
1383,33.1,gf,1.350,mm,OK,--,9:43:28 AM,6/21/2025,
1384,33.2,gf,1.345,mm,OK,--,9:43:28 AM,6/21/2025,
1385,33.2,gf,1.340,mm,OK,--,9:43:28 AM,6/21/2025,
1386,33.4,gf,1.335,mm,OK,--,9:43:28 AM,6/21/2025,
1387,33.5,gf,1.335,mm,OK,--,9:43:29 AM,6/21/2025,
1388,33.3,gf,1.330,mm,OK,--,9:43:29 AM,6/21/2025,
1389,33.6,gf,1.320,mm,OK,--,9:43:29 AM,6/21/2025,
1390,33.6,gf,1.315,mm,OK,--,9:43:29 AM,6/21/2025,
1391,33.7,gf,1.310,mm,OK,--,9:43:29 AM,6/21/2025,
1392,33.9,gf,1.305,mm,OK,--,9:43:29 AM,6/21/2025,
1393,34.2,gf,1.300,mm,OK,--,9:43:29 AM,6/21/2025,
1394,34.2,gf,1.295,mm,OK,--,9:43:29 AM,6/21/2025,
1395,34.4,gf,1.290,mm,OK,--,9:43:29 AM,6/21/2025,
1396,34.6,gf,1.290,mm,OK,--,9:43:29 AM,6/21/2025,
1397,34.5,gf,1.285,mm,OK,--,9:43:30 AM,6/21/2025,
1398,34.4,gf,1.285,mm,OK,--,9:43:30 AM,6/21/2025,
1399,34.5,gf,1.280,mm,OK,--,9:43:30 AM,6/21/2025,
1400,34.7,gf,1.275,mm,OK,--,9:43:30 AM,6/21/2025,
1401,34.7,gf,1.270,mm,OK,--,9:43:30 AM,6/21/2025,
1402,34.8,gf,1.265,mm,OK,--,9:43:30 AM,6/21/2025,
1403,34.8,gf,1.260,mm,OK,--,9:43:30 AM,6/21/2025,
1404,34.7,gf,1.255,mm,OK,--,9:43:30 AM,6/21/2025,
1405,34.9,gf,1.255,mm,OK,--,9:43:30 AM,6/21/2025,
1406,34.9,gf,1.250,mm,OK,--,9:43:30 AM,6/21/2025,
1407,34.6,gf,1.245,mm,OK,--,9:43:31 AM,6/21/2025,
1408,34.5,gf,1.240,mm,OK,--,9:43:31 AM,6/21/2025,
1409,34.6,gf,1.235,mm,OK,--,9:43:31 AM,6/21/2025,
1410,34.7,gf,1.230,mm,OK,--,9:43:31 AM,6/21/2025,
1411,34.8,gf,1.230,mm,OK,--,9:43:31 AM,6/21/2025,
1412,34.9,gf,1.225,mm,OK,--,9:43:31 AM,6/21/2025,
1413,35.0,gf,1.225,mm,OK,--,9:43:31 AM,6/21/2025,
1414,35.0,gf,1.220,mm,OK,--,9:43:31 AM,6/21/2025,
1415,34.9,gf,1.220,mm,OK,--,9:43:31 AM,6/21/2025,
1416,35.1,gf,1.215,mm,OK,--,9:43:31 AM,6/21/2025,
1417,35.0,gf,1.215,mm,OK,--,9:43:32 AM,6/21/2025,
1418,34.8,gf,1.210,mm,OK,--,9:43:32 AM,6/21/2025,
1419,34.7,gf,1.210,mm,OK,--,9:43:32 AM,6/21/2025,
1420,34.7,gf,1.200,mm,OK,--,9:43:32 AM,6/21/2025,
1421,34.7,gf,1.195,mm,OK,--,9:43:32 AM,6/21/2025,
1422,34.7,gf,1.190,mm,OK,--,9:43:32 AM,6/21/2025,
1423,34.8,gf,1.185,mm,OK,--,9:43:32 AM,6/21/2025,
1424,34.9,gf,1.180,mm,OK,--,9:43:32 AM,6/21/2025,
1425,35.0,gf,1.175,mm,OK,--,9:43:32 AM,6/21/2025,
1426,35.1,gf,1.170,mm,OK,--,9:43:32 AM,6/21/2025,
1427,34.9,gf,1.160,mm,OK,--,9:43:33 AM,6/21/2025,
1428,35.1,gf,1.155,mm,OK,--,9:43:33 AM,6/21/2025,
1429,35.3,gf,1.150,mm,OK,--,9:43:33 AM,6/21/2025,
1430,35.5,gf,1.145,mm,OK,--,9:43:33 AM,6/21/2025,
1431,35.5,gf,1.145,mm,OK,--,9:43:33 AM,6/21/2025,
1432,35.7,gf,1.140,mm,OK,--,9:43:33 AM,6/21/2025,
1433,35.7,gf,1.140,mm,OK,--,9:43:33 AM,6/21/2025,
1434,35.7,gf,1.135,mm,OK,--,9:43:33 AM,6/21/2025,
1435,35.8,gf,1.130,mm,OK,--,9:43:33 AM,6/21/2025,
1436,36.0,gf,1.130,mm,OK,--,9:43:33 AM,6/21/2025,
1437,35.9,gf,1.125,mm,OK,--,9:43:34 AM,6/21/2025,
1438,35.9,gf,1.120,mm,OK,--,9:43:34 AM,6/21/2025,
1439,36.0,gf,1.115,mm,OK,--,9:43:34 AM,6/21/2025,
1440,36.1,gf,1.110,mm,OK,--,9:43:34 AM,6/21/2025,
1441,36.3,gf,1.110,mm,OK,--,9:43:34 AM,6/21/2025,
1442,36.5,gf,1.105,mm,OK,--,9:43:34 AM,6/21/2025,
1443,36.5,gf,1.105,mm,OK,--,9:43:34 AM,6/21/2025,
1444,36.5,gf,1.100,mm,OK,--,9:43:34 AM,6/21/2025,
1445,36.6,gf,1.100,mm,OK,--,9:43:34 AM,6/21/2025,
1446,36.4,gf,1.095,mm,OK,--,9:43:34 AM,6/21/2025,
1447,36.4,gf,1.095,mm,OK,--,9:43:35 AM,6/21/2025,
1448,36.4,gf,1.090,mm,OK,--,9:43:35 AM,6/21/2025,
1449,36.4,gf,1.090,mm,OK,--,9:43:35 AM,6/21/2025,
1450,36.6,gf,1.085,mm,OK,--,9:43:35 AM,6/21/2025,
1451,36.6,gf,1.085,mm,OK,--,9:43:35 AM,6/21/2025,
1452,36.5,gf,1.080,mm,OK,--,9:43:35 AM,6/21/2025,
1453,36.7,gf,1.080,mm,OK,--,9:43:35 AM,6/21/2025,
1454,36.9,gf,1.075,mm,OK,--,9:43:35 AM,6/21/2025,
1455,36.6,gf,1.075,mm,OK,--,9:43:35 AM,6/21/2025,
1456,36.4,gf,1.070,mm,OK,--,9:43:35 AM,6/21/2025,
1457,36.6,gf,1.070,mm,OK,--,9:43:36 AM,6/21/2025,
1458,36.9,gf,1.065,mm,OK,--,9:43:36 AM,6/21/2025,
1459,36.8,gf,1.065,mm,OK,--,9:43:36 AM,6/21/2025,
1460,36.8,gf,1.060,mm,OK,--,9:43:36 AM,6/21/2025,
1461,36.9,gf,1.060,mm,OK,--,9:43:36 AM,6/21/2025,
1462,36.8,gf,1.060,mm,OK,--,9:43:36 AM,6/21/2025,
1463,36.7,gf,1.055,mm,OK,--,9:43:36 AM,6/21/2025,
1464,36.9,gf,1.050,mm,OK,--,9:43:36 AM,6/21/2025,
1465,37.1,gf,1.050,mm,OK,--,9:43:36 AM,6/21/2025,
1466,37.3,gf,1.045,mm,OK,--,9:43:36 AM,6/21/2025,
1467,37.3,gf,1.045,mm,OK,--,9:43:37 AM,6/21/2025,
1468,37.3,gf,1.045,mm,OK,--,9:43:37 AM,6/21/2025,
1469,37.5,gf,1.040,mm,OK,--,9:43:37 AM,6/21/2025,
1470,37.6,gf,1.040,mm,OK,--,9:43:37 AM,6/21/2025,
1471,37.6,gf,1.040,mm,OK,--,9:43:37 AM,6/21/2025,
1472,37.3,gf,1.040,mm,OK,--,9:43:37 AM,6/21/2025,
1473,37.3,gf,1.035,mm,OK,--,9:43:37 AM,6/21/2025,
1474,37.5,gf,1.035,mm,OK,--,9:43:37 AM,6/21/2025,
1475,37.6,gf,1.030,mm,OK,--,9:43:37 AM,6/21/2025,
1476,37.8,gf,1.030,mm,OK,--,9:43:37 AM,6/21/2025,
1477,37.8,gf,1.030,mm,OK,--,9:43:38 AM,6/21/2025,
1478,37.8,gf,1.030,mm,OK,--,9:43:38 AM,6/21/2025,
1479,37.7,gf,1.030,mm,OK,--,9:43:38 AM,6/21/2025,
1480,37.6,gf,1.025,mm,OK,--,9:43:38 AM,6/21/2025,
1481,37.6,gf,1.025,mm,OK,--,9:43:38 AM,6/21/2025,
1482,37.6,gf,1.025,mm,OK,--,9:43:38 AM,6/21/2025,
1483,37.7,gf,1.020,mm,OK,--,9:43:38 AM,6/21/2025,
1484,37.8,gf,1.020,mm,OK,--,9:43:38 AM,6/21/2025,
1485,37.9,gf,1.020,mm,OK,--,9:43:38 AM,6/21/2025,
1486,37.6,gf,1.015,mm,OK,--,9:43:38 AM,6/21/2025,
1487,37.6,gf,1.015,mm,OK,--,9:43:39 AM,6/21/2025,
1488,37.8,gf,1.015,mm,OK,--,9:43:39 AM,6/21/2025,
1489,37.9,gf,1.010,mm,OK,--,9:43:39 AM,6/21/2025,
1490,38.0,gf,1.010,mm,OK,--,9:43:39 AM,6/21/2025,
1491,37.7,gf,1.010,mm,OK,--,9:43:39 AM,6/21/2025,
1492,37.7,gf,1.005,mm,OK,--,9:43:39 AM,6/21/2025,
1493,37.8,gf,1.005,mm,OK,--,9:43:39 AM,6/21/2025,
1494,37.9,gf,1.000,mm,OK,--,9:43:39 AM,6/21/2025,
1495,38.0,gf,1.000,mm,OK,--,9:43:39 AM,6/21/2025,
1496,38.2,gf,1.000,mm,OK,--,9:43:39 AM,6/21/2025,
1497,38.3,gf,0.995,mm,OK,--,9:43:40 AM,6/21/2025,
1498,38.3,gf,0.995,mm,OK,--,9:43:40 AM,6/21/2025,
1499,38.0,gf,0.995,mm,OK,--,9:43:40 AM,6/21/2025,
1500,37.9,gf,0.990,mm,OK,--,9:43:40 AM,6/21/2025,
1501,37.9,gf,0.990,mm,OK,--,9:43:40 AM,6/21/2025,
1502,38.1,gf,0.985,mm,OK,--,9:43:40 AM,6/21/2025,
1503,38.4,gf,0.985,mm,OK,--,9:43:40 AM,6/21/2025,
1504,38.4,gf,0.985,mm,OK,--,9:43:40 AM,6/21/2025,
1505,38.5,gf,0.980,mm,OK,--,9:43:40 AM,6/21/2025,
1506,38.6,gf,0.980,mm,OK,--,9:43:40 AM,6/21/2025,
1507,38.4,gf,0.980,mm,OK,--,9:43:41 AM,6/21/2025,
1508,38.4,gf,0.975,mm,OK,--,9:43:41 AM,6/21/2025,
1509,38.3,gf,0.975,mm,OK,--,9:43:41 AM,6/21/2025,
1510,38.3,gf,0.970,mm,OK,--,9:43:41 AM,6/21/2025,
1511,38.3,gf,0.970,mm,OK,--,9:43:41 AM,6/21/2025,
1512,38.6,gf,0.965,mm,OK,--,9:43:41 AM,6/21/2025,
1513,38.6,gf,0.965,mm,OK,--,9:43:41 AM,6/21/2025,
1514,38.9,gf,0.960,mm,OK,--,9:43:41 AM,6/21/2025,
1515,39.2,gf,0.960,mm,OK,--,9:43:41 AM,6/21/2025,
1516,39.2,gf,0.960,mm,OK,--,9:43:41 AM,6/21/2025,
1517,39.0,gf,0.960,mm,OK,--,9:43:42 AM,6/21/2025,
1518,38.9,gf,0.955,mm,OK,--,9:43:42 AM,6/21/2025,
1519,38.8,gf,0.955,mm,OK,--,9:43:42 AM,6/21/2025,
1520,38.9,gf,0.955,mm,OK,--,9:43:42 AM,6/21/2025,
1521,38.8,gf,0.950,mm,OK,--,9:43:42 AM,6/21/2025,
1522,39.0,gf,0.945,mm,OK,--,9:43:42 AM,6/21/2025,
1523,39.0,gf,0.945,mm,OK,--,9:43:42 AM,6/21/2025,
1524,39.0,gf,0.940,mm,OK,--,9:43:42 AM,6/21/2025,
1525,39.0,gf,0.935,mm,OK,--,9:43:42 AM,6/21/2025,
1526,39.2,gf,0.935,mm,OK,--,9:43:42 AM,6/21/2025,
1527,39.1,gf,0.930,mm,OK,--,9:43:43 AM,6/21/2025,
1528,39.1,gf,0.925,mm,OK,--,9:43:43 AM,6/21/2025,
1529,39.1,gf,0.920,mm,OK,--,9:43:43 AM,6/21/2025,
1530,39.2,gf,0.915,mm,OK,--,9:43:43 AM,6/21/2025,
1531,39.2,gf,0.910,mm,OK,--,9:43:43 AM,6/21/2025,
1532,39.2,gf,0.905,mm,OK,--,9:43:43 AM,6/21/2025,
1533,39.1,gf,0.900,mm,OK,--,9:43:43 AM,6/21/2025,
1534,39.3,gf,0.895,mm,OK,--,9:43:43 AM,6/21/2025,
1535,39.8,gf,0.885,mm,OK,--,9:43:43 AM,6/21/2025,
1536,39.8,gf,0.880,mm,OK,--,9:43:43 AM,6/21/2025,
1537,40.0,gf,0.875,mm,OK,--,9:43:44 AM,6/21/2025,
1538,40.1,gf,0.875,mm,OK,--,9:43:44 AM,6/21/2025,
1539,40.1,gf,0.870,mm,OK,--,9:43:44 AM,6/21/2025,
1540,40.2,gf,0.870,mm,OK,--,9:43:44 AM,6/21/2025,
1541,40.2,gf,0.865,mm,OK,--,9:43:44 AM,6/21/2025,
1542,40.1,gf,0.865,mm,OK,--,9:43:44 AM,6/21/2025,
1543,40.1,gf,0.860,mm,OK,--,9:43:44 AM,6/21/2025,
1544,40.3,gf,0.855,mm,OK,--,9:43:44 AM,6/21/2025,
1545,40.4,gf,0.855,mm,OK,--,9:43:44 AM,6/21/2025,
1546,40.4,gf,0.850,mm,OK,--,9:43:44 AM,6/21/2025,
1547,40.4,gf,0.850,mm,OK,--,9:43:45 AM,6/21/2025,
1548,40.7,gf,0.850,mm,OK,--,9:43:45 AM,6/21/2025,
1549,40.7,gf,0.850,mm,OK,--,9:43:45 AM,6/21/2025,
1550,40.8,gf,0.845,mm,OK,--,9:43:45 AM,6/21/2025,
1551,40.8,gf,0.845,mm,OK,--,9:43:45 AM,6/21/2025,
1552,40.7,gf,0.845,mm,OK,--,9:43:45 AM,6/21/2025,
1553,40.4,gf,0.845,mm,OK,--,9:43:45 AM,6/21/2025,
1554,40.3,gf,0.840,mm,OK,--,9:43:45 AM,6/21/2025,
1555,40.5,gf,0.840,mm,OK,--,9:43:45 AM,6/21/2025,
1556,40.5,gf,0.835,mm,OK,--,9:43:45 AM,6/21/2025,
1557,40.5,gf,0.835,mm,OK,--,9:43:46 AM,6/21/2025,
1558,40.5,gf,0.830,mm,OK,--,9:43:46 AM,6/21/2025,
1559,40.4,gf,0.830,mm,OK,--,9:43:46 AM,6/21/2025,
1560,40.3,gf,0.825,mm,OK,--,9:43:46 AM,6/21/2025,
1561,40.5,gf,0.820,mm,OK,--,9:43:46 AM,6/21/2025,
1562,40.6,gf,0.815,mm,OK,--,9:43:46 AM,6/21/2025,
1563,40.5,gf,0.810,mm,OK,--,9:43:46 AM,6/21/2025,
1564,40.7,gf,0.805,mm,OK,--,9:43:46 AM,6/21/2025,
1565,40.9,gf,0.805,mm,OK,--,9:43:46 AM,6/21/2025,
1566,41.1,gf,0.800,mm,OK,--,9:43:46 AM,6/21/2025,
1567,41.2,gf,0.800,mm,OK,--,9:43:47 AM,6/21/2025,
1568,41.3,gf,0.795,mm,OK,--,9:43:47 AM,6/21/2025,
1569,41.4,gf,0.795,mm,OK,--,9:43:47 AM,6/21/2025,
1570,41.2,gf,0.795,mm,OK,--,9:43:47 AM,6/21/2025,
1571,41.2,gf,0.790,mm,OK,--,9:43:47 AM,6/21/2025,
1572,41.2,gf,0.790,mm,OK,--,9:43:47 AM,6/21/2025,
1573,41.2,gf,0.785,mm,OK,--,9:43:47 AM,6/21/2025,
1574,41.1,gf,0.785,mm,OK,--,9:43:47 AM,6/21/2025,
1575,41.1,gf,0.780,mm,OK,--,9:43:47 AM,6/21/2025,
1576,41.2,gf,0.775,mm,OK,--,9:43:47 AM,6/21/2025,
1577,41.2,gf,0.775,mm,OK,--,9:43:48 AM,6/21/2025,
1578,41.5,gf,0.770,mm,OK,--,9:43:48 AM,6/21/2025,
1579,41.5,gf,0.770,mm,OK,--,9:43:48 AM,6/21/2025,
1580,41.5,gf,0.765,mm,OK,--,9:43:48 AM,6/21/2025,
1581,41.4,gf,0.760,mm,OK,--,9:43:48 AM,6/21/2025,
1582,41.4,gf,0.755,mm,OK,--,9:43:48 AM,6/21/2025,
1583,41.6,gf,0.755,mm,OK,--,9:43:48 AM,6/21/2025,
1584,41.8,gf,0.750,mm,OK,--,9:43:48 AM,6/21/2025,
1585,41.8,gf,0.745,mm,OK,--,9:43:48 AM,6/21/2025,
1586,41.9,gf,0.745,mm,OK,--,9:43:48 AM,6/21/2025,
1587,42.0,gf,0.740,mm,OK,--,9:43:49 AM,6/21/2025,
1588,42.0,gf,0.740,mm,OK,--,9:43:49 AM,6/21/2025,
1589,41.9,gf,0.740,mm,OK,--,9:43:49 AM,6/21/2025,
1590,41.9,gf,0.735,mm,OK,--,9:43:49 AM,6/21/2025,
1591,42.0,gf,0.730,mm,OK,--,9:43:49 AM,6/21/2025,
1592,42.0,gf,0.730,mm,OK,--,9:43:49 AM,6/21/2025,
1593,41.9,gf,0.720,mm,OK,--,9:43:49 AM,6/21/2025,
1594,41.9,gf,0.715,mm,OK,--,9:43:49 AM,6/21/2025,
1595,42.0,gf,0.710,mm,OK,--,9:43:49 AM,6/21/2025,
1596,42.3,gf,0.705,mm,OK,--,9:43:49 AM,6/21/2025,
1597,42.4,gf,0.705,mm,OK,--,9:43:50 AM,6/21/2025,
1598,42.0,gf,0.700,mm,OK,--,9:43:50 AM,6/21/2025,
1599,42.1,gf,0.695,mm,OK,--,9:43:50 AM,6/21/2025,
1600,42.1,gf,0.690,mm,OK,--,9:43:50 AM,6/21/2025,
1601,42.1,gf,0.685,mm,OK,--,9:43:50 AM,6/21/2025,
1602,41.9,gf,0.680,mm,OK,--,9:43:50 AM,6/21/2025,
1603,42.0,gf,0.675,mm,OK,--,9:43:50 AM,6/21/2025,
1604,42.1,gf,0.670,mm,OK,--,9:43:50 AM,6/21/2025,
1605,42.1,gf,0.665,mm,OK,--,9:43:50 AM,6/21/2025,
1606,42.2,gf,0.660,mm,OK,--,9:43:50 AM,6/21/2025,
1607,42.1,gf,0.650,mm,OK,--,9:43:51 AM,6/21/2025,
1608,42.3,gf,0.645,mm,OK,--,9:43:51 AM,6/21/2025,
1609,42.5,gf,0.640,mm,OK,--,9:43:51 AM,6/21/2025,
1610,42.6,gf,0.640,mm,OK,--,9:43:51 AM,6/21/2025,
1611,42.5,gf,0.635,mm,OK,--,9:43:51 AM,6/21/2025,
1612,42.3,gf,0.635,mm,OK,--,9:43:51 AM,6/21/2025,
1613,42.3,gf,0.630,mm,OK,--,9:43:51 AM,6/21/2025,
1614,42.4,gf,0.625,mm,OK,--,9:43:51 AM,6/21/2025,
1615,42.6,gf,0.620,mm,OK,--,9:43:51 AM,6/21/2025,
1616,42.8,gf,0.620,mm,OK,--,9:43:51 AM,6/21/2025,
1617,42.7,gf,0.615,mm,OK,--,9:43:52 AM,6/21/2025,
1618,42.6,gf,0.615,mm,OK,--,9:43:52 AM,6/21/2025,
1619,42.6,gf,0.610,mm,OK,--,9:43:52 AM,6/21/2025,
1620,42.8,gf,0.610,mm,OK,--,9:43:52 AM,6/21/2025,
1621,42.8,gf,0.610,mm,OK,--,9:43:52 AM,6/21/2025,
1622,42.5,gf,0.605,mm,OK,--,9:43:52 AM,6/21/2025,
1623,42.5,gf,0.600,mm,OK,--,9:43:52 AM,6/21/2025,
1624,42.5,gf,0.600,mm,OK,--,9:43:52 AM,6/21/2025,
1625,42.4,gf,0.595,mm,OK,--,9:43:52 AM,6/21/2025,
1626,42.4,gf,0.590,mm,OK,--,9:43:52 AM,6/21/2025,
1627,42.4,gf,0.590,mm,OK,--,9:43:53 AM,6/21/2025,
1628,42.2,gf,0.580,mm,OK,--,9:43:53 AM,6/21/2025,
1629,42.3,gf,0.575,mm,OK,--,9:43:53 AM,6/21/2025,
1630,42.3,gf,0.575,mm,OK,--,9:43:53 AM,6/21/2025,
1631,42.4,gf,0.570,mm,OK,--,9:43:53 AM,6/21/2025,
1632,42.2,gf,0.570,mm,OK,--,9:43:53 AM,6/21/2025,
1633,42.3,gf,0.565,mm,OK,--,9:43:53 AM,6/21/2025,
1634,42.4,gf,0.565,mm,OK,--,9:43:53 AM,6/21/2025,
1635,42.4,gf,0.565,mm,OK,--,9:43:53 AM,6/21/2025,
1636,42.4,gf,0.560,mm,OK,--,9:43:53 AM,6/21/2025,
1637,42.3,gf,0.560,mm,OK,--,9:43:54 AM,6/21/2025,
1638,42.1,gf,0.560,mm,OK,--,9:43:54 AM,6/21/2025,
1639,41.9,gf,0.555,mm,OK,--,9:43:54 AM,6/21/2025,
1640,41.7,gf,0.555,mm,OK,--,9:43:54 AM,6/21/2025,
1641,41.7,gf,0.550,mm,OK,--,9:43:54 AM,6/21/2025,
1642,41.6,gf,0.545,mm,OK,--,9:43:54 AM,6/21/2025,
1643,41.5,gf,0.540,mm,OK,--,9:43:54 AM,6/21/2025,
1644,41.5,gf,0.535,mm,OK,--,9:43:54 AM,6/21/2025,
1645,41.3,gf,0.535,mm,OK,--,9:43:54 AM,6/21/2025,
1646,41.3,gf,0.530,mm,OK,--,9:43:54 AM,6/21/2025,
1647,41.3,gf,0.530,mm,OK,--,9:43:55 AM,6/21/2025,
1648,41.2,gf,0.525,mm,OK,--,9:43:55 AM,6/21/2025,
1649,40.8,gf,0.525,mm,OK,--,9:43:55 AM,6/21/2025,
1650,40.6,gf,0.520,mm,OK,--,9:43:55 AM,6/21/2025,
1651,40.5,gf,0.515,mm,OK,--,9:43:55 AM,6/21/2025,
1652,40.3,gf,0.510,mm,OK,--,9:43:55 AM,6/21/2025,
1653,40.1,gf,0.505,mm,OK,--,9:43:55 AM,6/21/2025,
1654,40.1,gf,0.505,mm,OK,--,9:43:55 AM,6/21/2025,
1655,39.8,gf,0.500,mm,OK,--,9:43:55 AM,6/21/2025,
1656,39.7,gf,0.495,mm,OK,--,9:43:55 AM,6/21/2025,
1657,39.6,gf,0.495,mm,OK,--,9:43:56 AM,6/21/2025,
1658,39.6,gf,0.490,mm,OK,--,9:43:56 AM,6/21/2025,
1659,39.7,gf,0.490,mm,OK,--,9:43:56 AM,6/21/2025,
1660,39.6,gf,0.485,mm,OK,--,9:43:56 AM,6/21/2025,
1661,39.4,gf,0.485,mm,OK,--,9:43:56 AM,6/21/2025,
1662,39.4,gf,0.485,mm,OK,--,9:43:56 AM,6/21/2025,
1663,39.3,gf,0.480,mm,OK,--,9:43:56 AM,6/21/2025,
1664,39.2,gf,0.480,mm,OK,--,9:43:56 AM,6/21/2025,
1665,39.3,gf,0.475,mm,OK,--,9:43:56 AM,6/21/2025,
1666,39.3,gf,0.475,mm,OK,--,9:43:56 AM,6/21/2025,
1667,39.0,gf,0.475,mm,OK,--,9:43:57 AM,6/21/2025,
1668,39.0,gf,0.470,mm,OK,--,9:43:57 AM,6/21/2025,
1669,38.9,gf,0.470,mm,OK,--,9:43:57 AM,6/21/2025,
1670,38.7,gf,0.465,mm,OK,--,9:43:57 AM,6/21/2025,
1671,38.4,gf,0.465,mm,OK,--,9:43:57 AM,6/21/2025,
1672,38.3,gf,0.460,mm,OK,--,9:43:57 AM,6/21/2025,
1673,38.2,gf,0.455,mm,OK,--,9:43:57 AM,6/21/2025,
1674,38.1,gf,0.450,mm,OK,--,9:43:57 AM,6/21/2025,
1675,37.9,gf,0.445,mm,OK,--,9:43:57 AM,6/21/2025,
1676,37.7,gf,0.445,mm,OK,--,9:43:57 AM,6/21/2025,
1677,37.6,gf,0.440,mm,OK,--,9:43:58 AM,6/21/2025,
1678,37.5,gf,0.435,mm,OK,--,9:43:58 AM,6/21/2025,
1679,37.3,gf,0.435,mm,OK,--,9:43:58 AM,6/21/2025,
1680,37.1,gf,0.430,mm,OK,--,9:43:58 AM,6/21/2025,
1681,36.9,gf,0.425,mm,OK,--,9:43:58 AM,6/21/2025,
1682,36.8,gf,0.420,mm,OK,--,9:43:58 AM,6/21/2025,
1683,36.7,gf,0.415,mm,OK,--,9:43:58 AM,6/21/2025,
1684,36.4,gf,0.415,mm,OK,--,9:43:58 AM,6/21/2025,
1685,36.0,gf,0.410,mm,OK,--,9:43:58 AM,6/21/2025,
1686,35.7,gf,0.405,mm,OK,--,9:43:58 AM,6/21/2025,
1687,35.2,gf,0.405,mm,OK,--,9:43:59 AM,6/21/2025,
1688,34.9,gf,0.400,mm,OK,--,9:43:59 AM,6/21/2025,
1689,34.8,gf,0.395,mm,OK,--,9:43:59 AM,6/21/2025,
1690,34.2,gf,0.395,mm,OK,--,9:43:59 AM,6/21/2025,
1691,33.8,gf,0.390,mm,OK,--,9:43:59 AM,6/21/2025,
1692,33.8,gf,0.385,mm,OK,--,9:43:59 AM,6/21/2025,
1693,33.6,gf,0.380,mm,OK,--,9:43:59 AM,6/21/2025,
1694,33.3,gf,0.380,mm,OK,--,9:43:59 AM,6/21/2025,
1695,33.2,gf,0.375,mm,OK,--,9:43:59 AM,6/21/2025,
1696,33.1,gf,0.370,mm,OK,--,9:43:59 AM,6/21/2025,
1697,33.0,gf,0.370,mm,OK,--,9:44:00 AM,6/21/2025,
1698,33.0,gf,0.370,mm,OK,--,9:44:00 AM,6/21/2025,
1699,32.7,gf,0.365,mm,OK,--,9:44:00 AM,6/21/2025,
1700,32.3,gf,0.360,mm,OK,--,9:44:00 AM,6/21/2025,
1701,31.9,gf,0.355,mm,OK,--,9:44:00 AM,6/21/2025,
1702,31.5,gf,0.350,mm,OK,--,9:44:00 AM,6/21/2025,
1703,31.1,gf,0.345,mm,OK,--,9:44:00 AM,6/21/2025,
1704,30.9,gf,0.340,mm,OK,--,9:44:00 AM,6/21/2025,
1705,30.7,gf,0.335,mm,OK,--,9:44:00 AM,6/21/2025,
1706,30.3,gf,0.330,mm,OK,--,9:44:00 AM,6/21/2025,
1707,30.0,gf,0.325,mm,OK,--,9:44:01 AM,6/21/2025,
1708,29.8,gf,0.320,mm,OK,--,9:44:01 AM,6/21/2025,
1709,29.5,gf,0.320,mm,OK,--,9:44:01 AM,6/21/2025,
1710,28.9,gf,0.315,mm,OK,--,9:44:01 AM,6/21/2025,
1711,28.5,gf,0.310,mm,OK,--,9:44:01 AM,6/21/2025,
1712,28.4,gf,0.305,mm,OK,--,9:44:01 AM,6/21/2025,
1713,28.3,gf,0.300,mm,OK,--,9:44:01 AM,6/21/2025,
1714,27.8,gf,0.295,mm,OK,--,9:44:01 AM,6/21/2025,
1715,27.6,gf,0.295,mm,OK,--,9:44:01 AM,6/21/2025,
1716,27.3,gf,0.290,mm,OK,--,9:44:01 AM,6/21/2025,
1717,26.9,gf,0.285,mm,OK,--,9:44:02 AM,6/21/2025,
1718,26.4,gf,0.285,mm,OK,--,9:44:02 AM,6/21/2025,
1719,26.1,gf,0.280,mm,OK,--,9:44:02 AM,6/21/2025,
1720,25.8,gf,0.275,mm,OK,--,9:44:02 AM,6/21/2025,
1721,25.6,gf,0.275,mm,OK,--,9:44:02 AM,6/21/2025,
1722,25.3,gf,0.275,mm,OK,--,9:44:02 AM,6/21/2025,
1723,25.0,gf,0.270,mm,OK,--,9:44:02 AM,6/21/2025,
1724,24.6,gf,0.265,mm,OK,--,9:44:02 AM,6/21/2025,
1725,24.5,gf,0.265,mm,OK,--,9:44:02 AM,6/21/2025,
1726,24.3,gf,0.260,mm,OK,--,9:44:02 AM,6/21/2025,
1727,23.9,gf,0.260,mm,OK,--,9:44:03 AM,6/21/2025,
1728,23.6,gf,0.255,mm,OK,--,9:44:03 AM,6/21/2025,
1729,23.2,gf,0.255,mm,OK,--,9:44:03 AM,6/21/2025,
1730,22.6,gf,0.250,mm,OK,--,9:44:03 AM,6/21/2025,
1731,22.0,gf,0.240,mm,OK,--,9:44:03 AM,6/21/2025,
1732,16.0,gf,0.230,mm,OK,--,9:44:03 AM,6/21/2025,
1733,14.5,gf,0.225,mm,OK,--,9:44:03 AM,6/21/2025,
1734,14.6,gf,0.220,mm,OK,--,9:44:03 AM,6/21/2025,
1735,14.2,gf,0.215,mm,OK,--,9:44:03 AM,6/21/2025,
1736,13.9,gf,0.210,mm,OK,--,9:44:03 AM,6/21/2025,
1737,11.4,gf,0.205,mm,OK,--,9:44:04 AM,6/21/2025,
1738,7.7,gf,0.200,mm,OK,--,9:44:04 AM,6/21/2025,
1739,3.1,gf,0.195,mm,OK,--,9:44:04 AM,6/21/2025,
1740,0.4,gf,0.195,mm,OK,--,9:44:04 AM,6/21/2025,
1741,0.0,gf,0.190,mm,OK,--,9:44:04 AM,6/21/2025,
1742,0.0,gf,0.190,mm,OK,--,9:44:04 AM,6/21/2025,
1743,0.0,gf,0.185,mm,OK,--,9:44:04 AM,6/21/2025,
1744,0.0,gf,0.185,mm,OK,--,9:44:04 AM,6/21/2025,
1745,0.0,gf,0.180,mm,OK,--,9:44:04 AM,6/21/2025,
1746,0.0,gf,0.180,mm,OK,--,9:44:04 AM,6/21/2025,
1747,0.0,gf,0.175,mm,OK,--,9:44:05 AM,6/21/2025,
1748,0.0,gf,0.175,mm,OK,--,9:44:05 AM,6/21/2025,
1749,0.0,gf,0.170,mm,OK,--,9:44:05 AM,6/21/2025,
1750,0.0,gf,0.170,mm,OK,--,9:44:05 AM,6/21/2025,
1751,0.0,gf,0.170,mm,OK,--,9:44:05 AM,6/21/2025,
1752,0.0,gf,0.165,mm,OK,--,9:44:05 AM,6/21/2025,
1753,0.0,gf,0.160,mm,OK,--,9:44:05 AM,6/21/2025,
1754,0.0,gf,0.155,mm,OK,--,9:44:05 AM,6/21/2025,
1755,0.0,gf,0.150,mm,OK,--,9:44:05 AM,6/21/2025,
1756,0.0,gf,0.140,mm,OK,--,9:44:05 AM,6/21/2025,
1757,0.0,gf,0.125,mm,OK,--,9:44:06 AM,6/21/2025,
1758,0.0,gf,0.110,mm,OK,--,9:44:06 AM,6/21/2025,
1759,0.0,gf,0.095,mm,OK,--,9:44:06 AM,6/21/2025,
1760,0.0,gf,0.090,mm,OK,--,9:44:06 AM,6/21/2025,
1761,0.0,gf,0.085,mm,OK,--,9:44:06 AM,6/21/2025,
1762,0.0,gf,0.080,mm,OK,--,9:44:06 AM,6/21/2025,
1763,0.0,gf,0.070,mm,OK,--,9:44:06 AM,6/21/2025,
1764,0.0,gf,0.055,mm,OK,--,9:44:06 AM,6/21/2025,
1765,0.0,gf,0.050,mm,OK,--,9:44:06 AM,6/21/2025,
1766,0.0,gf,0.045,mm,OK,--,9:44:06 AM,6/21/2025,
1767,0.0,gf,0.035,mm,OK,--,9:44:07 AM,6/21/2025,
1768,0.2,gf,0.030,mm,OK,--,9:44:07 AM,6/21/2025,
1769,0.0,gf,0.020,mm,OK,--,9:44:07 AM,6/21/2025,
1770,0.0,gf,0.015,mm,OK,--,9:44:07 AM,6/21/2025,
1771,0.0,gf,0.010,mm,OK,--,9:44:07 AM,6/21/2025,
1772,0.0,gf,0.000,mm,OK,--,9:44:07 AM,6/21/2025,
1773,0.0,gf,0.000,mm,OK,--,9:44:07 AM,6/21/2025,
1774,0.0,gf,-0.005,mm,OK,--,9:44:07 AM,6/21/2025,
1775,0.0,gf,-0.005,mm,OK,--,9:44:07 AM,6/21/2025,
1776,0.0,gf,-0.005,mm,OK,--,9:44:07 AM,6/21/2025,
1777,0.0,gf,-0.010,mm,OK,--,9:44:08 AM,6/21/2025,
1778,0.0,gf,-0.010,mm,OK,--,9:44:08 AM,6/21/2025,
1779,0.0,gf,-0.010,mm,OK,--,9:44:08 AM,6/21/2025,
1780,0.0,gf,-0.010,mm,OK,--,9:44:08 AM,6/21/2025,
1781,0.1,gf,-0.010,mm,OK,--,9:44:08 AM,6/21/2025,
1782,0.1,gf,-0.010,mm,OK,--,9:44:08 AM,6/21/2025,
1783,0.1,gf,-0.010,mm,OK,--,9:44:08 AM,6/21/2025,
1784,0.0,gf,-0.010,mm,OK,--,9:44:08 AM,6/21/2025,
1785,0.1,gf,-0.010,mm,OK,--,9:44:08 AM,6/21/2025,
1786,0.1,gf,-0.010,mm,OK,--,9:44:08 AM,6/21/2025,
1787,0.2,gf,-0.010,mm,OK,--,9:44:09 AM,6/21/2025,
1788,0.0,gf,-0.010,mm,OK,--,9:44:09 AM,6/21/2025,
1789,0.1,gf,-0.010,mm,OK,--,9:44:09 AM,6/21/2025,
1790,0.0,gf,-0.010,mm,OK,--,9:44:09 AM,6/21/2025,
1791,0.0,gf,-0.010,mm,OK,--,9:44:09 AM,6/21/2025,
1792,0.0,gf,-0.005,mm,OK,--,9:44:09 AM,6/21/2025,
1793,0.0,gf,-0.005,mm,OK,--,9:44:09 AM,6/21/2025,
1794,0.0,gf,-0.005,mm,OK,--,9:44:09 AM,6/21/2025,
1795,0.0,gf,-0.005,mm,OK,--,9:44:09 AM,6/21/2025,
1796,0.0,gf,-0.005,mm,OK,--,9:44:09 AM,6/21/2025,
1797,0.0,gf,-0.005,mm,OK,--,9:44:10 AM,6/21/2025,
1798,0.0,gf,-0.005,mm,OK,--,9:44:10 AM,6/21/2025,
1799,0.0,gf,-0.005,mm,OK,--,9:44:10 AM,6/21/2025,
1800,0.0,gf,-0.005,mm,OK,--,9:44:10 AM,6/21/2025,
1801,0.0,gf,-0.005,mm,OK,--,9:44:10 AM,6/21/2025,
1802,0.0,gf,0.000,mm,OK,--,9:44:10 AM,6/21/2025,
1803,0.0,gf,0.000,mm,OK,--,9:44:10 AM,6/21/2025,
1804,0.0,gf,0.000,mm,OK,--,9:44:10 AM,6/21/2025,
