Maximum,193.9,@,No.945,,,,,,
Minimum,-0.1,@,No.1,,,,,,
Average,54.57,,,,,,,,
Data Quantity,1868,,,,,,,,
Number of NG,0,,,,,,,,
No.,Force,Unit,Displacement,Unit,Judge,Position,Time,Date,
1,-0.1,gf,0.000,mm,OK,--,2:21:26 PM,11/27/2025,
2,-0.1,gf,0.000,mm,OK,--,2:21:27 PM,11/27/2025,
3,0.0,gf,0.000,mm,OK,--,2:21:27 PM,11/27/2025,
4,0.0,gf,0.000,mm,OK,--,2:21:27 PM,11/27/2025,
5,-0.1,gf,0.000,mm,OK,--,2:21:27 PM,11/27/2025,
6,0.0,gf,0.000,mm,OK,--,2:21:27 PM,11/27/2025,
7,0.0,gf,0.000,mm,OK,--,2:21:27 PM,11/27/2025,
8,0.0,gf,0.005,mm,OK,--,2:21:27 PM,11/27/2025,
9,-0.1,gf,0.005,mm,OK,--,2:21:27 PM,11/27/2025,
10,0.0,gf,0.005,mm,OK,--,2:21:27 PM,11/27/2025,
11,0.0,gf,0.010,mm,OK,--,2:21:27 PM,11/27/2025,
12,0.0,gf,0.010,mm,OK,--,2:21:28 PM,11/27/2025,
13,0.0,gf,0.010,mm,OK,--,2:21:28 PM,11/27/2025,
14,0.0,gf,0.015,mm,OK,--,2:21:28 PM,11/27/2025,
15,0.2,gf,0.015,mm,OK,--,2:21:28 PM,11/27/2025,
16,1.2,gf,0.015,mm,OK,--,2:21:28 PM,11/27/2025,
17,2.0,gf,0.015,mm,OK,--,2:21:28 PM,11/27/2025,
18,2.7,gf,0.020,mm,OK,--,2:21:28 PM,11/27/2025,
19,3.4,gf,0.020,mm,OK,--,2:21:28 PM,11/27/2025,
20,4.0,gf,0.020,mm,OK,--,2:21:28 PM,11/27/2025,
21,4.8,gf,0.025,mm,OK,--,2:21:28 PM,11/27/2025,
22,5.5,gf,0.025,mm,OK,--,2:21:29 PM,11/27/2025,
23,5.9,gf,0.025,mm,OK,--,2:21:29 PM,11/27/2025,
24,6.2,gf,0.025,mm,OK,--,2:21:29 PM,11/27/2025,
25,6.4,gf,0.025,mm,OK,--,2:21:29 PM,11/27/2025,
26,6.8,gf,0.025,mm,OK,--,2:21:29 PM,11/27/2025,
27,7.1,gf,0.030,mm,OK,--,2:21:29 PM,11/27/2025,
28,7.4,gf,0.030,mm,OK,--,2:21:29 PM,11/27/2025,
29,7.8,gf,0.030,mm,OK,--,2:21:29 PM,11/27/2025,
30,7.9,gf,0.030,mm,OK,--,2:21:29 PM,11/27/2025,
31,8.2,gf,0.030,mm,OK,--,2:21:29 PM,11/27/2025,
32,8.4,gf,0.030,mm,OK,--,2:21:30 PM,11/27/2025,
33,8.7,gf,0.030,mm,OK,--,2:21:30 PM,11/27/2025,
34,8.9,gf,0.030,mm,OK,--,2:21:30 PM,11/27/2025,
35,9.2,gf,0.030,mm,OK,--,2:21:30 PM,11/27/2025,
36,9.6,gf,0.035,mm,OK,--,2:21:30 PM,11/27/2025,
37,10.0,gf,0.035,mm,OK,--,2:21:30 PM,11/27/2025,
38,10.4,gf,0.035,mm,OK,--,2:21:30 PM,11/27/2025,
39,10.9,gf,0.035,mm,OK,--,2:21:30 PM,11/27/2025,
40,11.4,gf,0.035,mm,OK,--,2:21:30 PM,11/27/2025,
41,12.1,gf,0.040,mm,OK,--,2:21:30 PM,11/27/2025,
42,12.7,gf,0.040,mm,OK,--,2:21:31 PM,11/27/2025,
43,13.3,gf,0.040,mm,OK,--,2:21:31 PM,11/27/2025,
44,13.9,gf,0.040,mm,OK,--,2:21:31 PM,11/27/2025,
45,14.5,gf,0.045,mm,OK,--,2:21:31 PM,11/27/2025,
46,15.2,gf,0.045,mm,OK,--,2:21:31 PM,11/27/2025,
47,16.1,gf,0.045,mm,OK,--,2:21:31 PM,11/27/2025,
48,17.2,gf,0.050,mm,OK,--,2:21:31 PM,11/27/2025,
49,18.5,gf,0.050,mm,OK,--,2:21:31 PM,11/27/2025,
50,20.2,gf,0.055,mm,OK,--,2:21:31 PM,11/27/2025,
51,21.7,gf,0.060,mm,OK,--,2:21:31 PM,11/27/2025,
52,23.2,gf,0.060,mm,OK,--,2:21:32 PM,11/27/2025,
53,24.2,gf,0.065,mm,OK,--,2:21:32 PM,11/27/2025,
54,25.2,gf,0.065,mm,OK,--,2:21:32 PM,11/27/2025,
55,26.3,gf,0.070,mm,OK,--,2:21:32 PM,11/27/2025,
56,27.8,gf,0.075,mm,OK,--,2:21:32 PM,11/27/2025,
57,29.2,gf,0.075,mm,OK,--,2:21:32 PM,11/27/2025,
58,30.2,gf,0.080,mm,OK,--,2:21:32 PM,11/27/2025,
59,29.2,gf,0.085,mm,OK,--,2:21:32 PM,11/27/2025,
60,30.1,gf,0.090,mm,OK,--,2:21:32 PM,11/27/2025,
61,30.4,gf,0.090,mm,OK,--,2:21:32 PM,11/27/2025,
62,30.6,gf,0.095,mm,OK,--,2:21:33 PM,11/27/2025,
63,30.7,gf,0.095,mm,OK,--,2:21:33 PM,11/27/2025,
64,31.1,gf,0.095,mm,OK,--,2:21:33 PM,11/27/2025,
65,31.4,gf,0.100,mm,OK,--,2:21:33 PM,11/27/2025,
66,31.7,gf,0.100,mm,OK,--,2:21:33 PM,11/27/2025,
67,32.1,gf,0.105,mm,OK,--,2:21:33 PM,11/27/2025,
68,32.4,gf,0.105,mm,OK,--,2:21:33 PM,11/27/2025,
69,32.8,gf,0.110,mm,OK,--,2:21:33 PM,11/27/2025,
70,33.0,gf,0.110,mm,OK,--,2:21:33 PM,11/27/2025,
71,33.0,gf,0.115,mm,OK,--,2:21:33 PM,11/27/2025,
72,33.0,gf,0.120,mm,OK,--,2:21:34 PM,11/27/2025,
73,33.1,gf,0.120,mm,OK,--,2:21:34 PM,11/27/2025,
74,33.1,gf,0.125,mm,OK,--,2:21:34 PM,11/27/2025,
75,33.1,gf,0.130,mm,OK,--,2:21:34 PM,11/27/2025,
76,33.2,gf,0.135,mm,OK,--,2:21:34 PM,11/27/2025,
77,33.2,gf,0.140,mm,OK,--,2:21:34 PM,11/27/2025,
78,33.2,gf,0.150,mm,OK,--,2:21:34 PM,11/27/2025,
79,33.3,gf,0.155,mm,OK,--,2:21:34 PM,11/27/2025,
80,33.3,gf,0.165,mm,OK,--,2:21:34 PM,11/27/2025,
81,33.3,gf,0.170,mm,OK,--,2:21:34 PM,11/27/2025,
82,33.4,gf,0.175,mm,OK,--,2:21:35 PM,11/27/2025,
83,33.4,gf,0.185,mm,OK,--,2:21:35 PM,11/27/2025,
84,33.5,gf,0.190,mm,OK,--,2:21:35 PM,11/27/2025,
85,33.5,gf,0.195,mm,OK,--,2:21:35 PM,11/27/2025,
86,33.5,gf,0.200,mm,OK,--,2:21:35 PM,11/27/2025,
87,33.5,gf,0.205,mm,OK,--,2:21:35 PM,11/27/2025,
88,33.5,gf,0.210,mm,OK,--,2:21:35 PM,11/27/2025,
89,33.6,gf,0.215,mm,OK,--,2:21:35 PM,11/27/2025,
90,33.7,gf,0.220,mm,OK,--,2:21:35 PM,11/27/2025,
91,33.7,gf,0.230,mm,OK,--,2:21:35 PM,11/27/2025,
92,33.7,gf,0.235,mm,OK,--,2:21:36 PM,11/27/2025,
93,33.7,gf,0.240,mm,OK,--,2:21:36 PM,11/27/2025,
94,33.7,gf,0.245,mm,OK,--,2:21:36 PM,11/27/2025,
95,33.7,gf,0.250,mm,OK,--,2:21:36 PM,11/27/2025,
96,33.7,gf,0.255,mm,OK,--,2:21:36 PM,11/27/2025,
97,33.7,gf,0.265,mm,OK,--,2:21:36 PM,11/27/2025,
98,33.9,gf,0.270,mm,OK,--,2:21:36 PM,11/27/2025,
99,33.9,gf,0.275,mm,OK,--,2:21:36 PM,11/27/2025,
100,33.9,gf,0.280,mm,OK,--,2:21:36 PM,11/27/2025,
101,33.9,gf,0.280,mm,OK,--,2:21:36 PM,11/27/2025,
102,33.9,gf,0.285,mm,OK,--,2:21:37 PM,11/27/2025,
103,33.9,gf,0.290,mm,OK,--,2:21:37 PM,11/27/2025,
104,33.9,gf,0.290,mm,OK,--,2:21:37 PM,11/27/2025,
105,33.9,gf,0.295,mm,OK,--,2:21:37 PM,11/27/2025,
106,34.0,gf,0.300,mm,OK,--,2:21:37 PM,11/27/2025,
107,34.0,gf,0.305,mm,OK,--,2:21:37 PM,11/27/2025,
108,34.1,gf,0.305,mm,OK,--,2:21:37 PM,11/27/2025,
109,34.1,gf,0.310,mm,OK,--,2:21:37 PM,11/27/2025,
110,34.1,gf,0.315,mm,OK,--,2:21:37 PM,11/27/2025,
111,34.1,gf,0.320,mm,OK,--,2:21:37 PM,11/27/2025,
112,34.1,gf,0.325,mm,OK,--,2:21:38 PM,11/27/2025,
113,34.0,gf,0.325,mm,OK,--,2:21:38 PM,11/27/2025,
114,34.1,gf,0.330,mm,OK,--,2:21:38 PM,11/27/2025,
115,34.1,gf,0.335,mm,OK,--,2:21:38 PM,11/27/2025,
116,34.1,gf,0.340,mm,OK,--,2:21:38 PM,11/27/2025,
117,34.1,gf,0.340,mm,OK,--,2:21:38 PM,11/27/2025,
118,34.2,gf,0.345,mm,OK,--,2:21:38 PM,11/27/2025,
119,34.2,gf,0.350,mm,OK,--,2:21:38 PM,11/27/2025,
120,34.2,gf,0.355,mm,OK,--,2:21:38 PM,11/27/2025,
121,34.3,gf,0.355,mm,OK,--,2:21:38 PM,11/27/2025,
122,34.2,gf,0.360,mm,OK,--,2:21:39 PM,11/27/2025,
123,34.3,gf,0.360,mm,OK,--,2:21:39 PM,11/27/2025,
124,34.3,gf,0.365,mm,OK,--,2:21:39 PM,11/27/2025,
125,34.3,gf,0.370,mm,OK,--,2:21:39 PM,11/27/2025,
126,34.3,gf,0.370,mm,OK,--,2:21:39 PM,11/27/2025,
127,34.4,gf,0.375,mm,OK,--,2:21:39 PM,11/27/2025,
128,34.5,gf,0.385,mm,OK,--,2:21:39 PM,11/27/2025,
129,34.5,gf,0.390,mm,OK,--,2:21:39 PM,11/27/2025,
130,34.5,gf,0.395,mm,OK,--,2:21:39 PM,11/27/2025,
131,34.5,gf,0.400,mm,OK,--,2:21:39 PM,11/27/2025,
132,34.5,gf,0.405,mm,OK,--,2:21:40 PM,11/27/2025,
133,34.5,gf,0.410,mm,OK,--,2:21:40 PM,11/27/2025,
134,34.5,gf,0.415,mm,OK,--,2:21:40 PM,11/27/2025,
135,34.5,gf,0.420,mm,OK,--,2:21:40 PM,11/27/2025,
136,34.6,gf,0.425,mm,OK,--,2:21:40 PM,11/27/2025,
137,34.6,gf,0.430,mm,OK,--,2:21:40 PM,11/27/2025,
138,34.6,gf,0.435,mm,OK,--,2:21:40 PM,11/27/2025,
139,34.6,gf,0.435,mm,OK,--,2:21:40 PM,11/27/2025,
140,34.6,gf,0.440,mm,OK,--,2:21:40 PM,11/27/2025,
141,34.7,gf,0.445,mm,OK,--,2:21:40 PM,11/27/2025,
142,34.8,gf,0.455,mm,OK,--,2:21:41 PM,11/27/2025,
143,34.9,gf,0.460,mm,OK,--,2:21:41 PM,11/27/2025,
144,34.9,gf,0.465,mm,OK,--,2:21:41 PM,11/27/2025,
145,34.9,gf,0.475,mm,OK,--,2:21:41 PM,11/27/2025,
146,34.8,gf,0.480,mm,OK,--,2:21:41 PM,11/27/2025,
147,34.8,gf,0.480,mm,OK,--,2:21:41 PM,11/27/2025,
148,34.9,gf,0.485,mm,OK,--,2:21:41 PM,11/27/2025,
149,34.9,gf,0.490,mm,OK,--,2:21:41 PM,11/27/2025,
150,34.9,gf,0.490,mm,OK,--,2:21:41 PM,11/27/2025,
151,34.9,gf,0.495,mm,OK,--,2:21:41 PM,11/27/2025,
152,34.9,gf,0.495,mm,OK,--,2:21:42 PM,11/27/2025,
153,35.0,gf,0.500,mm,OK,--,2:21:42 PM,11/27/2025,
154,35.1,gf,0.505,mm,OK,--,2:21:42 PM,11/27/2025,
155,35.0,gf,0.505,mm,OK,--,2:21:42 PM,11/27/2025,
156,35.1,gf,0.515,mm,OK,--,2:21:42 PM,11/27/2025,
157,35.1,gf,0.520,mm,OK,--,2:21:42 PM,11/27/2025,
158,35.2,gf,0.525,mm,OK,--,2:21:42 PM,11/27/2025,
159,35.2,gf,0.530,mm,OK,--,2:21:42 PM,11/27/2025,
160,35.3,gf,0.535,mm,OK,--,2:21:42 PM,11/27/2025,
161,35.3,gf,0.545,mm,OK,--,2:21:42 PM,11/27/2025,
162,35.3,gf,0.550,mm,OK,--,2:21:43 PM,11/27/2025,
163,35.3,gf,0.555,mm,OK,--,2:21:43 PM,11/27/2025,
164,35.4,gf,0.560,mm,OK,--,2:21:43 PM,11/27/2025,
165,35.4,gf,0.570,mm,OK,--,2:21:43 PM,11/27/2025,
166,35.4,gf,0.575,mm,OK,--,2:21:43 PM,11/27/2025,
167,35.5,gf,0.585,mm,OK,--,2:21:43 PM,11/27/2025,
168,35.5,gf,0.590,mm,OK,--,2:21:43 PM,11/27/2025,
169,35.5,gf,0.600,mm,OK,--,2:21:43 PM,11/27/2025,
170,35.4,gf,0.605,mm,OK,--,2:21:43 PM,11/27/2025,
171,35.5,gf,0.610,mm,OK,--,2:21:43 PM,11/27/2025,
172,35.6,gf,0.615,mm,OK,--,2:21:44 PM,11/27/2025,
173,35.6,gf,0.620,mm,OK,--,2:21:44 PM,11/27/2025,
174,35.7,gf,0.625,mm,OK,--,2:21:44 PM,11/27/2025,
175,35.7,gf,0.630,mm,OK,--,2:21:44 PM,11/27/2025,
176,35.7,gf,0.635,mm,OK,--,2:21:44 PM,11/27/2025,
177,35.7,gf,0.640,mm,OK,--,2:21:44 PM,11/27/2025,
178,35.7,gf,0.645,mm,OK,--,2:21:44 PM,11/27/2025,
179,35.8,gf,0.650,mm,OK,--,2:21:44 PM,11/27/2025,
180,35.9,gf,0.655,mm,OK,--,2:21:44 PM,11/27/2025,
181,35.9,gf,0.660,mm,OK,--,2:21:44 PM,11/27/2025,
182,35.9,gf,0.670,mm,OK,--,2:21:45 PM,11/27/2025,
183,36.0,gf,0.675,mm,OK,--,2:21:45 PM,11/27/2025,
184,36.0,gf,0.680,mm,OK,--,2:21:45 PM,11/27/2025,
185,36.0,gf,0.690,mm,OK,--,2:21:45 PM,11/27/2025,
186,36.0,gf,0.695,mm,OK,--,2:21:45 PM,11/27/2025,
187,36.0,gf,0.700,mm,OK,--,2:21:45 PM,11/27/2025,
188,36.2,gf,0.710,mm,OK,--,2:21:45 PM,11/27/2025,
189,36.2,gf,0.715,mm,OK,--,2:21:45 PM,11/27/2025,
190,36.3,gf,0.725,mm,OK,--,2:21:45 PM,11/27/2025,
191,36.3,gf,0.735,mm,OK,--,2:21:45 PM,11/27/2025,
192,36.3,gf,0.740,mm,OK,--,2:21:46 PM,11/27/2025,
193,36.4,gf,0.750,mm,OK,--,2:21:46 PM,11/27/2025,
194,36.4,gf,0.755,mm,OK,--,2:21:46 PM,11/27/2025,
195,36.5,gf,0.760,mm,OK,--,2:21:46 PM,11/27/2025,
196,36.5,gf,0.770,mm,OK,--,2:21:46 PM,11/27/2025,
197,36.5,gf,0.775,mm,OK,--,2:21:46 PM,11/27/2025,
198,36.6,gf,0.780,mm,OK,--,2:21:46 PM,11/27/2025,
199,36.6,gf,0.790,mm,OK,--,2:21:46 PM,11/27/2025,
200,36.7,gf,0.795,mm,OK,--,2:21:46 PM,11/27/2025,
201,36.7,gf,0.800,mm,OK,--,2:21:46 PM,11/27/2025,
202,36.7,gf,0.805,mm,OK,--,2:21:47 PM,11/27/2025,
203,36.7,gf,0.810,mm,OK,--,2:21:47 PM,11/27/2025,
204,36.7,gf,0.815,mm,OK,--,2:21:47 PM,11/27/2025,
205,36.7,gf,0.820,mm,OK,--,2:21:47 PM,11/27/2025,
206,36.7,gf,0.825,mm,OK,--,2:21:47 PM,11/27/2025,
207,36.8,gf,0.825,mm,OK,--,2:21:47 PM,11/27/2025,
208,37.0,gf,0.835,mm,OK,--,2:21:47 PM,11/27/2025,
209,37.0,gf,0.845,mm,OK,--,2:21:47 PM,11/27/2025,
210,37.0,gf,0.855,mm,OK,--,2:21:47 PM,11/27/2025,
211,37.0,gf,0.860,mm,OK,--,2:21:47 PM,11/27/2025,
212,37.1,gf,0.870,mm,OK,--,2:21:48 PM,11/27/2025,
213,37.2,gf,0.880,mm,OK,--,2:21:48 PM,11/27/2025,
214,37.3,gf,0.890,mm,OK,--,2:21:48 PM,11/27/2025,
215,37.2,gf,0.900,mm,OK,--,2:21:48 PM,11/27/2025,
216,37.2,gf,0.910,mm,OK,--,2:21:48 PM,11/27/2025,
217,37.4,gf,0.920,mm,OK,--,2:21:48 PM,11/27/2025,
218,37.5,gf,0.925,mm,OK,--,2:21:48 PM,11/27/2025,
219,37.4,gf,0.930,mm,OK,--,2:21:48 PM,11/27/2025,
220,37.5,gf,0.940,mm,OK,--,2:21:48 PM,11/27/2025,
221,37.5,gf,0.945,mm,OK,--,2:21:48 PM,11/27/2025,
222,37.5,gf,0.955,mm,OK,--,2:21:49 PM,11/27/2025,
223,37.5,gf,0.965,mm,OK,--,2:21:49 PM,11/27/2025,
224,37.5,gf,0.975,mm,OK,--,2:21:49 PM,11/27/2025,
225,37.6,gf,0.980,mm,OK,--,2:21:49 PM,11/27/2025,
226,37.7,gf,0.990,mm,OK,--,2:21:49 PM,11/27/2025,
227,37.8,gf,1.000,mm,OK,--,2:21:49 PM,11/27/2025,
228,37.8,gf,1.010,mm,OK,--,2:21:49 PM,11/27/2025,
229,37.8,gf,1.020,mm,OK,--,2:21:49 PM,11/27/2025,
230,37.7,gf,1.030,mm,OK,--,2:21:49 PM,11/27/2025,
231,37.7,gf,1.040,mm,OK,--,2:21:49 PM,11/27/2025,
232,37.8,gf,1.050,mm,OK,--,2:21:50 PM,11/27/2025,
233,37.9,gf,1.060,mm,OK,--,2:21:50 PM,11/27/2025,
234,38.0,gf,1.070,mm,OK,--,2:21:50 PM,11/27/2025,
235,38.0,gf,1.075,mm,OK,--,2:21:50 PM,11/27/2025,
236,38.0,gf,1.075,mm,OK,--,2:21:50 PM,11/27/2025,
237,37.9,gf,1.080,mm,OK,--,2:21:50 PM,11/27/2025,
238,37.9,gf,1.085,mm,OK,--,2:21:50 PM,11/27/2025,
239,37.9,gf,1.090,mm,OK,--,2:21:50 PM,11/27/2025,
240,38.0,gf,1.095,mm,OK,--,2:21:50 PM,11/27/2025,
241,37.9,gf,1.095,mm,OK,--,2:21:50 PM,11/27/2025,
242,37.9,gf,1.100,mm,OK,--,2:21:51 PM,11/27/2025,
243,38.0,gf,1.105,mm,OK,--,2:21:51 PM,11/27/2025,
244,38.0,gf,1.110,mm,OK,--,2:21:51 PM,11/27/2025,
245,37.9,gf,1.115,mm,OK,--,2:21:51 PM,11/27/2025,
246,38.0,gf,1.120,mm,OK,--,2:21:51 PM,11/27/2025,
247,38.1,gf,1.130,mm,OK,--,2:21:51 PM,11/27/2025,
248,38.2,gf,1.135,mm,OK,--,2:21:51 PM,11/27/2025,
249,38.2,gf,1.145,mm,OK,--,2:21:51 PM,11/27/2025,
250,38.2,gf,1.150,mm,OK,--,2:21:51 PM,11/27/2025,
251,38.2,gf,1.155,mm,OK,--,2:21:51 PM,11/27/2025,
252,38.3,gf,1.160,mm,OK,--,2:21:52 PM,11/27/2025,
253,38.3,gf,1.170,mm,OK,--,2:21:52 PM,11/27/2025,
254,38.3,gf,1.175,mm,OK,--,2:21:52 PM,11/27/2025,
255,38.3,gf,1.180,mm,OK,--,2:21:52 PM,11/27/2025,
256,38.3,gf,1.190,mm,OK,--,2:21:52 PM,11/27/2025,
257,38.3,gf,1.195,mm,OK,--,2:21:52 PM,11/27/2025,
258,38.4,gf,1.205,mm,OK,--,2:21:52 PM,11/27/2025,
259,38.5,gf,1.215,mm,OK,--,2:21:52 PM,11/27/2025,
260,38.4,gf,1.220,mm,OK,--,2:21:52 PM,11/27/2025,
261,38.4,gf,1.225,mm,OK,--,2:21:52 PM,11/27/2025,
262,38.4,gf,1.230,mm,OK,--,2:21:53 PM,11/27/2025,
263,38.4,gf,1.235,mm,OK,--,2:21:53 PM,11/27/2025,
264,38.5,gf,1.240,mm,OK,--,2:21:53 PM,11/27/2025,
265,38.5,gf,1.245,mm,OK,--,2:21:53 PM,11/27/2025,
266,38.5,gf,1.250,mm,OK,--,2:21:53 PM,11/27/2025,
267,38.5,gf,1.255,mm,OK,--,2:21:53 PM,11/27/2025,
268,38.5,gf,1.260,mm,OK,--,2:21:53 PM,11/27/2025,
269,38.5,gf,1.260,mm,OK,--,2:21:53 PM,11/27/2025,
270,38.5,gf,1.265,mm,OK,--,2:21:53 PM,11/27/2025,
271,38.5,gf,1.270,mm,OK,--,2:21:53 PM,11/27/2025,
272,38.5,gf,1.275,mm,OK,--,2:21:54 PM,11/27/2025,
273,38.5,gf,1.280,mm,OK,--,2:21:54 PM,11/27/2025,
274,38.5,gf,1.280,mm,OK,--,2:21:54 PM,11/27/2025,
275,38.5,gf,1.285,mm,OK,--,2:21:54 PM,11/27/2025,
276,38.6,gf,1.285,mm,OK,--,2:21:54 PM,11/27/2025,
277,38.6,gf,1.285,mm,OK,--,2:21:54 PM,11/27/2025,
278,38.7,gf,1.290,mm,OK,--,2:21:54 PM,11/27/2025,
279,38.7,gf,1.295,mm,OK,--,2:21:54 PM,11/27/2025,
280,38.6,gf,1.300,mm,OK,--,2:21:54 PM,11/27/2025,
281,38.6,gf,1.300,mm,OK,--,2:21:54 PM,11/27/2025,
282,38.7,gf,1.305,mm,OK,--,2:21:55 PM,11/27/2025,
283,38.7,gf,1.305,mm,OK,--,2:21:55 PM,11/27/2025,
284,38.7,gf,1.310,mm,OK,--,2:21:55 PM,11/27/2025,
285,38.7,gf,1.315,mm,OK,--,2:21:55 PM,11/27/2025,
286,38.7,gf,1.315,mm,OK,--,2:21:55 PM,11/27/2025,
287,38.8,gf,1.315,mm,OK,--,2:21:55 PM,11/27/2025,
288,38.8,gf,1.320,mm,OK,--,2:21:55 PM,11/27/2025,
289,38.8,gf,1.320,mm,OK,--,2:21:55 PM,11/27/2025,
290,38.8,gf,1.325,mm,OK,--,2:21:55 PM,11/27/2025,
291,38.8,gf,1.330,mm,OK,--,2:21:55 PM,11/27/2025,
292,38.8,gf,1.330,mm,OK,--,2:21:56 PM,11/27/2025,
293,38.9,gf,1.335,mm,OK,--,2:21:56 PM,11/27/2025,
294,38.9,gf,1.335,mm,OK,--,2:21:56 PM,11/27/2025,
295,38.9,gf,1.340,mm,OK,--,2:21:56 PM,11/27/2025,
296,39.0,gf,1.340,mm,OK,--,2:21:56 PM,11/27/2025,
297,39.0,gf,1.345,mm,OK,--,2:21:56 PM,11/27/2025,
298,38.9,gf,1.345,mm,OK,--,2:21:56 PM,11/27/2025,
299,38.9,gf,1.350,mm,OK,--,2:21:56 PM,11/27/2025,
300,38.9,gf,1.350,mm,OK,--,2:21:56 PM,11/27/2025,
301,39.0,gf,1.350,mm,OK,--,2:21:56 PM,11/27/2025,
302,39.0,gf,1.355,mm,OK,--,2:21:57 PM,11/27/2025,
303,39.0,gf,1.355,mm,OK,--,2:21:57 PM,11/27/2025,
304,39.1,gf,1.355,mm,OK,--,2:21:57 PM,11/27/2025,
305,39.1,gf,1.360,mm,OK,--,2:21:57 PM,11/27/2025,
306,39.1,gf,1.360,mm,OK,--,2:21:57 PM,11/27/2025,
307,39.2,gf,1.365,mm,OK,--,2:21:57 PM,11/27/2025,
308,39.1,gf,1.370,mm,OK,--,2:21:57 PM,11/27/2025,
309,39.1,gf,1.370,mm,OK,--,2:21:57 PM,11/27/2025,
310,39.1,gf,1.375,mm,OK,--,2:21:57 PM,11/27/2025,
311,39.1,gf,1.375,mm,OK,--,2:21:58 PM,11/27/2025,
312,39.1,gf,1.380,mm,OK,--,2:21:58 PM,11/27/2025,
313,39.1,gf,1.380,mm,OK,--,2:21:58 PM,11/27/2025,
314,39.1,gf,1.380,mm,OK,--,2:21:58 PM,11/27/2025,
315,39.1,gf,1.385,mm,OK,--,2:21:58 PM,11/27/2025,
316,39.1,gf,1.385,mm,OK,--,2:21:58 PM,11/27/2025,
317,39.1,gf,1.390,mm,OK,--,2:21:58 PM,11/27/2025,
318,39.3,gf,1.395,mm,OK,--,2:21:58 PM,11/27/2025,
319,39.3,gf,1.400,mm,OK,--,2:21:58 PM,11/27/2025,
320,39.3,gf,1.405,mm,OK,--,2:21:58 PM,11/27/2025,
321,39.3,gf,1.410,mm,OK,--,2:21:58 PM,11/27/2025,
322,39.3,gf,1.415,mm,OK,--,2:21:59 PM,11/27/2025,
323,39.3,gf,1.425,mm,OK,--,2:21:59 PM,11/27/2025,
324,39.3,gf,1.430,mm,OK,--,2:21:59 PM,11/27/2025,
325,39.3,gf,1.435,mm,OK,--,2:21:59 PM,11/27/2025,
326,39.4,gf,1.440,mm,OK,--,2:21:59 PM,11/27/2025,
327,39.4,gf,1.450,mm,OK,--,2:21:59 PM,11/27/2025,
328,39.4,gf,1.465,mm,OK,--,2:21:59 PM,11/27/2025,
329,39.4,gf,1.475,mm,OK,--,2:21:59 PM,11/27/2025,
330,39.4,gf,1.485,mm,OK,--,2:21:59 PM,11/27/2025,
331,39.5,gf,1.495,mm,OK,--,2:21:59 PM,11/27/2025,
332,39.6,gf,1.500,mm,OK,--,2:22:00 PM,11/27/2025,
333,39.6,gf,1.505,mm,OK,--,2:22:00 PM,11/27/2025,
334,39.6,gf,1.510,mm,OK,--,2:22:00 PM,11/27/2025,
335,39.7,gf,1.515,mm,OK,--,2:22:00 PM,11/27/2025,
336,39.6,gf,1.520,mm,OK,--,2:22:00 PM,11/27/2025,
337,39.7,gf,1.525,mm,OK,--,2:22:00 PM,11/27/2025,
338,39.7,gf,1.525,mm,OK,--,2:22:00 PM,11/27/2025,
339,39.7,gf,1.530,mm,OK,--,2:22:00 PM,11/27/2025,
340,39.7,gf,1.535,mm,OK,--,2:22:00 PM,11/27/2025,
341,39.8,gf,1.535,mm,OK,--,2:22:00 PM,11/27/2025,
342,39.8,gf,1.540,mm,OK,--,2:22:01 PM,11/27/2025,
343,39.8,gf,1.540,mm,OK,--,2:22:01 PM,11/27/2025,
344,39.8,gf,1.545,mm,OK,--,2:22:01 PM,11/27/2025,
345,39.9,gf,1.545,mm,OK,--,2:22:01 PM,11/27/2025,
346,39.9,gf,1.550,mm,OK,--,2:22:01 PM,11/27/2025,
347,39.9,gf,1.555,mm,OK,--,2:22:01 PM,11/27/2025,
348,39.9,gf,1.555,mm,OK,--,2:22:01 PM,11/27/2025,
349,39.9,gf,1.560,mm,OK,--,2:22:01 PM,11/27/2025,
350,39.9,gf,1.560,mm,OK,--,2:22:01 PM,11/27/2025,
351,39.9,gf,1.565,mm,OK,--,2:22:01 PM,11/27/2025,
352,39.9,gf,1.570,mm,OK,--,2:22:02 PM,11/27/2025,
353,40.0,gf,1.570,mm,OK,--,2:22:02 PM,11/27/2025,
354,40.0,gf,1.575,mm,OK,--,2:22:02 PM,11/27/2025,
355,40.0,gf,1.580,mm,OK,--,2:22:02 PM,11/27/2025,
356,40.1,gf,1.585,mm,OK,--,2:22:02 PM,11/27/2025,
357,40.0,gf,1.585,mm,OK,--,2:22:02 PM,11/27/2025,
358,40.0,gf,1.590,mm,OK,--,2:22:02 PM,11/27/2025,
359,40.1,gf,1.595,mm,OK,--,2:22:02 PM,11/27/2025,
360,40.1,gf,1.595,mm,OK,--,2:22:02 PM,11/27/2025,
361,40.1,gf,1.600,mm,OK,--,2:22:02 PM,11/27/2025,
362,40.1,gf,1.600,mm,OK,--,2:22:03 PM,11/27/2025,
363,40.1,gf,1.605,mm,OK,--,2:22:03 PM,11/27/2025,
364,40.1,gf,1.605,mm,OK,--,2:22:03 PM,11/27/2025,
365,40.1,gf,1.605,mm,OK,--,2:22:03 PM,11/27/2025,
366,40.1,gf,1.610,mm,OK,--,2:22:03 PM,11/27/2025,
367,40.1,gf,1.610,mm,OK,--,2:22:03 PM,11/27/2025,
368,40.2,gf,1.615,mm,OK,--,2:22:03 PM,11/27/2025,
369,40.3,gf,1.620,mm,OK,--,2:22:03 PM,11/27/2025,
370,40.3,gf,1.625,mm,OK,--,2:22:03 PM,11/27/2025,
371,40.2,gf,1.625,mm,OK,--,2:22:03 PM,11/27/2025,
372,40.2,gf,1.630,mm,OK,--,2:22:04 PM,11/27/2025,
373,40.2,gf,1.640,mm,OK,--,2:22:04 PM,11/27/2025,
374,40.3,gf,1.645,mm,OK,--,2:22:04 PM,11/27/2025,
375,40.3,gf,1.650,mm,OK,--,2:22:04 PM,11/27/2025,
376,40.3,gf,1.660,mm,OK,--,2:22:04 PM,11/27/2025,
377,40.3,gf,1.665,mm,OK,--,2:22:04 PM,11/27/2025,
378,40.5,gf,1.675,mm,OK,--,2:22:04 PM,11/27/2025,
379,40.5,gf,1.680,mm,OK,--,2:22:04 PM,11/27/2025,
380,40.5,gf,1.690,mm,OK,--,2:22:04 PM,11/27/2025,
381,40.5,gf,1.695,mm,OK,--,2:22:04 PM,11/27/2025,
382,40.6,gf,1.700,mm,OK,--,2:22:05 PM,11/27/2025,
383,40.6,gf,1.705,mm,OK,--,2:22:05 PM,11/27/2025,
384,40.7,gf,1.710,mm,OK,--,2:22:05 PM,11/27/2025,
385,40.7,gf,1.715,mm,OK,--,2:22:05 PM,11/27/2025,
386,40.8,gf,1.720,mm,OK,--,2:22:05 PM,11/27/2025,
387,40.8,gf,1.730,mm,OK,--,2:22:05 PM,11/27/2025,
388,40.9,gf,1.735,mm,OK,--,2:22:05 PM,11/27/2025,
389,40.9,gf,1.745,mm,OK,--,2:22:05 PM,11/27/2025,
390,41.0,gf,1.750,mm,OK,--,2:22:05 PM,11/27/2025,
391,41.0,gf,1.760,mm,OK,--,2:22:05 PM,11/27/2025,
392,41.0,gf,1.765,mm,OK,--,2:22:06 PM,11/27/2025,
393,41.0,gf,1.775,mm,OK,--,2:22:06 PM,11/27/2025,
394,41.0,gf,1.780,mm,OK,--,2:22:06 PM,11/27/2025,
395,41.0,gf,1.785,mm,OK,--,2:22:06 PM,11/27/2025,
396,41.0,gf,1.790,mm,OK,--,2:22:06 PM,11/27/2025,
397,40.9,gf,1.795,mm,OK,--,2:22:06 PM,11/27/2025,
398,41.0,gf,1.800,mm,OK,--,2:22:06 PM,11/27/2025,
399,40.9,gf,1.805,mm,OK,--,2:22:06 PM,11/27/2025,
400,41.0,gf,1.810,mm,OK,--,2:22:06 PM,11/27/2025,
401,41.0,gf,1.815,mm,OK,--,2:22:06 PM,11/27/2025,
402,41.1,gf,1.820,mm,OK,--,2:22:07 PM,11/27/2025,
403,41.0,gf,1.825,mm,OK,--,2:22:07 PM,11/27/2025,
404,41.0,gf,1.830,mm,OK,--,2:22:07 PM,11/27/2025,
405,41.1,gf,1.835,mm,OK,--,2:22:07 PM,11/27/2025,
406,41.1,gf,1.835,mm,OK,--,2:22:07 PM,11/27/2025,
407,41.1,gf,1.840,mm,OK,--,2:22:07 PM,11/27/2025,
408,41.2,gf,1.845,mm,OK,--,2:22:07 PM,11/27/2025,
409,41.2,gf,1.850,mm,OK,--,2:22:07 PM,11/27/2025,
410,41.2,gf,1.855,mm,OK,--,2:22:07 PM,11/27/2025,
411,41.2,gf,1.860,mm,OK,--,2:22:07 PM,11/27/2025,
412,41.3,gf,1.860,mm,OK,--,2:22:08 PM,11/27/2025,
413,41.3,gf,1.865,mm,OK,--,2:22:08 PM,11/27/2025,
414,41.3,gf,1.870,mm,OK,--,2:22:08 PM,11/27/2025,
415,41.4,gf,1.875,mm,OK,--,2:22:08 PM,11/27/2025,
416,41.4,gf,1.880,mm,OK,--,2:22:08 PM,11/27/2025,
417,41.5,gf,1.885,mm,OK,--,2:22:08 PM,11/27/2025,
418,41.5,gf,1.890,mm,OK,--,2:22:08 PM,11/27/2025,
419,41.4,gf,1.890,mm,OK,--,2:22:08 PM,11/27/2025,
420,41.5,gf,1.895,mm,OK,--,2:22:08 PM,11/27/2025,
421,41.6,gf,1.895,mm,OK,--,2:22:08 PM,11/27/2025,
422,41.6,gf,1.900,mm,OK,--,2:22:09 PM,11/27/2025,
423,41.6,gf,1.900,mm,OK,--,2:22:09 PM,11/27/2025,
424,41.6,gf,1.905,mm,OK,--,2:22:09 PM,11/27/2025,
425,41.6,gf,1.905,mm,OK,--,2:22:09 PM,11/27/2025,
426,41.6,gf,1.910,mm,OK,--,2:22:09 PM,11/27/2025,
427,41.7,gf,1.910,mm,OK,--,2:22:09 PM,11/27/2025,
428,41.7,gf,1.910,mm,OK,--,2:22:09 PM,11/27/2025,
429,41.8,gf,1.915,mm,OK,--,2:22:09 PM,11/27/2025,
430,41.8,gf,1.915,mm,OK,--,2:22:09 PM,11/27/2025,
431,41.8,gf,1.920,mm,OK,--,2:22:09 PM,11/27/2025,
432,41.8,gf,1.920,mm,OK,--,2:22:10 PM,11/27/2025,
433,41.8,gf,1.925,mm,OK,--,2:22:10 PM,11/27/2025,
434,41.9,gf,1.925,mm,OK,--,2:22:10 PM,11/27/2025,
435,41.9,gf,1.930,mm,OK,--,2:22:10 PM,11/27/2025,
436,41.9,gf,1.935,mm,OK,--,2:22:10 PM,11/27/2025,
437,42.0,gf,1.940,mm,OK,--,2:22:10 PM,11/27/2025,
438,42.0,gf,1.945,mm,OK,--,2:22:10 PM,11/27/2025,
439,42.0,gf,1.950,mm,OK,--,2:22:10 PM,11/27/2025,
440,42.0,gf,1.955,mm,OK,--,2:22:10 PM,11/27/2025,
441,42.0,gf,1.960,mm,OK,--,2:22:10 PM,11/27/2025,
442,41.9,gf,1.965,mm,OK,--,2:22:11 PM,11/27/2025,
443,41.9,gf,1.970,mm,OK,--,2:22:11 PM,11/27/2025,
444,42.0,gf,1.980,mm,OK,--,2:22:11 PM,11/27/2025,
445,42.0,gf,1.985,mm,OK,--,2:22:11 PM,11/27/2025,
446,42.0,gf,1.995,mm,OK,--,2:22:11 PM,11/27/2025,
447,42.0,gf,2.000,mm,OK,--,2:22:11 PM,11/27/2025,
448,42.1,gf,2.000,mm,OK,--,2:22:11 PM,11/27/2025,
449,42.0,gf,2.005,mm,OK,--,2:22:11 PM,11/27/2025,
450,42.0,gf,2.010,mm,OK,--,2:22:11 PM,11/27/2025,
451,42.0,gf,2.015,mm,OK,--,2:22:11 PM,11/27/2025,
452,42.0,gf,2.020,mm,OK,--,2:22:12 PM,11/27/2025,
453,42.1,gf,2.025,mm,OK,--,2:22:12 PM,11/27/2025,
454,42.1,gf,2.025,mm,OK,--,2:22:12 PM,11/27/2025,
455,42.0,gf,2.025,mm,OK,--,2:22:12 PM,11/27/2025,
456,41.9,gf,2.025,mm,OK,--,2:22:12 PM,11/27/2025,
457,42.0,gf,2.030,mm,OK,--,2:22:12 PM,11/27/2025,
458,42.1,gf,2.030,mm,OK,--,2:22:12 PM,11/27/2025,
459,42.1,gf,2.030,mm,OK,--,2:22:12 PM,11/27/2025,
460,42.2,gf,2.035,mm,OK,--,2:22:12 PM,11/27/2025,
461,42.2,gf,2.040,mm,OK,--,2:22:12 PM,11/27/2025,
462,42.2,gf,2.040,mm,OK,--,2:22:13 PM,11/27/2025,
463,42.2,gf,2.045,mm,OK,--,2:22:13 PM,11/27/2025,
464,42.2,gf,2.050,mm,OK,--,2:22:13 PM,11/27/2025,
465,42.2,gf,2.050,mm,OK,--,2:22:13 PM,11/27/2025,
466,42.2,gf,2.055,mm,OK,--,2:22:13 PM,11/27/2025,
467,42.2,gf,2.060,mm,OK,--,2:22:13 PM,11/27/2025,
468,42.2,gf,2.060,mm,OK,--,2:22:13 PM,11/27/2025,
469,42.2,gf,2.065,mm,OK,--,2:22:13 PM,11/27/2025,
470,42.2,gf,2.065,mm,OK,--,2:22:13 PM,11/27/2025,
471,42.2,gf,2.070,mm,OK,--,2:22:13 PM,11/27/2025,
472,42.2,gf,2.075,mm,OK,--,2:22:14 PM,11/27/2025,
473,42.2,gf,2.080,mm,OK,--,2:22:14 PM,11/27/2025,
474,42.1,gf,2.085,mm,OK,--,2:22:14 PM,11/27/2025,
475,42.1,gf,2.095,mm,OK,--,2:22:14 PM,11/27/2025,
476,42.1,gf,2.100,mm,OK,--,2:22:14 PM,11/27/2025,
477,42.0,gf,2.105,mm,OK,--,2:22:14 PM,11/27/2025,
478,42.1,gf,2.110,mm,OK,--,2:22:14 PM,11/27/2025,
479,42.2,gf,2.115,mm,OK,--,2:22:14 PM,11/27/2025,
480,42.2,gf,2.120,mm,OK,--,2:22:14 PM,11/27/2025,
481,42.3,gf,2.125,mm,OK,--,2:22:14 PM,11/27/2025,
482,42.4,gf,2.135,mm,OK,--,2:22:15 PM,11/27/2025,
483,42.4,gf,2.145,mm,OK,--,2:22:15 PM,11/27/2025,
484,42.4,gf,2.150,mm,OK,--,2:22:15 PM,11/27/2025,
485,42.5,gf,2.160,mm,OK,--,2:22:15 PM,11/27/2025,
486,42.5,gf,2.165,mm,OK,--,2:22:15 PM,11/27/2025,
487,42.5,gf,2.170,mm,OK,--,2:22:15 PM,11/27/2025,
488,42.6,gf,2.170,mm,OK,--,2:22:15 PM,11/27/2025,
489,42.5,gf,2.175,mm,OK,--,2:22:15 PM,11/27/2025,
490,42.6,gf,2.180,mm,OK,--,2:22:15 PM,11/27/2025,
491,42.6,gf,2.185,mm,OK,--,2:22:15 PM,11/27/2025,
492,42.6,gf,2.185,mm,OK,--,2:22:16 PM,11/27/2025,
493,42.6,gf,2.190,mm,OK,--,2:22:16 PM,11/27/2025,
494,42.6,gf,2.190,mm,OK,--,2:22:16 PM,11/27/2025,
495,42.6,gf,2.195,mm,OK,--,2:22:16 PM,11/27/2025,
496,42.9,gf,2.200,mm,OK,--,2:22:16 PM,11/27/2025,
497,42.8,gf,2.205,mm,OK,--,2:22:16 PM,11/27/2025,
498,42.8,gf,2.210,mm,OK,--,2:22:16 PM,11/27/2025,
499,42.9,gf,2.215,mm,OK,--,2:22:16 PM,11/27/2025,
500,42.9,gf,2.225,mm,OK,--,2:22:16 PM,11/27/2025,
501,42.8,gf,2.230,mm,OK,--,2:22:16 PM,11/27/2025,
502,42.9,gf,2.235,mm,OK,--,2:22:17 PM,11/27/2025,
503,43.0,gf,2.240,mm,OK,--,2:22:17 PM,11/27/2025,
504,43.1,gf,2.240,mm,OK,--,2:22:17 PM,11/27/2025,
505,43.0,gf,2.245,mm,OK,--,2:22:17 PM,11/27/2025,
506,43.0,gf,2.245,mm,OK,--,2:22:17 PM,11/27/2025,
507,43.0,gf,2.250,mm,OK,--,2:22:17 PM,11/27/2025,
508,43.1,gf,2.250,mm,OK,--,2:22:17 PM,11/27/2025,
509,43.1,gf,2.260,mm,OK,--,2:22:17 PM,11/27/2025,
510,43.1,gf,2.265,mm,OK,--,2:22:17 PM,11/27/2025,
511,43.2,gf,2.270,mm,OK,--,2:22:17 PM,11/27/2025,
512,43.2,gf,2.280,mm,OK,--,2:22:18 PM,11/27/2025,
513,43.2,gf,2.290,mm,OK,--,2:22:18 PM,11/27/2025,
514,43.3,gf,2.300,mm,OK,--,2:22:18 PM,11/27/2025,
515,43.3,gf,2.305,mm,OK,--,2:22:18 PM,11/27/2025,
516,43.2,gf,2.315,mm,OK,--,2:22:18 PM,11/27/2025,
517,43.3,gf,2.320,mm,OK,--,2:22:18 PM,11/27/2025,
518,43.3,gf,2.325,mm,OK,--,2:22:18 PM,11/27/2025,
519,43.2,gf,2.330,mm,OK,--,2:22:18 PM,11/27/2025,
520,43.3,gf,2.335,mm,OK,--,2:22:18 PM,11/27/2025,
521,43.3,gf,2.340,mm,OK,--,2:22:18 PM,11/27/2025,
522,43.3,gf,2.340,mm,OK,--,2:22:19 PM,11/27/2025,
523,43.4,gf,2.345,mm,OK,--,2:22:19 PM,11/27/2025,
524,43.5,gf,2.350,mm,OK,--,2:22:19 PM,11/27/2025,
525,43.5,gf,2.355,mm,OK,--,2:22:19 PM,11/27/2025,
526,43.5,gf,2.360,mm,OK,--,2:22:19 PM,11/27/2025,
527,43.5,gf,2.365,mm,OK,--,2:22:19 PM,11/27/2025,
528,43.4,gf,2.370,mm,OK,--,2:22:19 PM,11/27/2025,
529,43.4,gf,2.370,mm,OK,--,2:22:19 PM,11/27/2025,
530,43.3,gf,2.370,mm,OK,--,2:22:19 PM,11/27/2025,
531,43.3,gf,2.375,mm,OK,--,2:22:19 PM,11/27/2025,
532,43.5,gf,2.375,mm,OK,--,2:22:20 PM,11/27/2025,
533,43.5,gf,2.380,mm,OK,--,2:22:20 PM,11/27/2025,
534,43.5,gf,2.380,mm,OK,--,2:22:20 PM,11/27/2025,
535,43.3,gf,2.385,mm,OK,--,2:22:20 PM,11/27/2025,
536,43.3,gf,2.390,mm,OK,--,2:22:20 PM,11/27/2025,
537,43.3,gf,2.390,mm,OK,--,2:22:20 PM,11/27/2025,
538,43.3,gf,2.395,mm,OK,--,2:22:20 PM,11/27/2025,
539,43.3,gf,2.395,mm,OK,--,2:22:20 PM,11/27/2025,
540,43.3,gf,2.400,mm,OK,--,2:22:20 PM,11/27/2025,
541,43.3,gf,2.405,mm,OK,--,2:22:20 PM,11/27/2025,
542,43.5,gf,2.410,mm,OK,--,2:22:21 PM,11/27/2025,
543,43.6,gf,2.415,mm,OK,--,2:22:21 PM,11/27/2025,
544,43.6,gf,2.420,mm,OK,--,2:22:21 PM,11/27/2025,
545,43.6,gf,2.420,mm,OK,--,2:22:21 PM,11/27/2025,
546,43.6,gf,2.425,mm,OK,--,2:22:21 PM,11/27/2025,
547,43.6,gf,2.430,mm,OK,--,2:22:21 PM,11/27/2025,
548,43.6,gf,2.430,mm,OK,--,2:22:21 PM,11/27/2025,
549,43.6,gf,2.435,mm,OK,--,2:22:21 PM,11/27/2025,
550,43.7,gf,2.440,mm,OK,--,2:22:21 PM,11/27/2025,
551,43.6,gf,2.445,mm,OK,--,2:22:21 PM,11/27/2025,
552,43.7,gf,2.450,mm,OK,--,2:22:22 PM,11/27/2025,
553,43.7,gf,2.455,mm,OK,--,2:22:22 PM,11/27/2025,
554,43.7,gf,2.460,mm,OK,--,2:22:22 PM,11/27/2025,
555,43.7,gf,2.460,mm,OK,--,2:22:22 PM,11/27/2025,
556,43.7,gf,2.465,mm,OK,--,2:22:22 PM,11/27/2025,
557,43.6,gf,2.470,mm,OK,--,2:22:22 PM,11/27/2025,
558,43.6,gf,2.470,mm,OK,--,2:22:22 PM,11/27/2025,
559,43.7,gf,2.475,mm,OK,--,2:22:22 PM,11/27/2025,
560,43.7,gf,2.475,mm,OK,--,2:22:22 PM,11/27/2025,
561,43.7,gf,2.480,mm,OK,--,2:22:22 PM,11/27/2025,
562,43.7,gf,2.480,mm,OK,--,2:22:23 PM,11/27/2025,
563,43.8,gf,2.485,mm,OK,--,2:22:23 PM,11/27/2025,
564,43.8,gf,2.490,mm,OK,--,2:22:23 PM,11/27/2025,
565,43.9,gf,2.495,mm,OK,--,2:22:23 PM,11/27/2025,
566,44.0,gf,2.505,mm,OK,--,2:22:23 PM,11/27/2025,
567,43.9,gf,2.515,mm,OK,--,2:22:23 PM,11/27/2025,
568,44.0,gf,2.525,mm,OK,--,2:22:23 PM,11/27/2025,
569,44.0,gf,2.535,mm,OK,--,2:22:23 PM,11/27/2025,
570,44.0,gf,2.540,mm,OK,--,2:22:23 PM,11/27/2025,
571,44.0,gf,2.540,mm,OK,--,2:22:23 PM,11/27/2025,
572,44.1,gf,2.545,mm,OK,--,2:22:24 PM,11/27/2025,
573,44.1,gf,2.550,mm,OK,--,2:22:24 PM,11/27/2025,
574,44.1,gf,2.555,mm,OK,--,2:22:24 PM,11/27/2025,
575,44.1,gf,2.560,mm,OK,--,2:22:24 PM,11/27/2025,
576,44.1,gf,2.560,mm,OK,--,2:22:24 PM,11/27/2025,
577,44.3,gf,2.565,mm,OK,--,2:22:24 PM,11/27/2025,
578,44.3,gf,2.575,mm,OK,--,2:22:24 PM,11/27/2025,
579,44.3,gf,2.580,mm,OK,--,2:22:24 PM,11/27/2025,
580,44.3,gf,2.585,mm,OK,--,2:22:24 PM,11/27/2025,
581,44.2,gf,2.585,mm,OK,--,2:22:24 PM,11/27/2025,
582,44.2,gf,2.590,mm,OK,--,2:22:25 PM,11/27/2025,
583,44.2,gf,2.590,mm,OK,--,2:22:25 PM,11/27/2025,
584,44.2,gf,2.595,mm,OK,--,2:22:25 PM,11/27/2025,
585,44.2,gf,2.595,mm,OK,--,2:22:25 PM,11/27/2025,
586,44.3,gf,2.600,mm,OK,--,2:22:25 PM,11/27/2025,
587,44.3,gf,2.605,mm,OK,--,2:22:25 PM,11/27/2025,
588,44.3,gf,2.605,mm,OK,--,2:22:25 PM,11/27/2025,
589,44.3,gf,2.610,mm,OK,--,2:22:25 PM,11/27/2025,
590,44.4,gf,2.610,mm,OK,--,2:22:25 PM,11/27/2025,
591,44.4,gf,2.615,mm,OK,--,2:22:25 PM,11/27/2025,
592,44.5,gf,2.620,mm,OK,--,2:22:26 PM,11/27/2025,
593,44.5,gf,2.625,mm,OK,--,2:22:26 PM,11/27/2025,
594,44.5,gf,2.630,mm,OK,--,2:22:26 PM,11/27/2025,
595,44.5,gf,2.635,mm,OK,--,2:22:26 PM,11/27/2025,
596,44.5,gf,2.640,mm,OK,--,2:22:26 PM,11/27/2025,
597,44.5,gf,2.645,mm,OK,--,2:22:26 PM,11/27/2025,
598,44.6,gf,2.650,mm,OK,--,2:22:26 PM,11/27/2025,
599,44.6,gf,2.650,mm,OK,--,2:22:26 PM,11/27/2025,
600,44.5,gf,2.655,mm,OK,--,2:22:26 PM,11/27/2025,
601,44.5,gf,2.660,mm,OK,--,2:22:26 PM,11/27/2025,
602,44.6,gf,2.665,mm,OK,--,2:22:27 PM,11/27/2025,
603,44.5,gf,2.665,mm,OK,--,2:22:27 PM,11/27/2025,
604,44.5,gf,2.670,mm,OK,--,2:22:27 PM,11/27/2025,
605,44.5,gf,2.670,mm,OK,--,2:22:27 PM,11/27/2025,
606,44.6,gf,2.675,mm,OK,--,2:22:27 PM,11/27/2025,
607,44.6,gf,2.675,mm,OK,--,2:22:27 PM,11/27/2025,
608,44.6,gf,2.680,mm,OK,--,2:22:27 PM,11/27/2025,
609,44.6,gf,2.680,mm,OK,--,2:22:27 PM,11/27/2025,
610,44.6,gf,2.685,mm,OK,--,2:22:27 PM,11/27/2025,
611,44.6,gf,2.685,mm,OK,--,2:22:27 PM,11/27/2025,
612,44.6,gf,2.690,mm,OK,--,2:22:28 PM,11/27/2025,
613,44.7,gf,2.690,mm,OK,--,2:22:28 PM,11/27/2025,
614,44.7,gf,2.695,mm,OK,--,2:22:28 PM,11/27/2025,
615,44.8,gf,2.695,mm,OK,--,2:22:28 PM,11/27/2025,
616,44.8,gf,2.700,mm,OK,--,2:22:28 PM,11/27/2025,
617,44.8,gf,2.705,mm,OK,--,2:22:28 PM,11/27/2025,
618,44.8,gf,2.705,mm,OK,--,2:22:28 PM,11/27/2025,
619,44.8,gf,2.710,mm,OK,--,2:22:28 PM,11/27/2025,
620,44.9,gf,2.710,mm,OK,--,2:22:28 PM,11/27/2025,
621,44.9,gf,2.715,mm,OK,--,2:22:28 PM,11/27/2025,
622,44.9,gf,2.715,mm,OK,--,2:22:29 PM,11/27/2025,
623,44.9,gf,2.720,mm,OK,--,2:22:29 PM,11/27/2025,
624,44.9,gf,2.720,mm,OK,--,2:22:29 PM,11/27/2025,
625,44.9,gf,2.725,mm,OK,--,2:22:29 PM,11/27/2025,
626,44.9,gf,2.725,mm,OK,--,2:22:29 PM,11/27/2025,
627,45.0,gf,2.730,mm,OK,--,2:22:29 PM,11/27/2025,
628,45.0,gf,2.730,mm,OK,--,2:22:29 PM,11/27/2025,
629,45.0,gf,2.735,mm,OK,--,2:22:29 PM,11/27/2025,
630,45.0,gf,2.735,mm,OK,--,2:22:29 PM,11/27/2025,
631,45.0,gf,2.740,mm,OK,--,2:22:29 PM,11/27/2025,
632,45.0,gf,2.740,mm,OK,--,2:22:30 PM,11/27/2025,
633,45.0,gf,2.740,mm,OK,--,2:22:30 PM,11/27/2025,
634,45.0,gf,2.745,mm,OK,--,2:22:30 PM,11/27/2025,
635,45.0,gf,2.745,mm,OK,--,2:22:30 PM,11/27/2025,
636,45.0,gf,2.750,mm,OK,--,2:22:30 PM,11/27/2025,
637,45.0,gf,2.750,mm,OK,--,2:22:30 PM,11/27/2025,
638,45.0,gf,2.755,mm,OK,--,2:22:30 PM,11/27/2025,
639,45.0,gf,2.760,mm,OK,--,2:22:30 PM,11/27/2025,
640,45.0,gf,2.765,mm,OK,--,2:22:30 PM,11/27/2025,
641,44.9,gf,2.770,mm,OK,--,2:22:30 PM,11/27/2025,
642,44.9,gf,2.775,mm,OK,--,2:22:31 PM,11/27/2025,
643,44.9,gf,2.780,mm,OK,--,2:22:31 PM,11/27/2025,
644,45.0,gf,2.780,mm,OK,--,2:22:31 PM,11/27/2025,
645,45.0,gf,2.785,mm,OK,--,2:22:31 PM,11/27/2025,
646,45.1,gf,2.790,mm,OK,--,2:22:31 PM,11/27/2025,
647,45.1,gf,2.795,mm,OK,--,2:22:31 PM,11/27/2025,
648,45.1,gf,2.795,mm,OK,--,2:22:31 PM,11/27/2025,
649,45.2,gf,2.800,mm,OK,--,2:22:31 PM,11/27/2025,
650,45.2,gf,2.805,mm,OK,--,2:22:31 PM,11/27/2025,
651,45.3,gf,2.815,mm,OK,--,2:22:31 PM,11/27/2025,
652,45.3,gf,2.820,mm,OK,--,2:22:32 PM,11/27/2025,
653,45.3,gf,2.825,mm,OK,--,2:22:32 PM,11/27/2025,
654,45.2,gf,2.830,mm,OK,--,2:22:32 PM,11/27/2025,
655,45.4,gf,2.835,mm,OK,--,2:22:32 PM,11/27/2025,
656,45.3,gf,2.845,mm,OK,--,2:22:32 PM,11/27/2025,
657,45.4,gf,2.850,mm,OK,--,2:22:32 PM,11/27/2025,
658,45.4,gf,2.855,mm,OK,--,2:22:32 PM,11/27/2025,
659,45.4,gf,2.860,mm,OK,--,2:22:32 PM,11/27/2025,
660,45.6,gf,2.865,mm,OK,--,2:22:32 PM,11/27/2025,
661,45.7,gf,2.870,mm,OK,--,2:22:32 PM,11/27/2025,
662,45.8,gf,2.875,mm,OK,--,2:22:33 PM,11/27/2025,
663,45.8,gf,2.880,mm,OK,--,2:22:33 PM,11/27/2025,
664,45.8,gf,2.885,mm,OK,--,2:22:33 PM,11/27/2025,
665,45.8,gf,2.890,mm,OK,--,2:22:33 PM,11/27/2025,
666,45.8,gf,2.895,mm,OK,--,2:22:33 PM,11/27/2025,
667,45.9,gf,2.900,mm,OK,--,2:22:33 PM,11/27/2025,
668,45.9,gf,2.905,mm,OK,--,2:22:33 PM,11/27/2025,
669,45.9,gf,2.910,mm,OK,--,2:22:33 PM,11/27/2025,
670,45.9,gf,2.915,mm,OK,--,2:22:33 PM,11/27/2025,
671,45.9,gf,2.920,mm,OK,--,2:22:33 PM,11/27/2025,
672,45.9,gf,2.920,mm,OK,--,2:22:34 PM,11/27/2025,
673,46.0,gf,2.920,mm,OK,--,2:22:34 PM,11/27/2025,
674,46.1,gf,2.925,mm,OK,--,2:22:34 PM,11/27/2025,
675,46.0,gf,2.930,mm,OK,--,2:22:34 PM,11/27/2025,
676,46.2,gf,2.935,mm,OK,--,2:22:34 PM,11/27/2025,
677,46.2,gf,2.935,mm,OK,--,2:22:34 PM,11/27/2025,
678,46.1,gf,2.940,mm,OK,--,2:22:34 PM,11/27/2025,
679,46.1,gf,2.940,mm,OK,--,2:22:34 PM,11/27/2025,
680,46.1,gf,2.945,mm,OK,--,2:22:34 PM,11/27/2025,
681,46.2,gf,2.950,mm,OK,--,2:22:34 PM,11/27/2025,
682,46.3,gf,2.950,mm,OK,--,2:22:35 PM,11/27/2025,
683,46.3,gf,2.955,mm,OK,--,2:22:35 PM,11/27/2025,
684,46.3,gf,2.955,mm,OK,--,2:22:35 PM,11/27/2025,
685,46.3,gf,2.960,mm,OK,--,2:22:35 PM,11/27/2025,
686,46.3,gf,2.965,mm,OK,--,2:22:35 PM,11/27/2025,
687,46.3,gf,2.970,mm,OK,--,2:22:35 PM,11/27/2025,
688,46.3,gf,2.975,mm,OK,--,2:22:35 PM,11/27/2025,
689,46.3,gf,2.980,mm,OK,--,2:22:35 PM,11/27/2025,
690,46.3,gf,2.985,mm,OK,--,2:22:35 PM,11/27/2025,
691,46.4,gf,2.990,mm,OK,--,2:22:35 PM,11/27/2025,
692,46.5,gf,3.000,mm,OK,--,2:22:36 PM,11/27/2025,
693,46.7,gf,3.010,mm,OK,--,2:22:36 PM,11/27/2025,
694,46.7,gf,3.020,mm,OK,--,2:22:36 PM,11/27/2025,
695,46.7,gf,3.030,mm,OK,--,2:22:36 PM,11/27/2025,
696,46.8,gf,3.045,mm,OK,--,2:22:36 PM,11/27/2025,
697,46.8,gf,3.055,mm,OK,--,2:22:36 PM,11/27/2025,
698,46.9,gf,3.065,mm,OK,--,2:22:36 PM,11/27/2025,
699,46.9,gf,3.075,mm,OK,--,2:22:36 PM,11/27/2025,
700,46.9,gf,3.085,mm,OK,--,2:22:36 PM,11/27/2025,
701,47.0,gf,3.095,mm,OK,--,2:22:36 PM,11/27/2025,
702,46.9,gf,3.105,mm,OK,--,2:22:37 PM,11/27/2025,
703,46.9,gf,3.115,mm,OK,--,2:22:37 PM,11/27/2025,
704,46.9,gf,3.120,mm,OK,--,2:22:37 PM,11/27/2025,
705,47.0,gf,3.130,mm,OK,--,2:22:37 PM,11/27/2025,
706,46.9,gf,3.135,mm,OK,--,2:22:37 PM,11/27/2025,
707,46.9,gf,3.135,mm,OK,--,2:22:37 PM,11/27/2025,
708,47.0,gf,3.140,mm,OK,--,2:22:37 PM,11/27/2025,
709,47.0,gf,3.145,mm,OK,--,2:22:37 PM,11/27/2025,
710,47.0,gf,3.145,mm,OK,--,2:22:37 PM,11/27/2025,
711,47.0,gf,3.150,mm,OK,--,2:22:37 PM,11/27/2025,
712,47.0,gf,3.150,mm,OK,--,2:22:38 PM,11/27/2025,
713,47.0,gf,3.155,mm,OK,--,2:22:38 PM,11/27/2025,
714,47.0,gf,3.155,mm,OK,--,2:22:38 PM,11/27/2025,
715,47.0,gf,3.160,mm,OK,--,2:22:38 PM,11/27/2025,
716,47.1,gf,3.160,mm,OK,--,2:22:38 PM,11/27/2025,
717,47.1,gf,3.160,mm,OK,--,2:22:38 PM,11/27/2025,
718,47.1,gf,3.165,mm,OK,--,2:22:38 PM,11/27/2025,
719,47.1,gf,3.165,mm,OK,--,2:22:38 PM,11/27/2025,
720,47.1,gf,3.170,mm,OK,--,2:22:38 PM,11/27/2025,
721,47.1,gf,3.170,mm,OK,--,2:22:38 PM,11/27/2025,
722,47.1,gf,3.175,mm,OK,--,2:22:39 PM,11/27/2025,
723,47.1,gf,3.175,mm,OK,--,2:22:39 PM,11/27/2025,
724,47.1,gf,3.180,mm,OK,--,2:22:39 PM,11/27/2025,
725,47.1,gf,3.185,mm,OK,--,2:22:39 PM,11/27/2025,
726,47.1,gf,3.190,mm,OK,--,2:22:39 PM,11/27/2025,
727,47.1,gf,3.195,mm,OK,--,2:22:39 PM,11/27/2025,
728,47.2,gf,3.195,mm,OK,--,2:22:39 PM,11/27/2025,
729,47.2,gf,3.200,mm,OK,--,2:22:39 PM,11/27/2025,
730,47.2,gf,3.205,mm,OK,--,2:22:39 PM,11/27/2025,
731,47.2,gf,3.210,mm,OK,--,2:22:39 PM,11/27/2025,
732,47.1,gf,3.215,mm,OK,--,2:22:40 PM,11/27/2025,
733,47.1,gf,3.215,mm,OK,--,2:22:40 PM,11/27/2025,
734,47.0,gf,3.220,mm,OK,--,2:22:40 PM,11/27/2025,
735,47.0,gf,3.225,mm,OK,--,2:22:40 PM,11/27/2025,
736,47.0,gf,3.230,mm,OK,--,2:22:40 PM,11/27/2025,
737,47.1,gf,3.230,mm,OK,--,2:22:40 PM,11/27/2025,
738,47.0,gf,3.235,mm,OK,--,2:22:40 PM,11/27/2025,
739,47.0,gf,3.240,mm,OK,--,2:22:40 PM,11/27/2025,
740,47.1,gf,3.245,mm,OK,--,2:22:40 PM,11/27/2025,
741,47.0,gf,3.245,mm,OK,--,2:22:40 PM,11/27/2025,
742,47.1,gf,3.250,mm,OK,--,2:22:41 PM,11/27/2025,
743,47.1,gf,3.255,mm,OK,--,2:22:41 PM,11/27/2025,
744,47.1,gf,3.255,mm,OK,--,2:22:41 PM,11/27/2025,
745,47.1,gf,3.260,mm,OK,--,2:22:41 PM,11/27/2025,
746,47.2,gf,3.265,mm,OK,--,2:22:41 PM,11/27/2025,
747,47.3,gf,3.265,mm,OK,--,2:22:41 PM,11/27/2025,
748,47.4,gf,3.270,mm,OK,--,2:22:41 PM,11/27/2025,
749,47.3,gf,3.275,mm,OK,--,2:22:41 PM,11/27/2025,
750,47.3,gf,3.280,mm,OK,--,2:22:41 PM,11/27/2025,
751,47.4,gf,3.280,mm,OK,--,2:22:41 PM,11/27/2025,
752,47.5,gf,3.285,mm,OK,--,2:22:42 PM,11/27/2025,
753,47.6,gf,3.290,mm,OK,--,2:22:42 PM,11/27/2025,
754,47.6,gf,3.295,mm,OK,--,2:22:42 PM,11/27/2025,
755,47.6,gf,3.295,mm,OK,--,2:22:42 PM,11/27/2025,
756,47.6,gf,3.300,mm,OK,--,2:22:42 PM,11/27/2025,
757,47.4,gf,3.305,mm,OK,--,2:22:42 PM,11/27/2025,
758,47.4,gf,3.305,mm,OK,--,2:22:42 PM,11/27/2025,
759,47.4,gf,3.310,mm,OK,--,2:22:42 PM,11/27/2025,
760,47.4,gf,3.315,mm,OK,--,2:22:42 PM,11/27/2025,
761,47.5,gf,3.315,mm,OK,--,2:22:42 PM,11/27/2025,
762,47.5,gf,3.320,mm,OK,--,2:22:43 PM,11/27/2025,
763,47.5,gf,3.325,mm,OK,--,2:22:43 PM,11/27/2025,
764,47.5,gf,3.325,mm,OK,--,2:22:43 PM,11/27/2025,
765,47.6,gf,3.330,mm,OK,--,2:22:43 PM,11/27/2025,
766,47.6,gf,3.330,mm,OK,--,2:22:43 PM,11/27/2025,
767,47.6,gf,3.335,mm,OK,--,2:22:43 PM,11/27/2025,
768,47.6,gf,3.335,mm,OK,--,2:22:43 PM,11/27/2025,
769,48.1,gf,3.340,mm,OK,--,2:22:43 PM,11/27/2025,
770,48.6,gf,3.345,mm,OK,--,2:22:43 PM,11/27/2025,
771,49.3,gf,3.350,mm,OK,--,2:22:43 PM,11/27/2025,
772,50.0,gf,3.350,mm,OK,--,2:22:44 PM,11/27/2025,
773,50.6,gf,3.355,mm,OK,--,2:22:44 PM,11/27/2025,
774,51.0,gf,3.360,mm,OK,--,2:22:44 PM,11/27/2025,
775,51.4,gf,3.360,mm,OK,--,2:22:44 PM,11/27/2025,
776,51.8,gf,3.365,mm,OK,--,2:22:44 PM,11/27/2025,
777,52.2,gf,3.365,mm,OK,--,2:22:44 PM,11/27/2025,
778,52.6,gf,3.370,mm,OK,--,2:22:44 PM,11/27/2025,
779,53.0,gf,3.370,mm,OK,--,2:22:44 PM,11/27/2025,
780,53.4,gf,3.370,mm,OK,--,2:22:44 PM,11/27/2025,
781,53.8,gf,3.375,mm,OK,--,2:22:44 PM,11/27/2025,
782,54.2,gf,3.375,mm,OK,--,2:22:45 PM,11/27/2025,
783,54.5,gf,3.380,mm,OK,--,2:22:45 PM,11/27/2025,
784,54.9,gf,3.380,mm,OK,--,2:22:45 PM,11/27/2025,
785,55.2,gf,3.385,mm,OK,--,2:22:45 PM,11/27/2025,
786,55.5,gf,3.385,mm,OK,--,2:22:45 PM,11/27/2025,
787,55.9,gf,3.385,mm,OK,--,2:22:45 PM,11/27/2025,
788,56.3,gf,3.390,mm,OK,--,2:22:45 PM,11/27/2025,
789,56.6,gf,3.390,mm,OK,--,2:22:45 PM,11/27/2025,
790,57.0,gf,3.395,mm,OK,--,2:22:45 PM,11/27/2025,
791,57.3,gf,3.395,mm,OK,--,2:22:45 PM,11/27/2025,
792,57.7,gf,3.395,mm,OK,--,2:22:46 PM,11/27/2025,
793,58.0,gf,3.400,mm,OK,--,2:22:46 PM,11/27/2025,
794,58.3,gf,3.400,mm,OK,--,2:22:46 PM,11/27/2025,
795,58.6,gf,3.405,mm,OK,--,2:22:46 PM,11/27/2025,
796,58.9,gf,3.405,mm,OK,--,2:22:46 PM,11/27/2025,
797,59.4,gf,3.405,mm,OK,--,2:22:46 PM,11/27/2025,
798,59.8,gf,3.410,mm,OK,--,2:22:46 PM,11/27/2025,
799,60.3,gf,3.410,mm,OK,--,2:22:46 PM,11/27/2025,
800,60.9,gf,3.415,mm,OK,--,2:22:46 PM,11/27/2025,
801,61.5,gf,3.415,mm,OK,--,2:22:46 PM,11/27/2025,
802,62.1,gf,3.420,mm,OK,--,2:22:47 PM,11/27/2025,
803,62.7,gf,3.420,mm,OK,--,2:22:47 PM,11/27/2025,
804,63.2,gf,3.420,mm,OK,--,2:22:47 PM,11/27/2025,
805,63.6,gf,3.425,mm,OK,--,2:22:47 PM,11/27/2025,
806,64.2,gf,3.425,mm,OK,--,2:22:47 PM,11/27/2025,
807,64.7,gf,3.430,mm,OK,--,2:22:47 PM,11/27/2025,
808,65.4,gf,3.430,mm,OK,--,2:22:47 PM,11/27/2025,
809,65.9,gf,3.435,mm,OK,--,2:22:47 PM,11/27/2025,
810,66.5,gf,3.435,mm,OK,--,2:22:47 PM,11/27/2025,
811,66.9,gf,3.435,mm,OK,--,2:22:47 PM,11/27/2025,
812,67.3,gf,3.440,mm,OK,--,2:22:48 PM,11/27/2025,
813,67.6,gf,3.440,mm,OK,--,2:22:48 PM,11/27/2025,
814,68.0,gf,3.440,mm,OK,--,2:22:48 PM,11/27/2025,
815,68.4,gf,3.445,mm,OK,--,2:22:48 PM,11/27/2025,
816,68.9,gf,3.445,mm,OK,--,2:22:48 PM,11/27/2025,
817,69.3,gf,3.445,mm,OK,--,2:22:48 PM,11/27/2025,
818,69.7,gf,3.450,mm,OK,--,2:22:48 PM,11/27/2025,
819,70.1,gf,3.450,mm,OK,--,2:22:48 PM,11/27/2025,
820,70.6,gf,3.450,mm,OK,--,2:22:48 PM,11/27/2025,
821,71.0,gf,3.455,mm,OK,--,2:22:48 PM,11/27/2025,
822,71.5,gf,3.455,mm,OK,--,2:22:49 PM,11/27/2025,
823,71.9,gf,3.455,mm,OK,--,2:22:49 PM,11/27/2025,
824,72.4,gf,3.460,mm,OK,--,2:22:49 PM,11/27/2025,
825,72.8,gf,3.460,mm,OK,--,2:22:49 PM,11/27/2025,
826,73.2,gf,3.460,mm,OK,--,2:22:49 PM,11/27/2025,
827,73.6,gf,3.465,mm,OK,--,2:22:49 PM,11/27/2025,
828,73.9,gf,3.465,mm,OK,--,2:22:49 PM,11/27/2025,
829,74.3,gf,3.465,mm,OK,--,2:22:49 PM,11/27/2025,
830,74.7,gf,3.465,mm,OK,--,2:22:49 PM,11/27/2025,
831,75.1,gf,3.470,mm,OK,--,2:22:49 PM,11/27/2025,
832,75.4,gf,3.470,mm,OK,--,2:22:50 PM,11/27/2025,
833,75.6,gf,3.470,mm,OK,--,2:22:50 PM,11/27/2025,
834,76.0,gf,3.470,mm,OK,--,2:22:50 PM,11/27/2025,
835,76.2,gf,3.470,mm,OK,--,2:22:50 PM,11/27/2025,
836,76.5,gf,3.475,mm,OK,--,2:22:50 PM,11/27/2025,
837,76.7,gf,3.475,mm,OK,--,2:22:50 PM,11/27/2025,
838,77.0,gf,3.475,mm,OK,--,2:22:50 PM,11/27/2025,
839,77.3,gf,3.475,mm,OK,--,2:22:50 PM,11/27/2025,
840,77.6,gf,3.475,mm,OK,--,2:22:50 PM,11/27/2025,
841,77.9,gf,3.480,mm,OK,--,2:22:50 PM,11/27/2025,
842,78.3,gf,3.480,mm,OK,--,2:22:51 PM,11/27/2025,
843,78.7,gf,3.480,mm,OK,--,2:22:51 PM,11/27/2025,
844,79.1,gf,3.480,mm,OK,--,2:22:51 PM,11/27/2025,
845,79.5,gf,3.485,mm,OK,--,2:22:51 PM,11/27/2025,
846,79.9,gf,3.485,mm,OK,--,2:22:51 PM,11/27/2025,
847,80.3,gf,3.485,mm,OK,--,2:22:51 PM,11/27/2025,
848,80.6,gf,3.490,mm,OK,--,2:22:51 PM,11/27/2025,
849,81.2,gf,3.490,mm,OK,--,2:22:51 PM,11/27/2025,
850,81.6,gf,3.490,mm,OK,--,2:22:51 PM,11/27/2025,
851,82.0,gf,3.490,mm,OK,--,2:22:51 PM,11/27/2025,
852,82.5,gf,3.495,mm,OK,--,2:22:52 PM,11/27/2025,
853,82.9,gf,3.495,mm,OK,--,2:22:52 PM,11/27/2025,
854,81.6,gf,3.495,mm,OK,--,2:22:52 PM,11/27/2025,
855,81.3,gf,3.500,mm,OK,--,2:22:52 PM,11/27/2025,
856,81.5,gf,3.500,mm,OK,--,2:22:52 PM,11/27/2025,
857,82.2,gf,3.500,mm,OK,--,2:22:52 PM,11/27/2025,
858,82.9,gf,3.505,mm,OK,--,2:22:52 PM,11/27/2025,
859,83.7,gf,3.505,mm,OK,--,2:22:52 PM,11/27/2025,
860,84.2,gf,3.510,mm,OK,--,2:22:52 PM,11/27/2025,
861,84.9,gf,3.510,mm,OK,--,2:22:52 PM,11/27/2025,
862,85.6,gf,3.515,mm,OK,--,2:22:53 PM,11/27/2025,
863,86.2,gf,3.515,mm,OK,--,2:22:53 PM,11/27/2025,
864,86.5,gf,3.520,mm,OK,--,2:22:53 PM,11/27/2025,
865,86.6,gf,3.520,mm,OK,--,2:22:53 PM,11/27/2025,
866,87.2,gf,3.525,mm,OK,--,2:22:53 PM,11/27/2025,
867,87.9,gf,3.525,mm,OK,--,2:22:53 PM,11/27/2025,
868,88.4,gf,3.530,mm,OK,--,2:22:53 PM,11/27/2025,
869,89.2,gf,3.530,mm,OK,--,2:22:53 PM,11/27/2025,
870,89.7,gf,3.535,mm,OK,--,2:22:53 PM,11/27/2025,
871,89.6,gf,3.535,mm,OK,--,2:22:53 PM,11/27/2025,
872,90.7,gf,3.540,mm,OK,--,2:22:54 PM,11/27/2025,
873,92.0,gf,3.545,mm,OK,--,2:22:54 PM,11/27/2025,
874,93.2,gf,3.550,mm,OK,--,2:22:54 PM,11/27/2025,
875,94.4,gf,3.555,mm,OK,--,2:22:54 PM,11/27/2025,
876,95.5,gf,3.555,mm,OK,--,2:22:54 PM,11/27/2025,
877,96.5,gf,3.560,mm,OK,--,2:22:54 PM,11/27/2025,
878,97.7,gf,3.565,mm,OK,--,2:22:54 PM,11/27/2025,
879,98.9,gf,3.570,mm,OK,--,2:22:54 PM,11/27/2025,
880,100.0,gf,3.570,mm,OK,--,2:22:54 PM,11/27/2025,
881,101.1,gf,3.575,mm,OK,--,2:22:54 PM,11/27/2025,
882,102.3,gf,3.580,mm,OK,--,2:22:55 PM,11/27/2025,
883,103.5,gf,3.585,mm,OK,--,2:22:55 PM,11/27/2025,
884,104.6,gf,3.590,mm,OK,--,2:22:55 PM,11/27/2025,
885,105.8,gf,3.590,mm,OK,--,2:22:55 PM,11/27/2025,
886,106.9,gf,3.595,mm,OK,--,2:22:55 PM,11/27/2025,
887,108.2,gf,3.600,mm,OK,--,2:22:55 PM,11/27/2025,
888,109.6,gf,3.605,mm,OK,--,2:22:55 PM,11/27/2025,
889,110.8,gf,3.610,mm,OK,--,2:22:55 PM,11/27/2025,
890,111.9,gf,3.610,mm,OK,--,2:22:55 PM,11/27/2025,
891,113.0,gf,3.615,mm,OK,--,2:22:55 PM,11/27/2025,
892,114.2,gf,3.620,mm,OK,--,2:22:56 PM,11/27/2025,
893,115.2,gf,3.620,mm,OK,--,2:22:56 PM,11/27/2025,
894,116.8,gf,3.625,mm,OK,--,2:22:56 PM,11/27/2025,
895,118.6,gf,3.630,mm,OK,--,2:22:56 PM,11/27/2025,
896,120.3,gf,3.635,mm,OK,--,2:22:56 PM,11/27/2025,
897,121.9,gf,3.640,mm,OK,--,2:22:56 PM,11/27/2025,
898,123.0,gf,3.645,mm,OK,--,2:22:56 PM,11/27/2025,
899,124.1,gf,3.650,mm,OK,--,2:22:56 PM,11/27/2025,
900,125.1,gf,3.650,mm,OK,--,2:22:56 PM,11/27/2025,
901,126.3,gf,3.655,mm,OK,--,2:22:56 PM,11/27/2025,
902,127.5,gf,3.660,mm,OK,--,2:22:57 PM,11/27/2025,
903,128.8,gf,3.660,mm,OK,--,2:22:57 PM,11/27/2025,
904,130.5,gf,3.665,mm,OK,--,2:22:57 PM,11/27/2025,
905,131.9,gf,3.670,mm,OK,--,2:22:57 PM,11/27/2025,
906,133.3,gf,3.675,mm,OK,--,2:22:57 PM,11/27/2025,
907,134.8,gf,3.680,mm,OK,--,2:22:57 PM,11/27/2025,
908,136.0,gf,3.685,mm,OK,--,2:22:57 PM,11/27/2025,
909,137.5,gf,3.690,mm,OK,--,2:22:57 PM,11/27/2025,
910,139.5,gf,3.695,mm,OK,--,2:22:57 PM,11/27/2025,
911,141.4,gf,3.700,mm,OK,--,2:22:57 PM,11/27/2025,
912,142.9,gf,3.705,mm,OK,--,2:22:58 PM,11/27/2025,
913,144.1,gf,3.705,mm,OK,--,2:22:58 PM,11/27/2025,
914,145.3,gf,3.710,mm,OK,--,2:22:58 PM,11/27/2025,
915,147.0,gf,3.715,mm,OK,--,2:22:58 PM,11/27/2025,
916,149.0,gf,3.720,mm,OK,--,2:22:58 PM,11/27/2025,
917,150.6,gf,3.725,mm,OK,--,2:22:58 PM,11/27/2025,
918,152.4,gf,3.730,mm,OK,--,2:22:58 PM,11/27/2025,
919,153.6,gf,3.735,mm,OK,--,2:22:58 PM,11/27/2025,
920,154.9,gf,3.735,mm,OK,--,2:22:58 PM,11/27/2025,
921,156.5,gf,3.740,mm,OK,--,2:22:58 PM,11/27/2025,
922,157.8,gf,3.745,mm,OK,--,2:22:59 PM,11/27/2025,
923,159.4,gf,3.750,mm,OK,--,2:22:59 PM,11/27/2025,
924,161.3,gf,3.755,mm,OK,--,2:22:59 PM,11/27/2025,
925,162.7,gf,3.760,mm,OK,--,2:22:59 PM,11/27/2025,
926,164.2,gf,3.765,mm,OK,--,2:22:59 PM,11/27/2025,
927,165.5,gf,3.770,mm,OK,--,2:22:59 PM,11/27/2025,
928,166.7,gf,3.775,mm,OK,--,2:22:59 PM,11/27/2025,
929,168.4,gf,3.780,mm,OK,--,2:22:59 PM,11/27/2025,
930,170.8,gf,3.785,mm,OK,--,2:22:59 PM,11/27/2025,
931,172.9,gf,3.790,mm,OK,--,2:22:59 PM,11/27/2025,
932,175.0,gf,3.795,mm,OK,--,2:23:00 PM,11/27/2025,
933,177.2,gf,3.805,mm,OK,--,2:23:00 PM,11/27/2025,
934,179.0,gf,3.810,mm,OK,--,2:23:00 PM,11/27/2025,
935,180.4,gf,3.815,mm,OK,--,2:23:00 PM,11/27/2025,
936,181.6,gf,3.815,mm,OK,--,2:23:00 PM,11/27/2025,
937,182.8,gf,3.820,mm,OK,--,2:23:00 PM,11/27/2025,
938,184.1,gf,3.825,mm,OK,--,2:23:00 PM,11/27/2025,
939,185.3,gf,3.830,mm,OK,--,2:23:00 PM,11/27/2025,
940,186.8,gf,3.835,mm,OK,--,2:23:00 PM,11/27/2025,
941,188.5,gf,3.840,mm,OK,--,2:23:00 PM,11/27/2025,
942,190.1,gf,3.845,mm,OK,--,2:23:01 PM,11/27/2025,
943,191.9,gf,3.850,mm,OK,--,2:23:01 PM,11/27/2025,
944,193.7,gf,3.855,mm,OK,--,2:23:01 PM,11/27/2025,
945,193.9,gf,3.855,mm,OK,--,2:23:01 PM,11/27/2025,
946,193.6,gf,3.855,mm,OK,--,2:23:01 PM,11/27/2025,
947,193.2,gf,3.855,mm,OK,--,2:23:01 PM,11/27/2025,
948,193.1,gf,3.855,mm,OK,--,2:23:01 PM,11/27/2025,
949,193.0,gf,3.855,mm,OK,--,2:23:01 PM,11/27/2025,
950,192.9,gf,3.855,mm,OK,--,2:23:01 PM,11/27/2025,
951,192.8,gf,3.855,mm,OK,--,2:23:01 PM,11/27/2025,
952,192.8,gf,3.855,mm,OK,--,2:23:02 PM,11/27/2025,
953,192.7,gf,3.855,mm,OK,--,2:23:02 PM,11/27/2025,
954,192.6,gf,3.855,mm,OK,--,2:23:02 PM,11/27/2025,
955,192.5,gf,3.855,mm,OK,--,2:23:02 PM,11/27/2025,
956,192.4,gf,3.855,mm,OK,--,2:23:02 PM,11/27/2025,
957,192.0,gf,3.855,mm,OK,--,2:23:02 PM,11/27/2025,
958,191.9,gf,3.855,mm,OK,--,2:23:02 PM,11/27/2025,
959,191.7,gf,3.855,mm,OK,--,2:23:02 PM,11/27/2025,
960,191.6,gf,3.855,mm,OK,--,2:23:02 PM,11/27/2025,
961,190.6,gf,3.855,mm,OK,--,2:23:02 PM,11/27/2025,
962,188.7,gf,3.855,mm,OK,--,2:23:03 PM,11/27/2025,
963,187.2,gf,3.855,mm,OK,--,2:23:03 PM,11/27/2025,
964,186.1,gf,3.850,mm,OK,--,2:23:03 PM,11/27/2025,
965,185.3,gf,3.850,mm,OK,--,2:23:03 PM,11/27/2025,
966,184.9,gf,3.850,mm,OK,--,2:23:03 PM,11/27/2025,
967,184.1,gf,3.850,mm,OK,--,2:23:03 PM,11/27/2025,
968,182.6,gf,3.850,mm,OK,--,2:23:03 PM,11/27/2025,
969,181.7,gf,3.845,mm,OK,--,2:23:03 PM,11/27/2025,
970,181.3,gf,3.845,mm,OK,--,2:23:03 PM,11/27/2025,
971,180.8,gf,3.845,mm,OK,--,2:23:03 PM,11/27/2025,
972,179.4,gf,3.840,mm,OK,--,2:23:04 PM,11/27/2025,
973,177.9,gf,3.835,mm,OK,--,2:23:04 PM,11/27/2025,
974,177.2,gf,3.835,mm,OK,--,2:23:04 PM,11/27/2025,
975,176.8,gf,3.835,mm,OK,--,2:23:04 PM,11/27/2025,
976,176.3,gf,3.830,mm,OK,--,2:23:04 PM,11/27/2025,
977,175.9,gf,3.830,mm,OK,--,2:23:04 PM,11/27/2025,
978,175.6,gf,3.830,mm,OK,--,2:23:04 PM,11/27/2025,
979,175.3,gf,3.830,mm,OK,--,2:23:04 PM,11/27/2025,
980,174.9,gf,3.830,mm,OK,--,2:23:04 PM,11/27/2025,
981,174.4,gf,3.825,mm,OK,--,2:23:04 PM,11/27/2025,
982,173.8,gf,3.825,mm,OK,--,2:23:05 PM,11/27/2025,
983,173.3,gf,3.825,mm,OK,--,2:23:05 PM,11/27/2025,
984,172.6,gf,3.825,mm,OK,--,2:23:05 PM,11/27/2025,
985,172.1,gf,3.820,mm,OK,--,2:23:05 PM,11/27/2025,
986,171.5,gf,3.820,mm,OK,--,2:23:05 PM,11/27/2025,
987,171.2,gf,3.820,mm,OK,--,2:23:05 PM,11/27/2025,
988,170.9,gf,3.820,mm,OK,--,2:23:05 PM,11/27/2025,
989,170.5,gf,3.815,mm,OK,--,2:23:05 PM,11/27/2025,
990,170.1,gf,3.815,mm,OK,--,2:23:05 PM,11/27/2025,
991,169.8,gf,3.815,mm,OK,--,2:23:05 PM,11/27/2025,
992,169.1,gf,3.815,mm,OK,--,2:23:06 PM,11/27/2025,
993,168.6,gf,3.815,mm,OK,--,2:23:06 PM,11/27/2025,
994,168.2,gf,3.810,mm,OK,--,2:23:06 PM,11/27/2025,
995,167.7,gf,3.810,mm,OK,--,2:23:06 PM,11/27/2025,
996,167.3,gf,3.810,mm,OK,--,2:23:06 PM,11/27/2025,
997,166.9,gf,3.810,mm,OK,--,2:23:06 PM,11/27/2025,
998,166.1,gf,3.805,mm,OK,--,2:23:06 PM,11/27/2025,
999,165.0,gf,3.805,mm,OK,--,2:23:06 PM,11/27/2025,
1000,164.2,gf,3.800,mm,OK,--,2:23:06 PM,11/27/2025,
1001,163.2,gf,3.800,mm,OK,--,2:23:06 PM,11/27/2025,
1002,162.0,gf,3.795,mm,OK,--,2:23:07 PM,11/27/2025,
1003,161.0,gf,3.795,mm,OK,--,2:23:07 PM,11/27/2025,
1004,160.0,gf,3.790,mm,OK,--,2:23:07 PM,11/27/2025,
1005,159.3,gf,3.790,mm,OK,--,2:23:07 PM,11/27/2025,
1006,158.5,gf,3.785,mm,OK,--,2:23:07 PM,11/27/2025,
1007,158.0,gf,3.785,mm,OK,--,2:23:07 PM,11/27/2025,
1008,157.5,gf,3.785,mm,OK,--,2:23:07 PM,11/27/2025,
1009,157.2,gf,3.785,mm,OK,--,2:23:07 PM,11/27/2025,
1010,157.0,gf,3.780,mm,OK,--,2:23:07 PM,11/27/2025,
1011,156.8,gf,3.780,mm,OK,--,2:23:07 PM,11/27/2025,
1012,156.4,gf,3.780,mm,OK,--,2:23:08 PM,11/27/2025,
1013,156.1,gf,3.780,mm,OK,--,2:23:08 PM,11/27/2025,
1014,155.9,gf,3.780,mm,OK,--,2:23:08 PM,11/27/2025,
1015,155.5,gf,3.780,mm,OK,--,2:23:08 PM,11/27/2025,
1016,155.0,gf,3.775,mm,OK,--,2:23:08 PM,11/27/2025,
1017,154.7,gf,3.775,mm,OK,--,2:23:08 PM,11/27/2025,
1018,154.1,gf,3.775,mm,OK,--,2:23:08 PM,11/27/2025,
1019,153.6,gf,3.775,mm,OK,--,2:23:08 PM,11/27/2025,
1020,153.0,gf,3.770,mm,OK,--,2:23:08 PM,11/27/2025,
1021,152.5,gf,3.770,mm,OK,--,2:23:08 PM,11/27/2025,
1022,152.0,gf,3.770,mm,OK,--,2:23:09 PM,11/27/2025,
1023,151.7,gf,3.765,mm,OK,--,2:23:09 PM,11/27/2025,
1024,151.4,gf,3.765,mm,OK,--,2:23:09 PM,11/27/2025,
1025,151.0,gf,3.765,mm,OK,--,2:23:09 PM,11/27/2025,
1026,150.4,gf,3.765,mm,OK,--,2:23:09 PM,11/27/2025,
1027,149.8,gf,3.760,mm,OK,--,2:23:09 PM,11/27/2025,
1028,149.5,gf,3.760,mm,OK,--,2:23:09 PM,11/27/2025,
1029,149.0,gf,3.760,mm,OK,--,2:23:09 PM,11/27/2025,
1030,148.6,gf,3.760,mm,OK,--,2:23:09 PM,11/27/2025,
1031,148.3,gf,3.755,mm,OK,--,2:23:09 PM,11/27/2025,
1032,148.0,gf,3.755,mm,OK,--,2:23:10 PM,11/27/2025,
1033,147.6,gf,3.755,mm,OK,--,2:23:10 PM,11/27/2025,
1034,147.3,gf,3.755,mm,OK,--,2:23:10 PM,11/27/2025,
1035,147.0,gf,3.755,mm,OK,--,2:23:10 PM,11/27/2025,
1036,146.7,gf,3.755,mm,OK,--,2:23:10 PM,11/27/2025,
1037,146.4,gf,3.750,mm,OK,--,2:23:10 PM,11/27/2025,
1038,146.2,gf,3.750,mm,OK,--,2:23:10 PM,11/27/2025,
1039,146.0,gf,3.750,mm,OK,--,2:23:10 PM,11/27/2025,
1040,145.9,gf,3.750,mm,OK,--,2:23:10 PM,11/27/2025,
1041,145.7,gf,3.750,mm,OK,--,2:23:10 PM,11/27/2025,
1042,145.5,gf,3.750,mm,OK,--,2:23:11 PM,11/27/2025,
1043,145.1,gf,3.750,mm,OK,--,2:23:11 PM,11/27/2025,
1044,144.9,gf,3.745,mm,OK,--,2:23:11 PM,11/27/2025,
1045,144.6,gf,3.745,mm,OK,--,2:23:11 PM,11/27/2025,
1046,144.3,gf,3.745,mm,OK,--,2:23:11 PM,11/27/2025,
1047,143.5,gf,3.745,mm,OK,--,2:23:11 PM,11/27/2025,
1048,143.0,gf,3.740,mm,OK,--,2:23:11 PM,11/27/2025,
1049,142.6,gf,3.740,mm,OK,--,2:23:11 PM,11/27/2025,
1050,142.3,gf,3.740,mm,OK,--,2:23:11 PM,11/27/2025,
1051,141.9,gf,3.740,mm,OK,--,2:23:11 PM,11/27/2025,
1052,141.6,gf,3.740,mm,OK,--,2:23:12 PM,11/27/2025,
1053,141.4,gf,3.735,mm,OK,--,2:23:12 PM,11/27/2025,
1054,141.2,gf,3.735,mm,OK,--,2:23:12 PM,11/27/2025,
1055,140.9,gf,3.735,mm,OK,--,2:23:12 PM,11/27/2025,
1056,140.7,gf,3.735,mm,OK,--,2:23:12 PM,11/27/2025,
1057,140.5,gf,3.735,mm,OK,--,2:23:12 PM,11/27/2025,
1058,140.3,gf,3.735,mm,OK,--,2:23:12 PM,11/27/2025,
1059,140.2,gf,3.735,mm,OK,--,2:23:12 PM,11/27/2025,
1060,140.3,gf,3.735,mm,OK,--,2:23:12 PM,11/27/2025,
1061,140.1,gf,3.735,mm,OK,--,2:23:12 PM,11/27/2025,
1062,140.0,gf,3.730,mm,OK,--,2:23:13 PM,11/27/2025,
1063,139.9,gf,3.730,mm,OK,--,2:23:13 PM,11/27/2025,
1064,139.7,gf,3.730,mm,OK,--,2:23:13 PM,11/27/2025,
1065,139.5,gf,3.730,mm,OK,--,2:23:13 PM,11/27/2025,
1066,139.4,gf,3.730,mm,OK,--,2:23:13 PM,11/27/2025,
1067,139.1,gf,3.730,mm,OK,--,2:23:13 PM,11/27/2025,
1068,139.0,gf,3.730,mm,OK,--,2:23:13 PM,11/27/2025,
1069,138.7,gf,3.730,mm,OK,--,2:23:13 PM,11/27/2025,
1070,138.4,gf,3.730,mm,OK,--,2:23:13 PM,11/27/2025,
1071,137.8,gf,3.725,mm,OK,--,2:23:13 PM,11/27/2025,
1072,136.9,gf,3.725,mm,OK,--,2:23:14 PM,11/27/2025,
1073,135.9,gf,3.720,mm,OK,--,2:23:14 PM,11/27/2025,
1074,135.4,gf,3.720,mm,OK,--,2:23:14 PM,11/27/2025,
1075,135.1,gf,3.720,mm,OK,--,2:23:14 PM,11/27/2025,
1076,134.5,gf,3.720,mm,OK,--,2:23:14 PM,11/27/2025,
1077,134.0,gf,3.715,mm,OK,--,2:23:14 PM,11/27/2025,
1078,133.5,gf,3.715,mm,OK,--,2:23:14 PM,11/27/2025,
1079,133.2,gf,3.715,mm,OK,--,2:23:14 PM,11/27/2025,
1080,132.9,gf,3.715,mm,OK,--,2:23:14 PM,11/27/2025,
1081,132.8,gf,3.710,mm,OK,--,2:23:14 PM,11/27/2025,
1082,132.4,gf,3.710,mm,OK,--,2:23:15 PM,11/27/2025,
1083,132.2,gf,3.710,mm,OK,--,2:23:15 PM,11/27/2025,
1084,131.8,gf,3.710,mm,OK,--,2:23:15 PM,11/27/2025,
1085,131.5,gf,3.710,mm,OK,--,2:23:15 PM,11/27/2025,
1086,131.1,gf,3.710,mm,OK,--,2:23:15 PM,11/27/2025,
1087,130.7,gf,3.705,mm,OK,--,2:23:15 PM,11/27/2025,
1088,130.1,gf,3.705,mm,OK,--,2:23:15 PM,11/27/2025,
1089,129.7,gf,3.705,mm,OK,--,2:23:15 PM,11/27/2025,
1090,129.1,gf,3.705,mm,OK,--,2:23:15 PM,11/27/2025,
1091,128.3,gf,3.700,mm,OK,--,2:23:15 PM,11/27/2025,
1092,127.4,gf,3.700,mm,OK,--,2:23:16 PM,11/27/2025,
1093,126.2,gf,3.695,mm,OK,--,2:23:16 PM,11/27/2025,
1094,124.9,gf,3.690,mm,OK,--,2:23:16 PM,11/27/2025,
1095,123.3,gf,3.685,mm,OK,--,2:23:16 PM,11/27/2025,
1096,121.7,gf,3.680,mm,OK,--,2:23:16 PM,11/27/2025,
1097,120.5,gf,3.680,mm,OK,--,2:23:16 PM,11/27/2025,
1098,119.4,gf,3.675,mm,OK,--,2:23:16 PM,11/27/2025,
1099,118.5,gf,3.670,mm,OK,--,2:23:16 PM,11/27/2025,
1100,117.2,gf,3.670,mm,OK,--,2:23:16 PM,11/27/2025,
1101,116.2,gf,3.665,mm,OK,--,2:23:16 PM,11/27/2025,
1102,114.9,gf,3.660,mm,OK,--,2:23:17 PM,11/27/2025,
1103,113.4,gf,3.660,mm,OK,--,2:23:17 PM,11/27/2025,
1104,111.9,gf,3.655,mm,OK,--,2:23:17 PM,11/27/2025,
1105,110.7,gf,3.650,mm,OK,--,2:23:17 PM,11/27/2025,
1106,109.5,gf,3.645,mm,OK,--,2:23:17 PM,11/27/2025,
1107,108.4,gf,3.645,mm,OK,--,2:23:17 PM,11/27/2025,
1108,107.4,gf,3.640,mm,OK,--,2:23:17 PM,11/27/2025,
1109,106.6,gf,3.635,mm,OK,--,2:23:17 PM,11/27/2025,
1110,105.7,gf,3.635,mm,OK,--,2:23:17 PM,11/27/2025,
1111,104.9,gf,3.630,mm,OK,--,2:23:17 PM,11/27/2025,
1112,103.8,gf,3.630,mm,OK,--,2:23:18 PM,11/27/2025,
1113,102.9,gf,3.625,mm,OK,--,2:23:18 PM,11/27/2025,
1114,101.9,gf,3.625,mm,OK,--,2:23:18 PM,11/27/2025,
1115,100.9,gf,3.620,mm,OK,--,2:23:18 PM,11/27/2025,
1116,100.3,gf,3.620,mm,OK,--,2:23:18 PM,11/27/2025,
1117,99.8,gf,3.615,mm,OK,--,2:23:18 PM,11/27/2025,
1118,99.1,gf,3.615,mm,OK,--,2:23:18 PM,11/27/2025,
1119,98.2,gf,3.610,mm,OK,--,2:23:18 PM,11/27/2025,
1120,97.5,gf,3.610,mm,OK,--,2:23:18 PM,11/27/2025,
1121,96.8,gf,3.605,mm,OK,--,2:23:18 PM,11/27/2025,
1122,96.1,gf,3.605,mm,OK,--,2:23:19 PM,11/27/2025,
1123,95.3,gf,3.600,mm,OK,--,2:23:19 PM,11/27/2025,
1124,94.2,gf,3.600,mm,OK,--,2:23:19 PM,11/27/2025,
1125,93.5,gf,3.595,mm,OK,--,2:23:19 PM,11/27/2025,
1126,92.6,gf,3.595,mm,OK,--,2:23:19 PM,11/27/2025,
1127,91.5,gf,3.590,mm,OK,--,2:23:19 PM,11/27/2025,
1128,90.4,gf,3.585,mm,OK,--,2:23:19 PM,11/27/2025,
1129,89.4,gf,3.585,mm,OK,--,2:23:19 PM,11/27/2025,
1130,88.4,gf,3.580,mm,OK,--,2:23:19 PM,11/27/2025,
1131,87.4,gf,3.575,mm,OK,--,2:23:19 PM,11/27/2025,
1132,86.5,gf,3.575,mm,OK,--,2:23:20 PM,11/27/2025,
1133,85.8,gf,3.570,mm,OK,--,2:23:20 PM,11/27/2025,
1134,85.1,gf,3.570,mm,OK,--,2:23:20 PM,11/27/2025,
1135,84.1,gf,3.565,mm,OK,--,2:23:20 PM,11/27/2025,
1136,83.1,gf,3.560,mm,OK,--,2:23:20 PM,11/27/2025,
1137,82.4,gf,3.560,mm,OK,--,2:23:20 PM,11/27/2025,
1138,81.8,gf,3.555,mm,OK,--,2:23:20 PM,11/27/2025,
1139,81.2,gf,3.555,mm,OK,--,2:23:20 PM,11/27/2025,
1140,80.5,gf,3.555,mm,OK,--,2:23:20 PM,11/27/2025,
1141,79.7,gf,3.550,mm,OK,--,2:23:20 PM,11/27/2025,
1142,78.8,gf,3.545,mm,OK,--,2:23:21 PM,11/27/2025,
1143,77.6,gf,3.545,mm,OK,--,2:23:21 PM,11/27/2025,
1144,76.1,gf,3.540,mm,OK,--,2:23:21 PM,11/27/2025,
1145,74.7,gf,3.535,mm,OK,--,2:23:21 PM,11/27/2025,
1146,73.6,gf,3.530,mm,OK,--,2:23:21 PM,11/27/2025,
1147,72.4,gf,3.525,mm,OK,--,2:23:21 PM,11/27/2025,
1148,71.3,gf,3.520,mm,OK,--,2:23:21 PM,11/27/2025,
1149,70.5,gf,3.515,mm,OK,--,2:23:21 PM,11/27/2025,
1150,69.9,gf,3.515,mm,OK,--,2:23:21 PM,11/27/2025,
1151,69.3,gf,3.510,mm,OK,--,2:23:21 PM,11/27/2025,
1152,68.7,gf,3.510,mm,OK,--,2:23:22 PM,11/27/2025,
1153,68.1,gf,3.505,mm,OK,--,2:23:22 PM,11/27/2025,
1154,67.4,gf,3.505,mm,OK,--,2:23:22 PM,11/27/2025,
1155,66.7,gf,3.500,mm,OK,--,2:23:22 PM,11/27/2025,
1156,66.0,gf,3.500,mm,OK,--,2:23:22 PM,11/27/2025,
1157,65.3,gf,3.495,mm,OK,--,2:23:22 PM,11/27/2025,
1158,64.7,gf,3.495,mm,OK,--,2:23:22 PM,11/27/2025,
1159,64.0,gf,3.490,mm,OK,--,2:23:22 PM,11/27/2025,
1160,63.3,gf,3.490,mm,OK,--,2:23:22 PM,11/27/2025,
1161,62.4,gf,3.485,mm,OK,--,2:23:22 PM,11/27/2025,
1162,61.6,gf,3.480,mm,OK,--,2:23:23 PM,11/27/2025,
1163,61.0,gf,3.480,mm,OK,--,2:23:23 PM,11/27/2025,
1164,60.4,gf,3.475,mm,OK,--,2:23:23 PM,11/27/2025,
1165,59.9,gf,3.475,mm,OK,--,2:23:23 PM,11/27/2025,
1166,59.6,gf,3.475,mm,OK,--,2:23:23 PM,11/27/2025,
1167,59.3,gf,3.470,mm,OK,--,2:23:23 PM,11/27/2025,
1168,59.0,gf,3.470,mm,OK,--,2:23:23 PM,11/27/2025,
1169,58.4,gf,3.470,mm,OK,--,2:23:23 PM,11/27/2025,
1170,57.8,gf,3.465,mm,OK,--,2:23:23 PM,11/27/2025,
1171,57.2,gf,3.465,mm,OK,--,2:23:23 PM,11/27/2025,
1172,56.6,gf,3.460,mm,OK,--,2:23:24 PM,11/27/2025,
1173,56.2,gf,3.460,mm,OK,--,2:23:24 PM,11/27/2025,
1174,55.8,gf,3.460,mm,OK,--,2:23:24 PM,11/27/2025,
1175,55.3,gf,3.455,mm,OK,--,2:23:24 PM,11/27/2025,
1176,55.0,gf,3.455,mm,OK,--,2:23:24 PM,11/27/2025,
1177,54.7,gf,3.455,mm,OK,--,2:23:24 PM,11/27/2025,
1178,54.2,gf,3.450,mm,OK,--,2:23:24 PM,11/27/2025,
1179,53.7,gf,3.450,mm,OK,--,2:23:24 PM,11/27/2025,
1180,53.6,gf,3.450,mm,OK,--,2:23:24 PM,11/27/2025,
1181,53.3,gf,3.445,mm,OK,--,2:23:24 PM,11/27/2025,
1182,52.9,gf,3.445,mm,OK,--,2:23:25 PM,11/27/2025,
1183,52.6,gf,3.445,mm,OK,--,2:23:25 PM,11/27/2025,
1184,52.3,gf,3.440,mm,OK,--,2:23:25 PM,11/27/2025,
1185,51.9,gf,3.440,mm,OK,--,2:23:25 PM,11/27/2025,
1186,51.4,gf,3.435,mm,OK,--,2:23:25 PM,11/27/2025,
1187,50.9,gf,3.430,mm,OK,--,2:23:25 PM,11/27/2025,
1188,50.3,gf,3.430,mm,OK,--,2:23:25 PM,11/27/2025,
1189,49.9,gf,3.425,mm,OK,--,2:23:25 PM,11/27/2025,
1190,49.5,gf,3.420,mm,OK,--,2:23:25 PM,11/27/2025,
1191,49.1,gf,3.420,mm,OK,--,2:23:25 PM,11/27/2025,
1192,48.8,gf,3.415,mm,OK,--,2:23:26 PM,11/27/2025,
1193,48.5,gf,3.415,mm,OK,--,2:23:26 PM,11/27/2025,
1194,48.2,gf,3.410,mm,OK,--,2:23:26 PM,11/27/2025,
1195,47.7,gf,3.410,mm,OK,--,2:23:26 PM,11/27/2025,
1196,47.2,gf,3.405,mm,OK,--,2:23:26 PM,11/27/2025,
1197,47.0,gf,3.405,mm,OK,--,2:23:26 PM,11/27/2025,
1198,46.6,gf,3.400,mm,OK,--,2:23:26 PM,11/27/2025,
1199,46.4,gf,3.400,mm,OK,--,2:23:26 PM,11/27/2025,
1200,46.1,gf,3.395,mm,OK,--,2:23:26 PM,11/27/2025,
1201,45.9,gf,3.395,mm,OK,--,2:23:26 PM,11/27/2025,
1202,45.5,gf,3.390,mm,OK,--,2:23:27 PM,11/27/2025,
1203,45.1,gf,3.390,mm,OK,--,2:23:27 PM,11/27/2025,
1204,44.6,gf,3.385,mm,OK,--,2:23:27 PM,11/27/2025,
1205,44.3,gf,3.380,mm,OK,--,2:23:27 PM,11/27/2025,
1206,44.4,gf,3.375,mm,OK,--,2:23:27 PM,11/27/2025,
1207,44.4,gf,3.375,mm,OK,--,2:23:27 PM,11/27/2025,
1208,44.5,gf,3.370,mm,OK,--,2:23:27 PM,11/27/2025,
1209,44.5,gf,3.365,mm,OK,--,2:23:27 PM,11/27/2025,
1210,44.5,gf,3.365,mm,OK,--,2:23:27 PM,11/27/2025,
1211,44.5,gf,3.360,mm,OK,--,2:23:27 PM,11/27/2025,
1212,44.5,gf,3.355,mm,OK,--,2:23:28 PM,11/27/2025,
1213,44.5,gf,3.355,mm,OK,--,2:23:28 PM,11/27/2025,
1214,44.5,gf,3.350,mm,OK,--,2:23:28 PM,11/27/2025,
1215,44.6,gf,3.345,mm,OK,--,2:23:28 PM,11/27/2025,
1216,44.5,gf,3.340,mm,OK,--,2:23:28 PM,11/27/2025,
1217,44.5,gf,3.335,mm,OK,--,2:23:28 PM,11/27/2025,
1218,44.5,gf,3.335,mm,OK,--,2:23:28 PM,11/27/2025,
1219,44.5,gf,3.330,mm,OK,--,2:23:28 PM,11/27/2025,
1220,44.5,gf,3.325,mm,OK,--,2:23:28 PM,11/27/2025,
1221,44.5,gf,3.320,mm,OK,--,2:23:28 PM,11/27/2025,
1222,44.4,gf,3.310,mm,OK,--,2:23:29 PM,11/27/2025,
1223,44.4,gf,3.305,mm,OK,--,2:23:29 PM,11/27/2025,
1224,44.4,gf,3.300,mm,OK,--,2:23:29 PM,11/27/2025,
1225,44.3,gf,3.290,mm,OK,--,2:23:29 PM,11/27/2025,
1226,44.3,gf,3.285,mm,OK,--,2:23:29 PM,11/27/2025,
1227,44.3,gf,3.280,mm,OK,--,2:23:29 PM,11/27/2025,
1228,44.2,gf,3.270,mm,OK,--,2:23:29 PM,11/27/2025,
1229,44.0,gf,3.260,mm,OK,--,2:23:29 PM,11/27/2025,
1230,44.0,gf,3.245,mm,OK,--,2:23:29 PM,11/27/2025,
1231,44.0,gf,3.235,mm,OK,--,2:23:29 PM,11/27/2025,
1232,43.9,gf,3.225,mm,OK,--,2:23:30 PM,11/27/2025,
1233,43.9,gf,3.215,mm,OK,--,2:23:30 PM,11/27/2025,
1234,43.9,gf,3.205,mm,OK,--,2:23:30 PM,11/27/2025,
1235,44.0,gf,3.200,mm,OK,--,2:23:30 PM,11/27/2025,
1236,44.0,gf,3.200,mm,OK,--,2:23:30 PM,11/27/2025,
1237,44.0,gf,3.195,mm,OK,--,2:23:30 PM,11/27/2025,
1238,44.0,gf,3.190,mm,OK,--,2:23:30 PM,11/27/2025,
1239,44.0,gf,3.185,mm,OK,--,2:23:30 PM,11/27/2025,
1240,44.0,gf,3.180,mm,OK,--,2:23:30 PM,11/27/2025,
1241,44.0,gf,3.175,mm,OK,--,2:23:30 PM,11/27/2025,
1242,44.0,gf,3.170,mm,OK,--,2:23:31 PM,11/27/2025,
1243,44.0,gf,3.165,mm,OK,--,2:23:31 PM,11/27/2025,
1244,43.9,gf,3.160,mm,OK,--,2:23:31 PM,11/27/2025,
1245,43.8,gf,3.150,mm,OK,--,2:23:31 PM,11/27/2025,
1246,43.8,gf,3.135,mm,OK,--,2:23:31 PM,11/27/2025,
1247,43.8,gf,3.120,mm,OK,--,2:23:31 PM,11/27/2025,
1248,43.7,gf,3.105,mm,OK,--,2:23:31 PM,11/27/2025,
1249,43.8,gf,3.095,mm,OK,--,2:23:31 PM,11/27/2025,
1250,43.8,gf,3.085,mm,OK,--,2:23:31 PM,11/27/2025,
1251,43.8,gf,3.075,mm,OK,--,2:23:31 PM,11/27/2025,
1252,43.8,gf,3.065,mm,OK,--,2:23:32 PM,11/27/2025,
1253,43.8,gf,3.055,mm,OK,--,2:23:32 PM,11/27/2025,
1254,43.8,gf,3.050,mm,OK,--,2:23:32 PM,11/27/2025,
1255,43.7,gf,3.040,mm,OK,--,2:23:32 PM,11/27/2025,
1256,43.7,gf,3.025,mm,OK,--,2:23:32 PM,11/27/2025,
1257,43.6,gf,3.015,mm,OK,--,2:23:32 PM,11/27/2025,
1258,43.6,gf,3.005,mm,OK,--,2:23:32 PM,11/27/2025,
1259,43.6,gf,2.995,mm,OK,--,2:23:32 PM,11/27/2025,
1260,43.5,gf,2.990,mm,OK,--,2:23:32 PM,11/27/2025,
1261,43.5,gf,2.980,mm,OK,--,2:23:32 PM,11/27/2025,
1262,43.5,gf,2.975,mm,OK,--,2:23:33 PM,11/27/2025,
1263,43.5,gf,2.965,mm,OK,--,2:23:33 PM,11/27/2025,
1264,43.5,gf,2.960,mm,OK,--,2:23:33 PM,11/27/2025,
1265,43.4,gf,2.950,mm,OK,--,2:23:33 PM,11/27/2025,
1266,43.4,gf,2.945,mm,OK,--,2:23:33 PM,11/27/2025,
1267,43.4,gf,2.940,mm,OK,--,2:23:33 PM,11/27/2025,
1268,43.4,gf,2.940,mm,OK,--,2:23:33 PM,11/27/2025,
1269,43.4,gf,2.935,mm,OK,--,2:23:33 PM,11/27/2025,
1270,43.4,gf,2.930,mm,OK,--,2:23:33 PM,11/27/2025,
1271,43.3,gf,2.930,mm,OK,--,2:23:33 PM,11/27/2025,
1272,43.3,gf,2.925,mm,OK,--,2:23:34 PM,11/27/2025,
1273,43.3,gf,2.925,mm,OK,--,2:23:34 PM,11/27/2025,
1274,43.3,gf,2.920,mm,OK,--,2:23:34 PM,11/27/2025,
1275,43.3,gf,2.915,mm,OK,--,2:23:34 PM,11/27/2025,
1276,43.2,gf,2.910,mm,OK,--,2:23:34 PM,11/27/2025,
1277,43.2,gf,2.905,mm,OK,--,2:23:34 PM,11/27/2025,
1278,43.2,gf,2.900,mm,OK,--,2:23:34 PM,11/27/2025,
1279,43.2,gf,2.900,mm,OK,--,2:23:34 PM,11/27/2025,
1280,43.1,gf,2.895,mm,OK,--,2:23:34 PM,11/27/2025,
1281,43.1,gf,2.885,mm,OK,--,2:23:34 PM,11/27/2025,
1282,43.0,gf,2.880,mm,OK,--,2:23:35 PM,11/27/2025,
1283,43.0,gf,2.870,mm,OK,--,2:23:35 PM,11/27/2025,
1284,43.0,gf,2.860,mm,OK,--,2:23:35 PM,11/27/2025,
1285,43.0,gf,2.850,mm,OK,--,2:23:35 PM,11/27/2025,
1286,43.0,gf,2.845,mm,OK,--,2:23:35 PM,11/27/2025,
1287,42.9,gf,2.840,mm,OK,--,2:23:35 PM,11/27/2025,
1288,42.9,gf,2.835,mm,OK,--,2:23:35 PM,11/27/2025,
1289,42.9,gf,2.830,mm,OK,--,2:23:35 PM,11/27/2025,
1290,42.9,gf,2.825,mm,OK,--,2:23:35 PM,11/27/2025,
1291,42.8,gf,2.825,mm,OK,--,2:23:35 PM,11/27/2025,
1292,42.8,gf,2.820,mm,OK,--,2:23:36 PM,11/27/2025,
1293,42.7,gf,2.810,mm,OK,--,2:23:36 PM,11/27/2025,
1294,42.7,gf,2.800,mm,OK,--,2:23:36 PM,11/27/2025,
1295,42.7,gf,2.795,mm,OK,--,2:23:36 PM,11/27/2025,
1296,42.7,gf,2.785,mm,OK,--,2:23:36 PM,11/27/2025,
1297,42.6,gf,2.780,mm,OK,--,2:23:36 PM,11/27/2025,
1298,42.6,gf,2.775,mm,OK,--,2:23:36 PM,11/27/2025,
1299,42.6,gf,2.765,mm,OK,--,2:23:36 PM,11/27/2025,
1300,42.5,gf,2.760,mm,OK,--,2:23:36 PM,11/27/2025,
1301,42.5,gf,2.750,mm,OK,--,2:23:36 PM,11/27/2025,
1302,42.4,gf,2.740,mm,OK,--,2:23:37 PM,11/27/2025,
1303,42.4,gf,2.735,mm,OK,--,2:23:37 PM,11/27/2025,
1304,42.3,gf,2.725,mm,OK,--,2:23:37 PM,11/27/2025,
1305,42.4,gf,2.720,mm,OK,--,2:23:37 PM,11/27/2025,
1306,42.4,gf,2.720,mm,OK,--,2:23:37 PM,11/27/2025,
1307,42.4,gf,2.715,mm,OK,--,2:23:37 PM,11/27/2025,
1308,42.3,gf,2.710,mm,OK,--,2:23:37 PM,11/27/2025,
1309,42.3,gf,2.705,mm,OK,--,2:23:37 PM,11/27/2025,
1310,42.3,gf,2.705,mm,OK,--,2:23:37 PM,11/27/2025,
1311,42.3,gf,2.700,mm,OK,--,2:23:37 PM,11/27/2025,
1312,42.3,gf,2.695,mm,OK,--,2:23:38 PM,11/27/2025,
1313,42.2,gf,2.690,mm,OK,--,2:23:38 PM,11/27/2025,
1314,42.2,gf,2.685,mm,OK,--,2:23:38 PM,11/27/2025,
1315,42.2,gf,2.680,mm,OK,--,2:23:38 PM,11/27/2025,
1316,42.2,gf,2.675,mm,OK,--,2:23:38 PM,11/27/2025,
1317,42.1,gf,2.670,mm,OK,--,2:23:38 PM,11/27/2025,
1318,42.1,gf,2.665,mm,OK,--,2:23:38 PM,11/27/2025,
1319,42.1,gf,2.665,mm,OK,--,2:23:38 PM,11/27/2025,
1320,42.1,gf,2.660,mm,OK,--,2:23:38 PM,11/27/2025,
1321,42.1,gf,2.660,mm,OK,--,2:23:38 PM,11/27/2025,
1322,42.1,gf,2.655,mm,OK,--,2:23:39 PM,11/27/2025,
1323,42.1,gf,2.650,mm,OK,--,2:23:39 PM,11/27/2025,
1324,42.0,gf,2.645,mm,OK,--,2:23:39 PM,11/27/2025,
1325,42.0,gf,2.645,mm,OK,--,2:23:39 PM,11/27/2025,
1326,41.9,gf,2.640,mm,OK,--,2:23:39 PM,11/27/2025,
1327,41.9,gf,2.635,mm,OK,--,2:23:39 PM,11/27/2025,
1328,41.9,gf,2.630,mm,OK,--,2:23:39 PM,11/27/2025,
1329,41.9,gf,2.625,mm,OK,--,2:23:39 PM,11/27/2025,
1330,41.8,gf,2.615,mm,OK,--,2:23:39 PM,11/27/2025,
1331,41.9,gf,2.610,mm,OK,--,2:23:39 PM,11/27/2025,
1332,41.9,gf,2.605,mm,OK,--,2:23:40 PM,11/27/2025,
1333,41.8,gf,2.600,mm,OK,--,2:23:40 PM,11/27/2025,
1334,41.8,gf,2.600,mm,OK,--,2:23:40 PM,11/27/2025,
1335,41.8,gf,2.590,mm,OK,--,2:23:40 PM,11/27/2025,
1336,41.8,gf,2.580,mm,OK,--,2:23:40 PM,11/27/2025,
1337,41.7,gf,2.575,mm,OK,--,2:23:40 PM,11/27/2025,
1338,41.6,gf,2.565,mm,OK,--,2:23:40 PM,11/27/2025,
1339,41.6,gf,2.555,mm,OK,--,2:23:40 PM,11/27/2025,
1340,41.6,gf,2.545,mm,OK,--,2:23:40 PM,11/27/2025,
1341,41.6,gf,2.535,mm,OK,--,2:23:40 PM,11/27/2025,
1342,41.6,gf,2.530,mm,OK,--,2:23:41 PM,11/27/2025,
1343,41.6,gf,2.525,mm,OK,--,2:23:41 PM,11/27/2025,
1344,41.5,gf,2.520,mm,OK,--,2:23:41 PM,11/27/2025,
1345,41.4,gf,2.515,mm,OK,--,2:23:41 PM,11/27/2025,
1346,41.4,gf,2.510,mm,OK,--,2:23:41 PM,11/27/2025,
1347,41.3,gf,2.500,mm,OK,--,2:23:41 PM,11/27/2025,
1348,41.3,gf,2.495,mm,OK,--,2:23:41 PM,11/27/2025,
1349,41.3,gf,2.490,mm,OK,--,2:23:41 PM,11/27/2025,
1350,41.2,gf,2.485,mm,OK,--,2:23:41 PM,11/27/2025,
1351,41.1,gf,2.475,mm,OK,--,2:23:41 PM,11/27/2025,
1352,41.1,gf,2.470,mm,OK,--,2:23:42 PM,11/27/2025,
1353,41.0,gf,2.460,mm,OK,--,2:23:42 PM,11/27/2025,
1354,40.9,gf,2.450,mm,OK,--,2:23:42 PM,11/27/2025,
1355,40.8,gf,2.440,mm,OK,--,2:23:42 PM,11/27/2025,
1356,40.8,gf,2.430,mm,OK,--,2:23:42 PM,11/27/2025,
1357,40.8,gf,2.425,mm,OK,--,2:23:42 PM,11/27/2025,
1358,40.8,gf,2.420,mm,OK,--,2:23:42 PM,11/27/2025,
1359,40.9,gf,2.415,mm,OK,--,2:23:42 PM,11/27/2025,
1360,40.9,gf,2.415,mm,OK,--,2:23:42 PM,11/27/2025,
1361,40.8,gf,2.410,mm,OK,--,2:23:42 PM,11/27/2025,
1362,40.8,gf,2.410,mm,OK,--,2:23:43 PM,11/27/2025,
1363,40.7,gf,2.405,mm,OK,--,2:23:43 PM,11/27/2025,
1364,40.6,gf,2.405,mm,OK,--,2:23:43 PM,11/27/2025,
1365,40.7,gf,2.400,mm,OK,--,2:23:43 PM,11/27/2025,
1366,40.8,gf,2.395,mm,OK,--,2:23:43 PM,11/27/2025,
1367,40.8,gf,2.395,mm,OK,--,2:23:43 PM,11/27/2025,
1368,40.8,gf,2.390,mm,OK,--,2:23:43 PM,11/27/2025,
1369,40.8,gf,2.390,mm,OK,--,2:23:43 PM,11/27/2025,
1370,40.8,gf,2.390,mm,OK,--,2:23:43 PM,11/27/2025,
1371,40.7,gf,2.390,mm,OK,--,2:23:43 PM,11/27/2025,
1372,40.7,gf,2.385,mm,OK,--,2:23:44 PM,11/27/2025,
1373,40.4,gf,2.380,mm,OK,--,2:23:44 PM,11/27/2025,
1374,40.3,gf,2.380,mm,OK,--,2:23:44 PM,11/27/2025,
1375,40.3,gf,2.375,mm,OK,--,2:23:44 PM,11/27/2025,
1376,40.3,gf,2.375,mm,OK,--,2:23:44 PM,11/27/2025,
1377,40.3,gf,2.375,mm,OK,--,2:23:44 PM,11/27/2025,
1378,40.2,gf,2.370,mm,OK,--,2:23:44 PM,11/27/2025,
1379,40.2,gf,2.370,mm,OK,--,2:23:44 PM,11/27/2025,
1380,40.3,gf,2.365,mm,OK,--,2:23:44 PM,11/27/2025,
1381,40.3,gf,2.365,mm,OK,--,2:23:44 PM,11/27/2025,
1382,40.3,gf,2.360,mm,OK,--,2:23:45 PM,11/27/2025,
1383,40.3,gf,2.355,mm,OK,--,2:23:45 PM,11/27/2025,
1384,40.3,gf,2.350,mm,OK,--,2:23:45 PM,11/27/2025,
1385,40.3,gf,2.345,mm,OK,--,2:23:45 PM,11/27/2025,
1386,40.3,gf,2.345,mm,OK,--,2:23:45 PM,11/27/2025,
1387,40.3,gf,2.340,mm,OK,--,2:23:45 PM,11/27/2025,
1388,40.3,gf,2.340,mm,OK,--,2:23:45 PM,11/27/2025,
1389,40.2,gf,2.335,mm,OK,--,2:23:45 PM,11/27/2025,
1390,40.2,gf,2.325,mm,OK,--,2:23:45 PM,11/27/2025,
1391,40.1,gf,2.320,mm,OK,--,2:23:45 PM,11/27/2025,
1392,40.0,gf,2.310,mm,OK,--,2:23:46 PM,11/27/2025,
1393,40.0,gf,2.300,mm,OK,--,2:23:46 PM,11/27/2025,
1394,40.1,gf,2.295,mm,OK,--,2:23:46 PM,11/27/2025,
1395,40.1,gf,2.285,mm,OK,--,2:23:46 PM,11/27/2025,
1396,40.3,gf,2.280,mm,OK,--,2:23:46 PM,11/27/2025,
1397,40.2,gf,2.275,mm,OK,--,2:23:46 PM,11/27/2025,
1398,40.2,gf,2.265,mm,OK,--,2:23:46 PM,11/27/2025,
1399,40.2,gf,2.255,mm,OK,--,2:23:46 PM,11/27/2025,
1400,40.2,gf,2.250,mm,OK,--,2:23:46 PM,11/27/2025,
1401,39.9,gf,2.240,mm,OK,--,2:23:46 PM,11/27/2025,
1402,39.8,gf,2.235,mm,OK,--,2:23:47 PM,11/27/2025,
1403,39.7,gf,2.230,mm,OK,--,2:23:47 PM,11/27/2025,
1404,39.9,gf,2.220,mm,OK,--,2:23:47 PM,11/27/2025,
1405,39.9,gf,2.215,mm,OK,--,2:23:47 PM,11/27/2025,
1406,39.9,gf,2.205,mm,OK,--,2:23:47 PM,11/27/2025,
1407,39.9,gf,2.200,mm,OK,--,2:23:47 PM,11/27/2025,
1408,39.9,gf,2.190,mm,OK,--,2:23:47 PM,11/27/2025,
1409,39.8,gf,2.185,mm,OK,--,2:23:47 PM,11/27/2025,
1410,39.7,gf,2.180,mm,OK,--,2:23:47 PM,11/27/2025,
1411,39.7,gf,2.175,mm,OK,--,2:23:47 PM,11/27/2025,
1412,39.7,gf,2.170,mm,OK,--,2:23:48 PM,11/27/2025,
1413,39.7,gf,2.165,mm,OK,--,2:23:48 PM,11/27/2025,
1414,39.6,gf,2.155,mm,OK,--,2:23:48 PM,11/27/2025,
1415,39.6,gf,2.140,mm,OK,--,2:23:48 PM,11/27/2025,
1416,39.6,gf,2.130,mm,OK,--,2:23:48 PM,11/27/2025,
1417,39.3,gf,2.120,mm,OK,--,2:23:48 PM,11/27/2025,
1418,39.4,gf,2.110,mm,OK,--,2:23:48 PM,11/27/2025,
1419,39.5,gf,2.100,mm,OK,--,2:23:48 PM,11/27/2025,
1420,39.5,gf,2.090,mm,OK,--,2:23:48 PM,11/27/2025,
1421,39.4,gf,2.080,mm,OK,--,2:23:48 PM,11/27/2025,
1422,39.4,gf,2.070,mm,OK,--,2:23:49 PM,11/27/2025,
1423,39.3,gf,2.060,mm,OK,--,2:23:49 PM,11/27/2025,
1424,39.3,gf,2.045,mm,OK,--,2:23:49 PM,11/27/2025,
1425,39.2,gf,2.035,mm,OK,--,2:23:49 PM,11/27/2025,
1426,39.1,gf,2.030,mm,OK,--,2:23:49 PM,11/27/2025,
1427,39.3,gf,2.020,mm,OK,--,2:23:49 PM,11/27/2025,
1428,39.2,gf,2.015,mm,OK,--,2:23:49 PM,11/27/2025,
1429,39.1,gf,2.010,mm,OK,--,2:23:49 PM,11/27/2025,
1430,39.0,gf,2.005,mm,OK,--,2:23:49 PM,11/27/2025,
1431,39.0,gf,2.000,mm,OK,--,2:23:49 PM,11/27/2025,
1432,39.0,gf,1.995,mm,OK,--,2:23:50 PM,11/27/2025,
1433,39.0,gf,1.990,mm,OK,--,2:23:50 PM,11/27/2025,
1434,39.0,gf,1.990,mm,OK,--,2:23:50 PM,11/27/2025,
1435,39.0,gf,1.985,mm,OK,--,2:23:50 PM,11/27/2025,
1436,39.0,gf,1.985,mm,OK,--,2:23:50 PM,11/27/2025,
1437,39.0,gf,1.980,mm,OK,--,2:23:50 PM,11/27/2025,
1438,38.9,gf,1.975,mm,OK,--,2:23:50 PM,11/27/2025,
1439,38.9,gf,1.975,mm,OK,--,2:23:50 PM,11/27/2025,
1440,39.0,gf,1.970,mm,OK,--,2:23:50 PM,11/27/2025,
1441,39.0,gf,1.965,mm,OK,--,2:23:50 PM,11/27/2025,
1442,38.9,gf,1.960,mm,OK,--,2:23:51 PM,11/27/2025,
1443,38.9,gf,1.955,mm,OK,--,2:23:51 PM,11/27/2025,
1444,38.9,gf,1.950,mm,OK,--,2:23:51 PM,11/27/2025,
1445,38.9,gf,1.940,mm,OK,--,2:23:51 PM,11/27/2025,
1446,38.8,gf,1.935,mm,OK,--,2:23:51 PM,11/27/2025,
1447,38.8,gf,1.930,mm,OK,--,2:23:51 PM,11/27/2025,
1448,38.7,gf,1.920,mm,OK,--,2:23:51 PM,11/27/2025,
1449,38.6,gf,1.915,mm,OK,--,2:23:51 PM,11/27/2025,
1450,38.6,gf,1.915,mm,OK,--,2:23:51 PM,11/27/2025,
1451,38.6,gf,1.910,mm,OK,--,2:23:51 PM,11/27/2025,
1452,38.6,gf,1.905,mm,OK,--,2:23:52 PM,11/27/2025,
1453,38.6,gf,1.900,mm,OK,--,2:23:52 PM,11/27/2025,
1454,38.6,gf,1.890,mm,OK,--,2:23:52 PM,11/27/2025,
1455,38.5,gf,1.880,mm,OK,--,2:23:52 PM,11/27/2025,
1456,38.2,gf,1.870,mm,OK,--,2:23:52 PM,11/27/2025,
1457,38.2,gf,1.860,mm,OK,--,2:23:52 PM,11/27/2025,
1458,38.2,gf,1.850,mm,OK,--,2:23:52 PM,11/27/2025,
1459,38.4,gf,1.840,mm,OK,--,2:23:52 PM,11/27/2025,
1460,38.2,gf,1.830,mm,OK,--,2:23:52 PM,11/27/2025,
1461,38.0,gf,1.820,mm,OK,--,2:23:52 PM,11/27/2025,
1462,38.1,gf,1.805,mm,OK,--,2:23:53 PM,11/27/2025,
1463,38.0,gf,1.800,mm,OK,--,2:23:53 PM,11/27/2025,
1464,38.0,gf,1.790,mm,OK,--,2:23:53 PM,11/27/2025,
1465,37.8,gf,1.785,mm,OK,--,2:23:53 PM,11/27/2025,
1466,37.9,gf,1.775,mm,OK,--,2:23:53 PM,11/27/2025,
1467,37.8,gf,1.770,mm,OK,--,2:23:53 PM,11/27/2025,
1468,37.8,gf,1.765,mm,OK,--,2:23:53 PM,11/27/2025,
1469,37.7,gf,1.755,mm,OK,--,2:23:53 PM,11/27/2025,
1470,37.5,gf,1.745,mm,OK,--,2:23:53 PM,11/27/2025,
1471,37.3,gf,1.730,mm,OK,--,2:23:53 PM,11/27/2025,
1472,37.3,gf,1.720,mm,OK,--,2:23:54 PM,11/27/2025,
1473,37.5,gf,1.710,mm,OK,--,2:23:54 PM,11/27/2025,
1474,37.6,gf,1.700,mm,OK,--,2:23:54 PM,11/27/2025,
1475,37.6,gf,1.690,mm,OK,--,2:23:54 PM,11/27/2025,
1476,37.7,gf,1.675,mm,OK,--,2:23:54 PM,11/27/2025,
1477,37.3,gf,1.670,mm,OK,--,2:23:54 PM,11/27/2025,
1478,37.2,gf,1.655,mm,OK,--,2:23:54 PM,11/27/2025,
1479,36.9,gf,1.640,mm,OK,--,2:23:54 PM,11/27/2025,
1480,35.9,gf,1.625,mm,OK,--,2:23:54 PM,11/27/2025,
1481,35.9,gf,1.615,mm,OK,--,2:23:54 PM,11/27/2025,
1482,36.3,gf,1.610,mm,OK,--,2:23:55 PM,11/27/2025,
1483,36.8,gf,1.595,mm,OK,--,2:23:55 PM,11/27/2025,
1484,36.9,gf,1.585,mm,OK,--,2:23:55 PM,11/27/2025,
1485,37.2,gf,1.575,mm,OK,--,2:23:55 PM,11/27/2025,
1486,37.4,gf,1.570,mm,OK,--,2:23:55 PM,11/27/2025,
1487,37.3,gf,1.565,mm,OK,--,2:23:55 PM,11/27/2025,
1488,37.0,gf,1.560,mm,OK,--,2:23:55 PM,11/27/2025,
1489,36.9,gf,1.555,mm,OK,--,2:23:55 PM,11/27/2025,
1490,36.9,gf,1.550,mm,OK,--,2:23:55 PM,11/27/2025,
1491,36.8,gf,1.540,mm,OK,--,2:23:55 PM,11/27/2025,
1492,36.7,gf,1.535,mm,OK,--,2:23:56 PM,11/27/2025,
1493,36.8,gf,1.525,mm,OK,--,2:23:56 PM,11/27/2025,
1494,36.7,gf,1.515,mm,OK,--,2:23:56 PM,11/27/2025,
1495,36.8,gf,1.505,mm,OK,--,2:23:56 PM,11/27/2025,
1496,37.2,gf,1.495,mm,OK,--,2:23:56 PM,11/27/2025,
1497,36.7,gf,1.490,mm,OK,--,2:23:56 PM,11/27/2025,
1498,36.5,gf,1.480,mm,OK,--,2:23:56 PM,11/27/2025,
1499,36.3,gf,1.470,mm,OK,--,2:23:56 PM,11/27/2025,
1500,36.3,gf,1.460,mm,OK,--,2:23:56 PM,11/27/2025,
1501,36.3,gf,1.455,mm,OK,--,2:23:56 PM,11/27/2025,
1502,36.4,gf,1.445,mm,OK,--,2:23:57 PM,11/27/2025,
1503,36.4,gf,1.440,mm,OK,--,2:23:57 PM,11/27/2025,
1504,36.5,gf,1.435,mm,OK,--,2:23:57 PM,11/27/2025,
1505,36.5,gf,1.435,mm,OK,--,2:23:57 PM,11/27/2025,
1506,36.6,gf,1.430,mm,OK,--,2:23:57 PM,11/27/2025,
1507,36.6,gf,1.425,mm,OK,--,2:23:57 PM,11/27/2025,
1508,36.6,gf,1.420,mm,OK,--,2:23:57 PM,11/27/2025,
1509,36.6,gf,1.415,mm,OK,--,2:23:57 PM,11/27/2025,
1510,36.7,gf,1.410,mm,OK,--,2:23:57 PM,11/27/2025,
1511,36.8,gf,1.410,mm,OK,--,2:23:57 PM,11/27/2025,
1512,36.9,gf,1.405,mm,OK,--,2:23:58 PM,11/27/2025,
1513,36.9,gf,1.400,mm,OK,--,2:23:58 PM,11/27/2025,
1514,36.8,gf,1.395,mm,OK,--,2:23:58 PM,11/27/2025,
1515,36.8,gf,1.390,mm,OK,--,2:23:58 PM,11/27/2025,
1516,36.6,gf,1.380,mm,OK,--,2:23:58 PM,11/27/2025,
1517,36.0,gf,1.370,mm,OK,--,2:23:58 PM,11/27/2025,
1518,35.8,gf,1.360,mm,OK,--,2:23:58 PM,11/27/2025,
1519,35.7,gf,1.355,mm,OK,--,2:23:58 PM,11/27/2025,
1520,35.8,gf,1.350,mm,OK,--,2:23:58 PM,11/27/2025,
1521,35.8,gf,1.345,mm,OK,--,2:23:58 PM,11/27/2025,
1522,35.9,gf,1.335,mm,OK,--,2:23:59 PM,11/27/2025,
1523,36.0,gf,1.330,mm,OK,--,2:23:59 PM,11/27/2025,
1524,36.2,gf,1.325,mm,OK,--,2:23:59 PM,11/27/2025,
1525,36.2,gf,1.320,mm,OK,--,2:23:59 PM,11/27/2025,
1526,36.2,gf,1.315,mm,OK,--,2:23:59 PM,11/27/2025,
1527,36.0,gf,1.310,mm,OK,--,2:23:59 PM,11/27/2025,
1528,35.8,gf,1.305,mm,OK,--,2:23:59 PM,11/27/2025,
1529,35.6,gf,1.300,mm,OK,--,2:23:59 PM,11/27/2025,
1530,35.5,gf,1.295,mm,OK,--,2:23:59 PM,11/27/2025,
1531,35.6,gf,1.295,mm,OK,--,2:23:59 PM,11/27/2025,
1532,35.7,gf,1.290,mm,OK,--,2:24:00 PM,11/27/2025,
1533,35.7,gf,1.285,mm,OK,--,2:24:00 PM,11/27/2025,
1534,35.8,gf,1.280,mm,OK,--,2:24:00 PM,11/27/2025,
1535,35.8,gf,1.275,mm,OK,--,2:24:00 PM,11/27/2025,
1536,35.9,gf,1.270,mm,OK,--,2:24:00 PM,11/27/2025,
1537,35.9,gf,1.260,mm,OK,--,2:24:00 PM,11/27/2025,
1538,35.9,gf,1.255,mm,OK,--,2:24:00 PM,11/27/2025,
1539,35.8,gf,1.250,mm,OK,--,2:24:00 PM,11/27/2025,
1540,35.7,gf,1.245,mm,OK,--,2:24:00 PM,11/27/2025,
1541,35.6,gf,1.240,mm,OK,--,2:24:00 PM,11/27/2025,
1542,35.5,gf,1.240,mm,OK,--,2:24:01 PM,11/27/2025,
1543,35.4,gf,1.235,mm,OK,--,2:24:01 PM,11/27/2025,
1544,35.5,gf,1.230,mm,OK,--,2:24:01 PM,11/27/2025,
1545,35.5,gf,1.225,mm,OK,--,2:24:01 PM,11/27/2025,
1546,35.6,gf,1.215,mm,OK,--,2:24:01 PM,11/27/2025,
1547,35.6,gf,1.210,mm,OK,--,2:24:01 PM,11/27/2025,
1548,35.4,gf,1.200,mm,OK,--,2:24:01 PM,11/27/2025,
1549,35.2,gf,1.190,mm,OK,--,2:24:01 PM,11/27/2025,
1550,35.2,gf,1.185,mm,OK,--,2:24:01 PM,11/27/2025,
1551,35.3,gf,1.175,mm,OK,--,2:24:01 PM,11/27/2025,
1552,35.4,gf,1.170,mm,OK,--,2:24:02 PM,11/27/2025,
1553,35.5,gf,1.160,mm,OK,--,2:24:02 PM,11/27/2025,
1554,35.6,gf,1.155,mm,OK,--,2:24:02 PM,11/27/2025,
1555,35.6,gf,1.150,mm,OK,--,2:24:02 PM,11/27/2025,
1556,35.5,gf,1.145,mm,OK,--,2:24:02 PM,11/27/2025,
1557,35.5,gf,1.140,mm,OK,--,2:24:02 PM,11/27/2025,
1558,35.5,gf,1.140,mm,OK,--,2:24:02 PM,11/27/2025,
1559,35.5,gf,1.135,mm,OK,--,2:24:02 PM,11/27/2025,
1560,35.2,gf,1.130,mm,OK,--,2:24:02 PM,11/27/2025,
1561,35.2,gf,1.125,mm,OK,--,2:24:02 PM,11/27/2025,
1562,35.3,gf,1.120,mm,OK,--,2:24:03 PM,11/27/2025,
1563,35.3,gf,1.120,mm,OK,--,2:24:03 PM,11/27/2025,
1564,35.4,gf,1.120,mm,OK,--,2:24:03 PM,11/27/2025,
1565,35.3,gf,1.115,mm,OK,--,2:24:03 PM,11/27/2025,
1566,35.3,gf,1.115,mm,OK,--,2:24:03 PM,11/27/2025,
1567,35.3,gf,1.110,mm,OK,--,2:24:03 PM,11/27/2025,
1568,35.3,gf,1.110,mm,OK,--,2:24:03 PM,11/27/2025,
1569,35.3,gf,1.105,mm,OK,--,2:24:03 PM,11/27/2025,
1570,35.4,gf,1.095,mm,OK,--,2:24:03 PM,11/27/2025,
1571,35.4,gf,1.090,mm,OK,--,2:24:03 PM,11/27/2025,
1572,35.3,gf,1.090,mm,OK,--,2:24:04 PM,11/27/2025,
1573,35.0,gf,1.080,mm,OK,--,2:24:04 PM,11/27/2025,
1574,35.1,gf,1.070,mm,OK,--,2:24:04 PM,11/27/2025,
1575,35.2,gf,1.070,mm,OK,--,2:24:04 PM,11/27/2025,
1576,35.3,gf,1.065,mm,OK,--,2:24:04 PM,11/27/2025,
1577,35.2,gf,1.060,mm,OK,--,2:24:04 PM,11/27/2025,
1578,35.2,gf,1.055,mm,OK,--,2:24:04 PM,11/27/2025,
1579,35.2,gf,1.050,mm,OK,--,2:24:04 PM,11/27/2025,
1580,35.0,gf,1.050,mm,OK,--,2:24:04 PM,11/27/2025,
1581,35.0,gf,1.045,mm,OK,--,2:24:04 PM,11/27/2025,
1582,34.9,gf,1.040,mm,OK,--,2:24:05 PM,11/27/2025,
1583,34.9,gf,1.040,mm,OK,--,2:24:05 PM,11/27/2025,
1584,34.9,gf,1.035,mm,OK,--,2:24:05 PM,11/27/2025,
1585,35.0,gf,1.030,mm,OK,--,2:24:05 PM,11/27/2025,
1586,34.9,gf,1.020,mm,OK,--,2:24:05 PM,11/27/2025,
1587,34.7,gf,1.020,mm,OK,--,2:24:05 PM,11/27/2025,
1588,34.7,gf,1.015,mm,OK,--,2:24:05 PM,11/27/2025,
1589,34.6,gf,1.010,mm,OK,--,2:24:05 PM,11/27/2025,
1590,34.5,gf,1.010,mm,OK,--,2:24:05 PM,11/27/2025,
1591,34.5,gf,1.005,mm,OK,--,2:24:05 PM,11/27/2025,
1592,34.5,gf,1.000,mm,OK,--,2:24:06 PM,11/27/2025,
1593,34.4,gf,0.995,mm,OK,--,2:24:06 PM,11/27/2025,
1594,34.4,gf,0.995,mm,OK,--,2:24:06 PM,11/27/2025,
1595,34.4,gf,0.990,mm,OK,--,2:24:06 PM,11/27/2025,
1596,34.7,gf,0.985,mm,OK,--,2:24:06 PM,11/27/2025,
1597,34.8,gf,0.980,mm,OK,--,2:24:06 PM,11/27/2025,
1598,34.9,gf,0.980,mm,OK,--,2:24:06 PM,11/27/2025,
1599,34.9,gf,0.975,mm,OK,--,2:24:06 PM,11/27/2025,
1600,34.9,gf,0.975,mm,OK,--,2:24:06 PM,11/27/2025,
1601,34.8,gf,0.970,mm,OK,--,2:24:06 PM,11/27/2025,
1602,34.8,gf,0.965,mm,OK,--,2:24:07 PM,11/27/2025,
1603,34.8,gf,0.965,mm,OK,--,2:24:07 PM,11/27/2025,
1604,34.7,gf,0.965,mm,OK,--,2:24:07 PM,11/27/2025,
1605,34.6,gf,0.965,mm,OK,--,2:24:07 PM,11/27/2025,
1606,34.6,gf,0.960,mm,OK,--,2:24:07 PM,11/27/2025,
1607,34.6,gf,0.960,mm,OK,--,2:24:07 PM,11/27/2025,
1608,34.6,gf,0.955,mm,OK,--,2:24:07 PM,11/27/2025,
1609,34.5,gf,0.950,mm,OK,--,2:24:07 PM,11/27/2025,
1610,34.5,gf,0.950,mm,OK,--,2:24:07 PM,11/27/2025,
1611,34.5,gf,0.945,mm,OK,--,2:24:07 PM,11/27/2025,
1612,34.5,gf,0.940,mm,OK,--,2:24:08 PM,11/27/2025,
1613,34.4,gf,0.935,mm,OK,--,2:24:08 PM,11/27/2025,
1614,34.4,gf,0.930,mm,OK,--,2:24:08 PM,11/27/2025,
1615,34.3,gf,0.925,mm,OK,--,2:24:08 PM,11/27/2025,
1616,34.2,gf,0.920,mm,OK,--,2:24:08 PM,11/27/2025,
1617,34.1,gf,0.915,mm,OK,--,2:24:08 PM,11/27/2025,
1618,34.1,gf,0.910,mm,OK,--,2:24:08 PM,11/27/2025,
1619,34.1,gf,0.905,mm,OK,--,2:24:08 PM,11/27/2025,
1620,34.2,gf,0.905,mm,OK,--,2:24:08 PM,11/27/2025,
1621,34.3,gf,0.900,mm,OK,--,2:24:08 PM,11/27/2025,
1622,34.4,gf,0.895,mm,OK,--,2:24:09 PM,11/27/2025,
1623,34.3,gf,0.890,mm,OK,--,2:24:09 PM,11/27/2025,
1624,34.3,gf,0.885,mm,OK,--,2:24:09 PM,11/27/2025,
1625,34.2,gf,0.885,mm,OK,--,2:24:09 PM,11/27/2025,
1626,34.4,gf,0.880,mm,OK,--,2:24:09 PM,11/27/2025,
1627,34.5,gf,0.875,mm,OK,--,2:24:09 PM,11/27/2025,
1628,34.5,gf,0.870,mm,OK,--,2:24:09 PM,11/27/2025,
1629,34.5,gf,0.865,mm,OK,--,2:24:09 PM,11/27/2025,
1630,34.5,gf,0.865,mm,OK,--,2:24:09 PM,11/27/2025,
1631,34.4,gf,0.860,mm,OK,--,2:24:09 PM,11/27/2025,
1632,34.4,gf,0.860,mm,OK,--,2:24:10 PM,11/27/2025,
1633,34.3,gf,0.855,mm,OK,--,2:24:10 PM,11/27/2025,
1634,34.3,gf,0.850,mm,OK,--,2:24:10 PM,11/27/2025,
1635,34.3,gf,0.845,mm,OK,--,2:24:10 PM,11/27/2025,
1636,34.3,gf,0.845,mm,OK,--,2:24:10 PM,11/27/2025,
1637,34.3,gf,0.840,mm,OK,--,2:24:10 PM,11/27/2025,
1638,34.4,gf,0.835,mm,OK,--,2:24:10 PM,11/27/2025,
1639,34.4,gf,0.835,mm,OK,--,2:24:10 PM,11/27/2025,
1640,34.4,gf,0.830,mm,OK,--,2:24:10 PM,11/27/2025,
1641,34.3,gf,0.830,mm,OK,--,2:24:10 PM,11/27/2025,
1642,34.4,gf,0.825,mm,OK,--,2:24:11 PM,11/27/2025,
1643,34.4,gf,0.820,mm,OK,--,2:24:11 PM,11/27/2025,
1644,34.4,gf,0.815,mm,OK,--,2:24:11 PM,11/27/2025,
1645,34.3,gf,0.810,mm,OK,--,2:24:11 PM,11/27/2025,
1646,34.2,gf,0.805,mm,OK,--,2:24:11 PM,11/27/2025,
1647,34.2,gf,0.800,mm,OK,--,2:24:11 PM,11/27/2025,
1648,34.2,gf,0.795,mm,OK,--,2:24:11 PM,11/27/2025,
1649,34.2,gf,0.790,mm,OK,--,2:24:11 PM,11/27/2025,
1650,34.2,gf,0.785,mm,OK,--,2:24:11 PM,11/27/2025,
1651,34.1,gf,0.780,mm,OK,--,2:24:11 PM,11/27/2025,
1652,34.1,gf,0.775,mm,OK,--,2:24:12 PM,11/27/2025,
1653,34.1,gf,0.770,mm,OK,--,2:24:12 PM,11/27/2025,
1654,34.1,gf,0.765,mm,OK,--,2:24:12 PM,11/27/2025,
1655,34.1,gf,0.760,mm,OK,--,2:24:12 PM,11/27/2025,
1656,33.9,gf,0.755,mm,OK,--,2:24:12 PM,11/27/2025,
1657,33.9,gf,0.750,mm,OK,--,2:24:12 PM,11/27/2025,
1658,33.9,gf,0.745,mm,OK,--,2:24:12 PM,11/27/2025,
1659,33.9,gf,0.740,mm,OK,--,2:24:12 PM,11/27/2025,
1660,33.9,gf,0.730,mm,OK,--,2:24:12 PM,11/27/2025,
1661,33.9,gf,0.725,mm,OK,--,2:24:12 PM,11/27/2025,
1662,33.9,gf,0.720,mm,OK,--,2:24:13 PM,11/27/2025,
1663,33.9,gf,0.715,mm,OK,--,2:24:13 PM,11/27/2025,
1664,33.8,gf,0.710,mm,OK,--,2:24:13 PM,11/27/2025,
1665,33.9,gf,0.705,mm,OK,--,2:24:13 PM,11/27/2025,
1666,33.9,gf,0.700,mm,OK,--,2:24:13 PM,11/27/2025,
1667,34.0,gf,0.695,mm,OK,--,2:24:13 PM,11/27/2025,
1668,33.9,gf,0.690,mm,OK,--,2:24:13 PM,11/27/2025,
1669,33.9,gf,0.685,mm,OK,--,2:24:13 PM,11/27/2025,
1670,34.0,gf,0.685,mm,OK,--,2:24:13 PM,11/27/2025,
1671,34.0,gf,0.680,mm,OK,--,2:24:13 PM,11/27/2025,
1672,34.0,gf,0.680,mm,OK,--,2:24:14 PM,11/27/2025,
1673,34.0,gf,0.675,mm,OK,--,2:24:14 PM,11/27/2025,
1674,34.0,gf,0.675,mm,OK,--,2:24:14 PM,11/27/2025,
1675,34.0,gf,0.670,mm,OK,--,2:24:14 PM,11/27/2025,
1676,34.0,gf,0.665,mm,OK,--,2:24:14 PM,11/27/2025,
1677,34.0,gf,0.660,mm,OK,--,2:24:14 PM,11/27/2025,
1678,33.9,gf,0.650,mm,OK,--,2:24:14 PM,11/27/2025,
1679,33.9,gf,0.645,mm,OK,--,2:24:14 PM,11/27/2025,
1680,33.9,gf,0.640,mm,OK,--,2:24:14 PM,11/27/2025,
1681,33.9,gf,0.635,mm,OK,--,2:24:14 PM,11/27/2025,
1682,33.9,gf,0.635,mm,OK,--,2:24:15 PM,11/27/2025,
1683,33.9,gf,0.630,mm,OK,--,2:24:15 PM,11/27/2025,
1684,33.9,gf,0.630,mm,OK,--,2:24:15 PM,11/27/2025,
1685,33.9,gf,0.625,mm,OK,--,2:24:15 PM,11/27/2025,
1686,33.9,gf,0.620,mm,OK,--,2:24:15 PM,11/27/2025,
1687,33.9,gf,0.620,mm,OK,--,2:24:15 PM,11/27/2025,
1688,33.8,gf,0.615,mm,OK,--,2:24:15 PM,11/27/2025,
1689,33.7,gf,0.615,mm,OK,--,2:24:15 PM,11/27/2025,
1690,33.7,gf,0.610,mm,OK,--,2:24:15 PM,11/27/2025,
1691,33.7,gf,0.605,mm,OK,--,2:24:15 PM,11/27/2025,
1692,33.7,gf,0.605,mm,OK,--,2:24:16 PM,11/27/2025,
1693,33.6,gf,0.600,mm,OK,--,2:24:16 PM,11/27/2025,
1694,33.7,gf,0.595,mm,OK,--,2:24:16 PM,11/27/2025,
1695,33.7,gf,0.595,mm,OK,--,2:24:16 PM,11/27/2025,
1696,33.7,gf,0.590,mm,OK,--,2:24:16 PM,11/27/2025,
1697,33.7,gf,0.585,mm,OK,--,2:24:16 PM,11/27/2025,
1698,33.6,gf,0.585,mm,OK,--,2:24:16 PM,11/27/2025,
1699,33.6,gf,0.580,mm,OK,--,2:24:16 PM,11/27/2025,
1700,33.6,gf,0.580,mm,OK,--,2:24:16 PM,11/27/2025,
1701,33.5,gf,0.575,mm,OK,--,2:24:16 PM,11/27/2025,
1702,33.5,gf,0.570,mm,OK,--,2:24:17 PM,11/27/2025,
1703,33.5,gf,0.565,mm,OK,--,2:24:17 PM,11/27/2025,
1704,33.5,gf,0.560,mm,OK,--,2:24:17 PM,11/27/2025,
1705,33.5,gf,0.555,mm,OK,--,2:24:17 PM,11/27/2025,
1706,33.5,gf,0.550,mm,OK,--,2:24:17 PM,11/27/2025,
1707,33.5,gf,0.545,mm,OK,--,2:24:17 PM,11/27/2025,
1708,33.5,gf,0.540,mm,OK,--,2:24:17 PM,11/27/2025,
1709,33.5,gf,0.535,mm,OK,--,2:24:17 PM,11/27/2025,
1710,33.5,gf,0.530,mm,OK,--,2:24:17 PM,11/27/2025,
1711,33.5,gf,0.530,mm,OK,--,2:24:17 PM,11/27/2025,
1712,33.5,gf,0.525,mm,OK,--,2:24:18 PM,11/27/2025,
1713,33.5,gf,0.520,mm,OK,--,2:24:18 PM,11/27/2025,
1714,33.4,gf,0.520,mm,OK,--,2:24:18 PM,11/27/2025,
1715,33.3,gf,0.515,mm,OK,--,2:24:18 PM,11/27/2025,
1716,33.3,gf,0.510,mm,OK,--,2:24:18 PM,11/27/2025,
1717,33.2,gf,0.505,mm,OK,--,2:24:18 PM,11/27/2025,
1718,33.2,gf,0.505,mm,OK,--,2:24:18 PM,11/27/2025,
1719,33.2,gf,0.500,mm,OK,--,2:24:18 PM,11/27/2025,
1720,33.2,gf,0.495,mm,OK,--,2:24:18 PM,11/27/2025,
1721,33.2,gf,0.490,mm,OK,--,2:24:18 PM,11/27/2025,
1722,33.2,gf,0.485,mm,OK,--,2:24:19 PM,11/27/2025,
1723,33.2,gf,0.480,mm,OK,--,2:24:19 PM,11/27/2025,
1724,33.1,gf,0.475,mm,OK,--,2:24:19 PM,11/27/2025,
1725,33.1,gf,0.470,mm,OK,--,2:24:19 PM,11/27/2025,
1726,33.0,gf,0.460,mm,OK,--,2:24:19 PM,11/27/2025,
1727,33.2,gf,0.455,mm,OK,--,2:24:19 PM,11/27/2025,
1728,33.2,gf,0.450,mm,OK,--,2:24:19 PM,11/27/2025,
1729,33.1,gf,0.445,mm,OK,--,2:24:19 PM,11/27/2025,
1730,33.1,gf,0.440,mm,OK,--,2:24:19 PM,11/27/2025,
1731,33.0,gf,0.440,mm,OK,--,2:24:19 PM,11/27/2025,
1732,33.0,gf,0.435,mm,OK,--,2:24:20 PM,11/27/2025,
1733,33.0,gf,0.435,mm,OK,--,2:24:20 PM,11/27/2025,
1734,32.9,gf,0.430,mm,OK,--,2:24:20 PM,11/27/2025,
1735,32.9,gf,0.430,mm,OK,--,2:24:20 PM,11/27/2025,
1736,32.9,gf,0.425,mm,OK,--,2:24:20 PM,11/27/2025,
1737,32.9,gf,0.425,mm,OK,--,2:24:20 PM,11/27/2025,
1738,32.9,gf,0.420,mm,OK,--,2:24:20 PM,11/27/2025,
1739,32.9,gf,0.415,mm,OK,--,2:24:20 PM,11/27/2025,
1740,32.9,gf,0.410,mm,OK,--,2:24:20 PM,11/27/2025,
1741,32.9,gf,0.405,mm,OK,--,2:24:20 PM,11/27/2025,
1742,33.0,gf,0.400,mm,OK,--,2:24:21 PM,11/27/2025,
1743,33.0,gf,0.400,mm,OK,--,2:24:21 PM,11/27/2025,
1744,32.9,gf,0.395,mm,OK,--,2:24:21 PM,11/27/2025,
1745,32.9,gf,0.390,mm,OK,--,2:24:21 PM,11/27/2025,
1746,32.8,gf,0.385,mm,OK,--,2:24:21 PM,11/27/2025,
1747,32.7,gf,0.385,mm,OK,--,2:24:21 PM,11/27/2025,
1748,32.7,gf,0.380,mm,OK,--,2:24:21 PM,11/27/2025,
1749,32.6,gf,0.380,mm,OK,--,2:24:21 PM,11/27/2025,
1750,32.7,gf,0.375,mm,OK,--,2:24:21 PM,11/27/2025,
1751,32.6,gf,0.375,mm,OK,--,2:24:21 PM,11/27/2025,
1752,32.7,gf,0.370,mm,OK,--,2:24:22 PM,11/27/2025,
1753,32.7,gf,0.365,mm,OK,--,2:24:22 PM,11/27/2025,
1754,32.7,gf,0.360,mm,OK,--,2:24:22 PM,11/27/2025,
1755,32.7,gf,0.355,mm,OK,--,2:24:22 PM,11/27/2025,
1756,32.7,gf,0.355,mm,OK,--,2:24:22 PM,11/27/2025,
1757,32.7,gf,0.350,mm,OK,--,2:24:22 PM,11/27/2025,
1758,32.7,gf,0.345,mm,OK,--,2:24:22 PM,11/27/2025,
1759,32.7,gf,0.340,mm,OK,--,2:24:22 PM,11/27/2025,
1760,32.7,gf,0.335,mm,OK,--,2:24:22 PM,11/27/2025,
1761,32.6,gf,0.335,mm,OK,--,2:24:22 PM,11/27/2025,
1762,32.5,gf,0.330,mm,OK,--,2:24:23 PM,11/27/2025,
1763,32.5,gf,0.325,mm,OK,--,2:24:23 PM,11/27/2025,
1764,32.6,gf,0.320,mm,OK,--,2:24:23 PM,11/27/2025,
1765,32.5,gf,0.320,mm,OK,--,2:24:23 PM,11/27/2025,
1766,32.5,gf,0.315,mm,OK,--,2:24:23 PM,11/27/2025,
1767,32.6,gf,0.310,mm,OK,--,2:24:23 PM,11/27/2025,
1768,32.6,gf,0.310,mm,OK,--,2:24:23 PM,11/27/2025,
1769,32.6,gf,0.300,mm,OK,--,2:24:23 PM,11/27/2025,
1770,32.5,gf,0.295,mm,OK,--,2:24:23 PM,11/27/2025,
1771,32.5,gf,0.285,mm,OK,--,2:24:23 PM,11/27/2025,
1772,32.5,gf,0.280,mm,OK,--,2:24:24 PM,11/27/2025,
1773,32.5,gf,0.275,mm,OK,--,2:24:24 PM,11/27/2025,
1774,32.5,gf,0.275,mm,OK,--,2:24:24 PM,11/27/2025,
1775,32.6,gf,0.270,mm,OK,--,2:24:24 PM,11/27/2025,
1776,32.6,gf,0.265,mm,OK,--,2:24:24 PM,11/27/2025,
1777,32.6,gf,0.265,mm,OK,--,2:24:24 PM,11/27/2025,
1778,32.7,gf,0.260,mm,OK,--,2:24:24 PM,11/27/2025,
1779,32.7,gf,0.260,mm,OK,--,2:24:24 PM,11/27/2025,
1780,32.7,gf,0.255,mm,OK,--,2:24:24 PM,11/27/2025,
1781,32.6,gf,0.255,mm,OK,--,2:24:24 PM,11/27/2025,
1782,32.6,gf,0.250,mm,OK,--,2:24:25 PM,11/27/2025,
1783,32.5,gf,0.245,mm,OK,--,2:24:25 PM,11/27/2025,
1784,32.6,gf,0.235,mm,OK,--,2:24:25 PM,11/27/2025,
1785,32.6,gf,0.230,mm,OK,--,2:24:25 PM,11/27/2025,
1786,32.6,gf,0.220,mm,OK,--,2:24:25 PM,11/27/2025,
1787,32.5,gf,0.215,mm,OK,--,2:24:25 PM,11/27/2025,
1788,32.3,gf,0.210,mm,OK,--,2:24:25 PM,11/27/2025,
1789,32.3,gf,0.205,mm,OK,--,2:24:25 PM,11/27/2025,
1790,32.3,gf,0.200,mm,OK,--,2:24:25 PM,11/27/2025,
1791,32.3,gf,0.195,mm,OK,--,2:24:25 PM,11/27/2025,
1792,32.3,gf,0.190,mm,OK,--,2:24:26 PM,11/27/2025,
1793,32.2,gf,0.185,mm,OK,--,2:24:26 PM,11/27/2025,
1794,32.1,gf,0.180,mm,OK,--,2:24:26 PM,11/27/2025,
1795,32.0,gf,0.175,mm,OK,--,2:24:26 PM,11/27/2025,
1796,32.0,gf,0.170,mm,OK,--,2:24:26 PM,11/27/2025,
1797,32.0,gf,0.165,mm,OK,--,2:24:26 PM,11/27/2025,
1798,32.0,gf,0.165,mm,OK,--,2:24:26 PM,11/27/2025,
1799,32.0,gf,0.160,mm,OK,--,2:24:26 PM,11/27/2025,
1800,32.1,gf,0.155,mm,OK,--,2:24:26 PM,11/27/2025,
1801,32.1,gf,0.155,mm,OK,--,2:24:26 PM,11/27/2025,
1802,32.1,gf,0.150,mm,OK,--,2:24:27 PM,11/27/2025,
1803,32.0,gf,0.145,mm,OK,--,2:24:27 PM,11/27/2025,
1804,32.0,gf,0.140,mm,OK,--,2:24:27 PM,11/27/2025,
1805,32.0,gf,0.140,mm,OK,--,2:24:27 PM,11/27/2025,
1806,32.0,gf,0.135,mm,OK,--,2:24:27 PM,11/27/2025,
1807,32.0,gf,0.135,mm,OK,--,2:24:27 PM,11/27/2025,
1808,32.0,gf,0.130,mm,OK,--,2:24:27 PM,11/27/2025,
1809,32.0,gf,0.125,mm,OK,--,2:24:27 PM,11/27/2025,
1810,32.0,gf,0.120,mm,OK,--,2:24:27 PM,11/27/2025,
1811,32.1,gf,0.120,mm,OK,--,2:24:27 PM,11/27/2025,
1812,32.1,gf,0.115,mm,OK,--,2:24:28 PM,11/27/2025,
1813,31.7,gf,0.115,mm,OK,--,2:24:28 PM,11/27/2025,
1814,31.0,gf,0.110,mm,OK,--,2:24:28 PM,11/27/2025,
1815,30.0,gf,0.105,mm,OK,--,2:24:28 PM,11/27/2025,
1816,29.0,gf,0.105,mm,OK,--,2:24:28 PM,11/27/2025,
1817,27.6,gf,0.100,mm,OK,--,2:24:28 PM,11/27/2025,
1818,26.3,gf,0.095,mm,OK,--,2:24:28 PM,11/27/2025,
1819,24.9,gf,0.095,mm,OK,--,2:24:28 PM,11/27/2025,
1820,23.9,gf,0.090,mm,OK,--,2:24:28 PM,11/27/2025,
1821,22.8,gf,0.090,mm,OK,--,2:24:28 PM,11/27/2025,
1822,21.8,gf,0.090,mm,OK,--,2:24:29 PM,11/27/2025,
1823,20.1,gf,0.085,mm,OK,--,2:24:29 PM,11/27/2025,
1824,18.8,gf,0.080,mm,OK,--,2:24:29 PM,11/27/2025,
1825,16.9,gf,0.075,mm,OK,--,2:24:29 PM,11/27/2025,
1826,14.4,gf,0.070,mm,OK,--,2:24:29 PM,11/27/2025,
1827,11.2,gf,0.065,mm,OK,--,2:24:29 PM,11/27/2025,
1828,7.1,gf,0.055,mm,OK,--,2:24:29 PM,11/27/2025,
1829,1.8,gf,0.045,mm,OK,--,2:24:29 PM,11/27/2025,
1830,0.0,gf,0.030,mm,OK,--,2:24:29 PM,11/27/2025,
1831,-0.1,gf,0.020,mm,OK,--,2:24:29 PM,11/27/2025,
1832,0.0,gf,0.010,mm,OK,--,2:24:30 PM,11/27/2025,
1833,0.0,gf,0.005,mm,OK,--,2:24:30 PM,11/27/2025,
1834,0.0,gf,-0.005,mm,OK,--,2:24:30 PM,11/27/2025,
1835,0.0,gf,-0.010,mm,OK,--,2:24:30 PM,11/27/2025,
1836,0.0,gf,-0.015,mm,OK,--,2:24:30 PM,11/27/2025,
1837,0.0,gf,-0.020,mm,OK,--,2:24:30 PM,11/27/2025,
1838,0.0,gf,-0.030,mm,OK,--,2:24:30 PM,11/27/2025,
1839,0.0,gf,-0.030,mm,OK,--,2:24:30 PM,11/27/2025,
1840,-0.1,gf,-0.035,mm,OK,--,2:24:30 PM,11/27/2025,
1841,-0.1,gf,-0.035,mm,OK,--,2:24:30 PM,11/27/2025,
1842,0.0,gf,-0.035,mm,OK,--,2:24:31 PM,11/27/2025,
1843,0.0,gf,-0.035,mm,OK,--,2:24:31 PM,11/27/2025,
1844,0.0,gf,-0.035,mm,OK,--,2:24:31 PM,11/27/2025,
1845,0.1,gf,-0.035,mm,OK,--,2:24:31 PM,11/27/2025,
1846,0.0,gf,-0.035,mm,OK,--,2:24:31 PM,11/27/2025,
1847,0.0,gf,-0.035,mm,OK,--,2:24:31 PM,11/27/2025,
1848,0.0,gf,-0.035,mm,OK,--,2:24:31 PM,11/27/2025,
1849,0.0,gf,-0.030,mm,OK,--,2:24:31 PM,11/27/2025,
1850,0.0,gf,-0.025,mm,OK,--,2:24:31 PM,11/27/2025,
1851,0.0,gf,-0.025,mm,OK,--,2:24:31 PM,11/27/2025,
1852,0.0,gf,-0.020,mm,OK,--,2:24:32 PM,11/27/2025,
1853,0.0,gf,-0.015,mm,OK,--,2:24:32 PM,11/27/2025,
1854,0.0,gf,-0.015,mm,OK,--,2:24:32 PM,11/27/2025,
1855,-0.1,gf,-0.010,mm,OK,--,2:24:32 PM,11/27/2025,
1856,0.0,gf,-0.010,mm,OK,--,2:24:32 PM,11/27/2025,
1857,0.0,gf,-0.005,mm,OK,--,2:24:32 PM,11/27/2025,
1858,0.0,gf,-0.005,mm,OK,--,2:24:32 PM,11/27/2025,
1859,-0.1,gf,0.000,mm,OK,--,2:24:32 PM,11/27/2025,
1860,0.0,gf,0.000,mm,OK,--,2:24:32 PM,11/27/2025,
1861,0.0,gf,0.005,mm,OK,--,2:24:32 PM,11/27/2025,
1862,0.0,gf,0.005,mm,OK,--,2:24:33 PM,11/27/2025,
1863,0.0,gf,0.010,mm,OK,--,2:24:33 PM,11/27/2025,
1864,0.0,gf,0.010,mm,OK,--,2:24:33 PM,11/27/2025,
1865,0.0,gf,0.015,mm,OK,--,2:24:33 PM,11/27/2025,
1866,0.0,gf,0.015,mm,OK,--,2:24:33 PM,11/27/2025,
1867,0.0,gf,0.020,mm,OK,--,2:24:33 PM,11/27/2025,
1868,0.6,gf,0.020,mm,OK,--,2:24:33 PM,11/27/2025,
